w_value,epoch,iter,loss0,reg,loss,acc,srpq
0.001,1,1,0.119731,0.562651,0.682382,0.956055,5.696965e-01
0.001,1,2,0.125071,0.561267,0.686338,0.950439,5.704859e-01
0.001,1,3,0.109453,0.561589,0.671042,0.964881,5.703019e-01
0.001,2,1,0.115228,0.560771,0.675998,0.957520,5.707691e-01
0.001,2,2,0.110435,0.560108,0.670543,0.968994,5.711476e-01
0.001,2,3,0.108066,0.559327,0.667393,0.960417,5.715937e-01
0.001,3,1,0.099910,0.558887,0.658797,0.966064,5.718450e-01
0.001,3,2,0.101151,0.558792,0.659943,0.957275,5.718997e-01
0.001,3,3,0.103771,0.557894,0.661664,0.951190,5.724135e-01
0.001,4,1,0.100085,0.557720,0.657805,0.961182,5.725131e-01
0.001,4,2,0.100188,0.557104,0.657292,0.956299,5.728655e-01
0.001,4,3,0.100858,0.556613,0.657471,0.952679,5.731471e-01
0.001,5,1,0.094250,0.556470,0.650720,0.959473,5.732290e-01
0.001,5,2,0.091662,0.555627,0.647289,0.961426,5.737124e-01
0.001,5,3,0.094826,0.555374,0.650200,0.961905,5.738577e-01
0.001,6,1,0.092923,0.554966,0.647889,0.961182,5.740918e-01
0.001,6,2,0.092712,0.554332,0.647044,0.959717,5.744556e-01
0.001,6,3,0.092933,0.554500,0.647433,0.961012,5.743592e-01
0.001,7,1,0.092120,0.553560,0.645680,0.960449,5.748997e-01
0.001,7,2,0.087457,0.553378,0.640835,0.965576,5.750044e-01
0.001,7,3,0.091148,0.553501,0.644649,0.958333,5.749334e-01
0.001,8,1,0.088722,0.553226,0.641948,0.961426,5.750913e-01
0.001,8,2,0.088506,0.551904,0.640411,0.962646,5.758521e-01
0.001,8,3,0.088369,0.551826,0.640195,0.961607,5.758973e-01
0.001,9,1,0.088239,0.551443,0.639682,0.962402,5.761181e-01
0.001,9,2,0.092009,0.551375,0.643384,0.955078,5.761572e-01
0.001,9,3,0.089618,0.550511,0.640128,0.958929,5.766553e-01
0.001,10,1,0.088387,0.550214,0.638601,0.960693,5.768265e-01
0.001,10,2,0.086350,0.550078,0.636428,0.961914,5.769050e-01
0.001,10,3,0.089901,0.549488,0.639389,0.958036,5.772451e-01
0.001,11,1,0.085153,0.549201,0.634353,0.962646,5.774111e-01
0.001,11,2,0.086997,0.548655,0.635652,0.961670,5.777265e-01
0.001,11,3,0.084958,0.548374,0.633333,0.965179,5.778886e-01
0.001,12,1,0.087714,0.547883,0.635597,0.961182,5.781727e-01
0.001,12,2,0.084100,0.547400,0.631500,0.965088,5.784519e-01
0.001,12,3,0.088395,0.547378,0.635773,0.962500,5.784643e-01
0.001,13,1,0.086494,0.547081,0.633576,0.961914,5.786362e-01
0.001,13,2,0.087956,0.546286,0.634241,0.962646,5.790967e-01
0.001,13,3,0.086124,0.545808,0.631932,0.961607,5.793735e-01
0.001,14,1,0.086461,0.545752,0.632213,0.958496,5.794059e-01
0.001,14,2,0.083973,0.545747,0.629720,0.966797,5.794085e-01
0.001,14,3,0.083929,0.544522,0.628450,0.964881,5.801192e-01
0.001,15,1,0.084889,0.544477,0.629366,0.965088,5.801450e-01
0.001,15,2,0.080860,0.544604,0.625464,0.965576,5.800713e-01
0.001,15,3,0.087108,0.544074,0.631182,0.958631,5.803790e-01
0.001,16,1,0.084579,0.543799,0.628378,0.964844,5.805383e-01
0.001,16,2,0.083525,0.543526,0.627051,0.965576,5.806972e-01
0.001,16,3,0.087447,0.542806,0.630252,0.959821,5.811156e-01
0.001,17,1,0.084529,0.542401,0.626930,0.963135,5.813507e-01
0.001,17,2,0.084830,0.542682,0.627512,0.963623,5.811877e-01
0.001,17,3,0.083470,0.542093,0.625563,0.962798,5.815297e-01
0.001,18,1,0.082850,0.541915,0.624765,0.963623,5.816332e-01
0.001,18,2,0.079578,0.541400,0.620978,0.967773,5.819329e-01
0.001,18,3,0.084497,0.540765,0.625263,0.960714,5.823024e-01
0.001,19,1,0.081937,0.540547,0.622484,0.963623,5.824297e-01
0.001,19,2,0.080116,0.540307,0.620423,0.965576,5.825696e-01
0.001,19,3,0.082468,0.540249,0.622718,0.962202,5.826029e-01
0.001,20,1,0.080268,0.539761,0.620030,0.966064,5.828873e-01
0.001,20,2,0.081949,0.539504,0.621453,0.965088,5.830375e-01
0.001,20,3,0.083540,0.538730,0.622270,0.959226,5.834887e-01
0.001,21,1,0.082557,0.538702,0.621258,0.963623,5.835054e-01
0.001,21,2,0.082790,0.538508,0.621298,0.962402,5.836185e-01
0.001,21,3,0.077455,0.537900,0.615355,0.966964,5.839735e-01
0.001,22,1,0.078420,0.537696,0.616116,0.965820,5.840926e-01
0.001,22,2,0.081113,0.537268,0.618381,0.963135,5.843424e-01
0.001,22,3,0.078601,0.537372,0.615973,0.963690,5.842820e-01
0.001,23,1,0.077158,0.537292,0.614450,0.963867,5.843286e-01
0.001,23,2,0.078415,0.535881,0.614296,0.965820,5.851535e-01
0.001,23,3,0.080058,0.536253,0.616311,0.966667,5.849357e-01
0.001,24,1,0.081434,0.535868,0.617302,0.962158,5.851610e-01
0.001,24,2,0.076938,0.535491,0.612430,0.967041,5.853816e-01
0.001,24,3,0.077267,0.535069,0.612336,0.967560,5.856291e-01
0.001,25,1,0.078947,0.535297,0.614245,0.965332,5.854952e-01
0.001,25,2,0.080009,0.534330,0.614338,0.964111,5.860620e-01
0.001,25,3,0.075646,0.533720,0.609366,0.969345,5.864196e-01
0.001,26,1,0.079742,0.533696,0.613438,0.964111,5.864335e-01
0.001,26,2,0.072448,0.533463,0.605912,0.971436,5.865700e-01
0.001,26,3,0.079430,0.533236,0.612665,0.961012,5.867035e-01
0.001,27,1,0.074601,0.532939,0.607540,0.968018,5.868776e-01
0.001,27,2,0.076132,0.532222,0.608354,0.965820,5.872987e-01
0.001,27,3,0.076653,0.532112,0.608765,0.965179,5.873629e-01
0.001,28,1,0.073908,0.531673,0.605581,0.968262,5.876210e-01
0.001,28,2,0.073854,0.531237,0.605091,0.971680,5.878771e-01
0.001,28,3,0.079063,0.531226,0.610289,0.958631,5.878836e-01
0.001,29,1,0.074395,0.530377,0.604772,0.968750,5.883830e-01
0.001,29,2,0.075202,0.530798,0.606000,0.966553,5.881354e-01
0.001,29,3,0.077303,0.529707,0.607009,0.963988,5.887775e-01
0.001,30,1,0.076830,0.529142,0.605972,0.966553,5.891105e-01
0.001,30,2,0.074608,0.529588,0.604196,0.966064,5.888473e-01
0.001,30,3,0.073678,0.529122,0.602800,0.969048,5.891222e-01
0.002,1,1,0.096158,0.527538,0.623696,0.973145,5.900562e-01
0.002,1,2,0.103747,0.527476,0.631223,0.963379,5.900925e-01
0.002,1,3,0.098174,0.526707,0.624881,0.966071,5.905462e-01
0.002,2,1,0.100920,0.526087,0.627007,0.961426,5.909128e-01
0.002,2,2,0.097221,0.525939,0.623159,0.969482,5.910003e-01
0.002,2,3,0.096904,0.525465,0.622369,0.966369,5.912806e-01
0.002,3,1,0.094992,0.524619,0.619611,0.967773,5.917810e-01
0.002,3,2,0.098579,0.524397,0.622976,0.961914,5.919121e-01
0.002,3,3,0.095767,0.524301,0.620068,0.969048,5.919692e-01
0.002,4,1,0.095376,0.523405,0.618781,0.966309,5.924996e-01
0.002,4,2,0.096917,0.523067,0.619984,0.965332,5.926999e-01
0.002,4,3,0.093587,0.522320,0.615907,0.967560,5.931427e-01
0.002,5,1,0.093038,0.522028,0.615066,0.971924,5.933163e-01
0.002,5,2,0.095106,0.521480,0.616586,0.966797,5.936412e-01
0.002,5,3,0.096358,0.520850,0.617208,0.963095,5.940152e-01
0.002,6,1,0.094875,0.520747,0.615621,0.966064,5.940769e-01
0.002,6,2,0.093249,0.520030,0.613279,0.965332,5.945030e-01
0.002,6,3,0.091052,0.519584,0.610637,0.971131,5.947677e-01
0.002,7,1,0.091678,0.519164,0.610841,0.965088,5.950180e-01
0.002,7,2,0.092858,0.518934,0.611792,0.968994,5.951546e-01
0.002,7,3,0.091554,0.518338,0.609891,0.972619,5.955095e-01
0.002,8,1,0.093227,0.517932,0.611159,0.966309,5.957512e-01
0.002,8,2,0.092028,0.517637,0.609665,0.968994,5.959269e-01
0.002,8,3,0.089725,0.516621,0.606345,0.971726,5.965331e-01
0.002,9,1,0.089314,0.516165,0.605478,0.970215,5.968052e-01
0.002,9,2,0.090116,0.516047,0.606163,0.968750,5.968754e-01
0.002,9,3,0.090872,0.515722,0.606594,0.964286,5.970693e-01
0.002,10,1,0.089068,0.514701,0.603769,0.969238,5.976793e-01
0.002,10,2,0.092461,0.514388,0.606849,0.964600,5.978663e-01
0.002,10,3,0.087611,0.514406,0.602017,0.970833,5.978557e-01
0.002,11,1,0.089637,0.513758,0.603394,0.966797,5.982434e-01
0.002,11,2,0.089256,0.512968,0.602224,0.968262,5.987158e-01
0.002,11,3,0.086909,0.512182,0.599091,0.969940,5.991866e-01
0.002,12,1,0.089673,0.512247,0.601920,0.966553,5.991478e-01
0.002,12,2,0.084300,0.511026,0.595325,0.971680,5.998800e-01
0.002,12,3,0.088608,0.511358,0.599966,0.967857,5.996807e-01
0.002,13,1,0.085834,0.510710,0.596544,0.969727,6.000692e-01
0.002,13,2,0.087019,0.509703,0.596722,0.968018,6.006740e-01
0.002,13,3,0.090292,0.509801,0.600093,0.965179,6.006149e-01
0.002,14,1,0.086780,0.509547,0.596327,0.967529,6.007677e-01
0.002,14,2,0.087279,0.508443,0.595722,0.966797,6.014313e-01
0.002,14,3,0.085793,0.507710,0.593502,0.969940,6.018725e-01
0.002,15,1,0.086215,0.507366,0.593580,0.968018,6.020795e-01
0.002,15,2,0.084366,0.507289,0.591655,0.969727,6.021260e-01
0.002,15,3,0.085637,0.506761,0.592398,0.969643,6.024437e-01
0.002,16,1,0.083754,0.506074,0.589828,0.972656,6.028576e-01
0.002,16,2,0.086138,0.505837,0.591975,0.968018,6.030004e-01
0.002,16,3,0.084844,0.505181,0.590025,0.968452,6.033962e-01
0.002,17,1,0.083349,0.504828,0.588178,0.972656,6.036092e-01
0.002,17,2,0.086445,0.504033,0.590478,0.967285,6.040897e-01
0.002,17,3,0.081786,0.504114,0.585901,0.970238,6.040403e-01
0.002,18,1,0.082604,0.503280,0.585884,0.971436,6.045445e-01
0.002,18,2,0.084835,0.503004,0.587839,0.967773,6.047112e-01
0.002,18,3,0.080540,0.502530,0.583069,0.969940,6.049984e-01
0.002,19,1,0.085161,0.502018,0.587178,0.964844,6.053081e-01
0.002,19,2,0.082416,0.501531,0.583947,0.971436,6.056026e-01
0.002,19,3,0.078989,0.501067,0.580057,0.973810,6.058836e-01
0.002,20,1,0.082767,0.500481,0.583249,0.967773,6.062387e-01
0.002,20,2,0.084167,0.500451,0.584618,0.968750,6.062571e-01
0.002,20,3,0.078465,0.499353,0.577819,0.973810,6.069230e-01
0.002,21,1,0.082893,0.499039,0.581932,0.966553,6.071140e-01
0.002,21,2,0.081606,0.498880,0.580486,0.970703,6.072104e-01
0.002,21,3,0.077981,0.498051,0.576032,0.974702,6.077139e-01
0.002,22,1,0.078394,0.497601,0.575996,0.973633,6.079873e-01
0.002,22,2,0.079750,0.497357,0.577107,0.970215,6.081359e-01
0.002,22,3,0.082958,0.496615,0.579573,0.965774,6.085875e-01
0.002,23,1,0.079237,0.496573,0.575809,0.971924,6.086131e-01
0.002,23,2,0.079491,0.495429,0.574920,0.969971,6.093094e-01
0.002,23,3,0.080731,0.495130,0.575861,0.971131,6.094919e-01
0.002,24,1,0.077963,0.494874,0.572838,0.971924,6.096474e-01
0.002,24,2,0.079899,0.494281,0.574180,0.971924,6.100093e-01
0.002,24,3,0.079351,0.493524,0.572875,0.967857,6.104711e-01
0.002,25,1,0.079880,0.492969,0.572849,0.969238,6.108105e-01
0.002,25,2,0.076056,0.492941,0.568997,0.978027,6.108274e-01
0.002,25,3,0.078958,0.492451,0.571409,0.966369,6.111270e-01
0.002,26,1,0.079091,0.492382,0.571473,0.970215,6.111687e-01
0.002,26,2,0.077803,0.490914,0.568717,0.970947,6.120665e-01
0.002,26,3,0.076624,0.490639,0.567262,0.971131,6.122352e-01
0.002,27,1,0.077452,0.490143,0.567595,0.971191,6.125386e-01
0.002,27,2,0.076893,0.490100,0.566993,0.969971,6.125650e-01
0.002,27,3,0.078657,0.489379,0.568036,0.970238,6.130070e-01
0.002,28,1,0.077726,0.489375,0.567101,0.970459,6.130093e-01
0.002,28,2,0.077571,0.488196,0.565767,0.968750,6.137328e-01
0.002,28,3,0.074913,0.487673,0.562585,0.973512,6.140539e-01
0.002,29,1,0.076429,0.487749,0.564178,0.971680,6.140069e-01
0.002,29,2,0.076785,0.486553,0.563337,0.971680,6.147418e-01
0.002,29,3,0.074906,0.486721,0.561627,0.971131,6.146383e-01
0.002,30,1,0.077165,0.486439,0.563604,0.971680,6.148120e-01
0.002,30,2,0.075919,0.485497,0.561416,0.969482,6.153916e-01
0.002,30,3,0.073330,0.484715,0.558045,0.977083,6.158730e-01
0.004,1,1,0.107322,0.483250,0.590573,0.973877,6.167754e-01
0.004,1,2,0.113575,0.482727,0.596302,0.968506,6.170980e-01
0.004,1,3,0.108159,0.482781,0.590940,0.969048,6.170649e-01
0.004,2,1,0.108953,0.482296,0.591249,0.968750,6.173642e-01
0.004,2,2,0.109369,0.481447,0.590816,0.968506,6.178884e-01
0.004,2,3,0.108660,0.481165,0.589825,0.973214,6.180627e-01
0.004,3,1,0.108763,0.481078,0.589840,0.965820,6.181169e-01
0.004,3,2,0.106271,0.480402,0.586673,0.971191,6.185344e-01
0.004,3,3,0.104131,0.479746,0.583877,0.974405,6.189405e-01
0.004,4,1,0.107628,0.479505,0.587133,0.969482,6.190897e-01
0.004,4,2,0.105102,0.479004,0.584106,0.973633,6.193998e-01
0.004,4,3,0.108743,0.479115,0.587858,0.966369,6.193314e-01
0.004,5,1,0.104714,0.478431,0.583145,0.972412,6.197550e-01
0.004,5,2,0.106154,0.477785,0.583939,0.968750,6.201558e-01
0.004,5,3,0.103156,0.477380,0.580536,0.971726,6.204068e-01
0.004,6,1,0.104946,0.476667,0.581614,0.970947,6.208490e-01
0.004,6,2,0.103470,0.476590,0.580060,0.969482,6.208971e-01
0.004,6,3,0.106373,0.476278,0.582650,0.968452,6.210910e-01
0.004,7,1,0.105678,0.475896,0.581573,0.966797,6.213282e-01
0.004,7,2,0.106572,0.475650,0.582222,0.964600,6.214807e-01
0.004,7,3,0.099191,0.473818,0.573009,0.976190,6.226203e-01
0.004,8,1,0.103350,0.474033,0.577383,0.966553,6.224867e-01
0.004,8,2,0.101340,0.473967,0.575307,0.973145,6.225275e-01
0.004,8,3,0.102274,0.473773,0.576047,0.968155,6.226486e-01
0.004,9,1,0.104228,0.473114,0.577342,0.967529,6.230591e-01
0.004,9,2,0.101314,0.472461,0.573774,0.973389,6.234662e-01
0.004,9,3,0.101545,0.472247,0.573793,0.971726,6.235993e-01
0.004,10,1,0.101363,0.471682,0.573045,0.971436,6.239517e-01
0.004,10,2,0.102758,0.471155,0.573913,0.968750,6.242810e-01
0.004,10,3,0.100205,0.470944,0.571150,0.972024,6.244124e-01
0.004,11,1,0.101647,0.470387,0.572035,0.968262,6.247601e-01
0.004,11,2,0.099495,0.469842,0.569337,0.970703,6.251009e-01
0.004,11,3,0.099078,0.469389,0.568467,0.972917,6.253845e-01
0.004,12,1,0.101107,0.469208,0.570316,0.967773,6.254972e-01
0.004,12,2,0.098883,0.468466,0.567349,0.971924,6.259617e-01
0.004,12,3,0.100232,0.467727,0.567959,0.969048,6.264244e-01
0.004,13,1,0.101271,0.467818,0.569089,0.966309,6.263677e-01
0.004,13,2,0.097873,0.467079,0.564951,0.973389,6.268308e-01
0.004,13,3,0.099407,0.466422,0.565829,0.967560,6.272427e-01
0.004,14,1,0.098374,0.466110,0.564484,0.970947,6.274383e-01
0.004,14,2,0.095827,0.465835,0.561663,0.973877,6.276107e-01
0.004,14,3,0.100284,0.465438,0.565722,0.965476,6.278600e-01
0.004,15,1,0.099547,0.465224,0.564771,0.968750,6.279946e-01
0.004,15,2,0.094417,0.464252,0.558669,0.975342,6.286048e-01
0.004,15,3,0.098398,0.463858,0.562256,0.969345,6.288526e-01
0.004,16,1,0.097635,0.463811,0.561445,0.973877,6.288827e-01
0.004,16,2,0.098281,0.463054,0.561335,0.969482,6.293586e-01
0.004,16,3,0.095565,0.462369,0.557934,0.970833,6.297900e-01
0.004,17,1,0.097660,0.461903,0.559563,0.972168,6.300833e-01
0.004,17,2,0.095464,0.462032,0.557496,0.970703,6.300020e-01
0.004,17,3,0.095715,0.461179,0.556894,0.971726,6.305398e-01
0.004,18,1,0.095126,0.461025,0.556151,0.971191,6.306368e-01
0.004,18,2,0.095927,0.460194,0.556121,0.968506,6.311612e-01
0.004,18,3,0.094384,0.459663,0.554047,0.972321,6.314965e-01
0.004,19,1,0.093281,0.459367,0.552648,0.969971,6.316832e-01
0.004,19,2,0.096597,0.458779,0.555376,0.968506,6.320546e-01
0.004,19,3,0.094724,0.458541,0.553266,0.971429,6.322052e-01
0.004,20,1,0.093731,0.457996,0.551727,0.971680,6.325500e-01
0.004,20,2,0.095804,0.457673,0.553477,0.968018,6.327545e-01
0.004,20,3,0.094169,0.456748,0.550917,0.971131,6.333398e-01
0.004,21,1,0.094541,0.456482,0.551023,0.968750,6.335084e-01
0.004,21,2,0.092950,0.456156,0.549106,0.972168,6.337152e-01
0.004,21,3,0.093253,0.455726,0.548979,0.970536,6.339874e-01
0.004,22,1,0.092656,0.454903,0.547559,0.971436,6.345093e-01
0.004,22,2,0.094055,0.455008,0.549064,0.972168,6.344427e-01
0.004,22,3,0.090728,0.454386,0.545114,0.972619,6.348379e-01
0.004,23,1,0.093545,0.453443,0.546988,0.969482,6.354365e-01
0.004,23,2,0.092092,0.453619,0.545711,0.973145,6.353250e-01
0.004,23,3,0.090983,0.453165,0.544148,0.972321,6.356135e-01
0.004,24,1,0.091402,0.452364,0.543766,0.972656,6.361228e-01
0.004,24,2,0.092514,0.452018,0.544532,0.970947,6.363428e-01
0.004,24,3,0.091900,0.451688,0.543588,0.970536,6.365530e-01
0.004,25,1,0.091371,0.451125,0.542496,0.973389,6.369112e-01
0.004,25,2,0.090644,0.450707,0.541352,0.973389,6.371772e-01
0.004,25,3,0.091109,0.450007,0.541116,0.969048,6.376237e-01
0.004,26,1,0.090354,0.449780,0.540133,0.972900,6.377687e-01
0.004,26,2,0.090934,0.449262,0.540195,0.970703,6.380992e-01
0.004,26,3,0.089048,0.448591,0.537640,0.972321,6.385271e-01
0.004,27,1,0.089314,0.448587,0.537901,0.971924,6.385298e-01
0.004,27,2,0.091504,0.447532,0.539036,0.967285,6.392037e-01
0.004,27,3,0.088359,0.447314,0.535673,0.976190,6.393433e-01
0.004,28,1,0.090538,0.447127,0.537665,0.969482,6.394625e-01
0.004,28,2,0.090132,0.446614,0.536746,0.969482,6.397907e-01
0.004,28,3,0.087484,0.445396,0.532880,0.975893,6.405708e-01
0.004,29,1,0.091132,0.445790,0.536922,0.969482,6.403180e-01
0.004,29,2,0.087341,0.444707,0.532047,0.971680,6.410123e-01
0.004,29,3,0.087574,0.444598,0.532172,0.972619,6.410818e-01
0.004,30,1,0.089653,0.443982,0.533636,0.970703,6.414768e-01
0.004,30,2,0.086512,0.443907,0.530420,0.970947,6.415249e-01
0.004,30,3,0.087311,0.443064,0.530375,0.973810,6.420664e-01
0.008,1,1,0.131505,0.440526,0.572031,0.969482,6.436977e-01
0.008,1,2,0.133414,0.439392,0.572806,0.967041,6.444279e-01
0.008,1,3,0.130034,0.439440,0.569474,0.968750,6.443974e-01
0.008,2,1,0.130569,0.438370,0.568939,0.968506,6.450869e-01
0.008,2,2,0.129848,0.438421,0.568269,0.969238,6.450542e-01
0.008,2,3,0.130002,0.437811,0.567813,0.965476,6.454477e-01
0.008,3,1,0.127204,0.437180,0.564384,0.970459,6.458550e-01
0.008,3,2,0.129625,0.436378,0.566003,0.966064,6.463736e-01
0.008,3,3,0.130932,0.436026,0.566959,0.963690,6.466009e-01
0.008,4,1,0.129739,0.435401,0.565140,0.962402,6.470049e-01
0.008,4,2,0.127255,0.434953,0.562208,0.967773,6.472948e-01
0.008,4,3,0.125627,0.434199,0.559826,0.971429,6.477831e-01
0.008,5,1,0.126238,0.433763,0.560001,0.968506,6.480656e-01
0.008,5,2,0.127108,0.433155,0.560263,0.965332,6.484601e-01
0.008,5,3,0.126797,0.432662,0.559459,0.968155,6.487798e-01
0.008,6,1,0.124846,0.432025,0.556871,0.968262,6.491928e-01
0.008,6,2,0.125632,0.431766,0.557398,0.966309,6.493614e-01
0.008,6,3,0.125328,0.430823,0.556151,0.966071,6.499741e-01
0.008,7,1,0.124416,0.430600,0.555015,0.966064,6.501192e-01
0.008,7,2,0.123019,0.429651,0.552670,0.968506,6.507365e-01
0.008,7,3,0.124773,0.429576,0.554350,0.962798,6.507848e-01
0.008,8,1,0.123524,0.428838,0.552361,0.965332,6.512656e-01
0.008,8,2,0.120501,0.428623,0.549124,0.970215,6.514054e-01
0.008,8,3,0.124438,0.427372,0.551810,0.962798,6.522208e-01
0.008,9,1,0.122141,0.427437,0.549578,0.968018,6.521783e-01
0.008,9,2,0.122480,0.426519,0.548999,0.965576,6.527772e-01
0.008,9,3,0.120104,0.425877,0.545981,0.965774,6.531970e-01
0.008,10,1,0.120046,0.425085,0.545132,0.968506,6.537139e-01
0.008,10,2,0.120053,0.425144,0.545197,0.968750,6.536756e-01
0.008,10,3,0.120903,0.424534,0.545437,0.963095,6.540745e-01
0.008,11,1,0.120580,0.423419,0.543998,0.963379,6.548045e-01
0.008,11,2,0.120238,0.423598,0.543836,0.966797,6.546870e-01
0.008,11,3,0.115813,0.422479,0.538292,0.972619,6.554200e-01
0.008,12,1,0.120498,0.421943,0.542441,0.966064,6.557714e-01
0.008,12,2,0.118886,0.421370,0.540256,0.965820,6.561472e-01
0.008,12,3,0.113800,0.421003,0.534803,0.971726,6.563882e-01
0.008,13,1,0.117528,0.420239,0.537767,0.967041,6.568898e-01
0.008,13,2,0.116637,0.419826,0.536463,0.968018,6.571614e-01
0.008,13,3,0.115969,0.419020,0.534989,0.968155,6.576909e-01
0.008,14,1,0.114881,0.418499,0.533381,0.970215,6.580335e-01
0.008,14,2,0.116228,0.417995,0.534224,0.966309,6.583653e-01
0.008,14,3,0.115870,0.417474,0.533344,0.968155,6.587088e-01
0.008,15,1,0.115665,0.416762,0.532427,0.968018,6.591781e-01
0.008,15,2,0.113168,0.416455,0.529623,0.971680,6.593800e-01
0.008,15,3,0.114288,0.415590,0.529878,0.963690,6.599508e-01
0.008,16,1,0.113092,0.415313,0.528405,0.967285,6.601336e-01
0.008,16,2,0.113167,0.414146,0.527313,0.968506,6.609045e-01
0.008,16,3,0.113077,0.414285,0.527362,0.967560,6.608126e-01
0.008,17,1,0.113721,0.413323,0.527044,0.967773,6.614486e-01
0.008,17,2,0.111538,0.412886,0.524424,0.968018,6.617375e-01
0.008,17,3,0.110619,0.412337,0.522956,0.967857,6.621013e-01
0.008,18,1,0.112187,0.411473,0.523660,0.967041,6.626735e-01
0.008,18,2,0.111427,0.411239,0.522667,0.966064,6.628284e-01
0.008,18,3,0.108729,0.410678,0.519407,0.971726,6.632003e-01
0.008,19,1,0.108637,0.409864,0.518502,0.970947,6.637403e-01
0.008,19,2,0.109969,0.409191,0.519160,0.967041,6.641874e-01
0.008,19,3,0.110705,0.409187,0.519891,0.965179,6.641903e-01
0.008,20,1,0.107461,0.408171,0.515632,0.970703,6.648655e-01
0.008,20,2,0.108412,0.407782,0.516193,0.967285,6.651241e-01
0.008,20,3,0.110389,0.406979,0.517368,0.966071,6.656582e-01
0.008,21,1,0.107269,0.406762,0.514031,0.969238,6.658030e-01
0.008,21,2,0.109162,0.405559,0.514721,0.965332,6.666042e-01
0.008,21,3,0.105849,0.405385,0.511233,0.971131,6.667202e-01
0.008,22,1,0.107321,0.404337,0.511658,0.969238,6.674194e-01
0.008,22,2,0.105109,0.404526,0.509635,0.969482,6.672929e-01
0.008,22,3,0.106861,0.403557,0.510418,0.966071,6.679400e-01
0.008,23,1,0.105976,0.403022,0.508999,0.967285,6.682973e-01
0.008,23,2,0.106169,0.402491,0.508660,0.966553,6.686522e-01
0.008,23,3,0.103827,0.401601,0.505428,0.972619,6.692479e-01
0.008,24,1,0.105072,0.401136,0.506208,0.970215,6.695590e-01
0.008,24,2,0.103603,0.400814,0.504417,0.968994,6.697744e-01
0.008,24,3,0.104436,0.399941,0.504377,0.966667,6.703598e-01
0.008,25,1,0.103518,0.399341,0.502859,0.970215,6.707621e-01
0.008,25,2,0.102905,0.398841,0.501746,0.968750,6.710971e-01
0.008,25,3,0.103347,0.398573,0.501920,0.967857,6.712774e-01
0.008,26,1,0.103417,0.397827,0.501244,0.967529,6.717781e-01
0.008,26,2,0.101792,0.397183,0.498975,0.969971,6.722112e-01
0.008,26,3,0.101318,0.396502,0.497820,0.969345,6.726689e-01
0.008,27,1,0.101602,0.395784,0.497387,0.969727,6.731518e-01
0.008,27,2,0.100836,0.395614,0.496450,0.969482,6.732665e-01
0.008,27,3,0.101184,0.394965,0.496149,0.966667,6.737034e-01
0.008,28,1,0.100116,0.394283,0.494399,0.968994,6.741629e-01
0.008,28,2,0.100214,0.393771,0.493984,0.968262,6.745086e-01
0.008,28,3,0.100145,0.393089,0.493234,0.969643,6.749687e-01
0.008,29,1,0.100069,0.392697,0.492765,0.967285,6.752335e-01
0.008,29,2,0.098671,0.392071,0.490742,0.968506,6.756559e-01
0.008,29,3,0.098784,0.391134,0.489918,0.971726,6.762893e-01
0.008,30,1,0.097389,0.390960,0.488349,0.973633,6.764072e-01
0.008,30,2,0.099941,0.390336,0.490277,0.965576,6.768291e-01
0.008,30,3,0.097254,0.389401,0.486655,0.967560,6.774628e-01
0.016,1,1,0.147812,0.385208,0.533020,0.964600,6.803094e-01
0.016,1,2,0.147489,0.384856,0.532345,0.965088,6.805487e-01
0.016,1,3,0.146522,0.383618,0.530140,0.959821,6.813914e-01
0.016,2,1,0.147197,0.383209,0.530406,0.960205,6.816702e-01
0.016,2,2,0.144338,0.383198,0.527536,0.965332,6.816779e-01
0.016,2,3,0.144074,0.382066,0.526140,0.962500,6.824499e-01
0.016,3,1,0.144238,0.381975,0.526213,0.961426,6.825119e-01
0.016,3,2,0.143781,0.380734,0.524516,0.957764,6.833593e-01
0.016,3,3,0.142057,0.380508,0.522565,0.965774,6.835139e-01
0.016,4,1,0.139754,0.379730,0.519484,0.964600,6.840462e-01
0.016,4,2,0.143534,0.379497,0.523030,0.961426,6.842058e-01
0.016,4,3,0.141589,0.378492,0.520081,0.958333,6.848933e-01
0.016,5,1,0.139021,0.378203,0.517224,0.964844,6.850912e-01
0.016,5,2,0.140094,0.377088,0.517183,0.963135,6.858554e-01
0.016,5,3,0.141140,0.376997,0.518137,0.957143,6.859181e-01
0.016,6,1,0.140373,0.376290,0.516662,0.958496,6.864033e-01
0.016,6,2,0.137738,0.375833,0.513571,0.964844,6.867170e-01
0.016,6,3,0.135991,0.374742,0.510733,0.960417,6.874667e-01
0.016,7,1,0.135405,0.374229,0.509634,0.965576,6.878194e-01
0.016,7,2,0.136049,0.374167,0.510216,0.962402,6.878620e-01
0.016,7,3,0.138268,0.373203,0.511472,0.954762,6.885253e-01
0.016,8,1,0.134524,0.372715,0.507238,0.963867,6.888619e-01
0.016,8,2,0.135413,0.371960,0.507373,0.960205,6.893816e-01
0.016,8,3,0.134362,0.371576,0.505938,0.961012,6.896469e-01
0.016,9,1,0.131419,0.371038,0.502456,0.965576,6.900181e-01
0.016,9,2,0.135198,0.370297,0.505495,0.959961,6.905291e-01
0.016,9,3,0.132611,0.369453,0.502064,0.960714,6.911123e-01
0.016,10,1,0.132715,0.368970,0.501685,0.960449,6.914462e-01
0.016,10,2,0.130818,0.368418,0.499236,0.963867,6.918277e-01
0.016,10,3,0.130410,0.368079,0.498489,0.961310,6.920628e-01
0.016,11,1,0.128933,0.367088,0.496020,0.963135,6.927490e-01
0.016,11,2,0.129658,0.366758,0.496417,0.964600,6.929771e-01
0.016,11,3,0.131108,0.366194,0.497303,0.957143,6.933681e-01
0.016,12,1,0.126827,0.365332,0.492159,0.966797,6.939664e-01
0.016,12,2,0.128334,0.364982,0.493315,0.960938,6.942095e-01
0.016,12,3,0.129731,0.364323,0.494054,0.959524,6.946670e-01
0.016,13,1,0.127544,0.363609,0.491153,0.962891,6.951633e-01
0.016,13,2,0.124794,0.363335,0.488129,0.965332,6.953535e-01
0.016,13,3,0.127506,0.362320,0.489826,0.960119,6.960598e-01
0.016,14,1,0.125190,0.361854,0.487043,0.964111,6.963844e-01
0.016,14,2,0.124530,0.361151,0.485681,0.963623,6.968740e-01
0.016,14,3,0.125195,0.361052,0.486248,0.960714,6.969425e-01
0.016,15,1,0.125132,0.359932,0.485064,0.960693,6.977238e-01
0.016,15,2,0.121481,0.359572,0.481053,0.967529,6.979751e-01
0.016,15,3,0.123533,0.359270,0.482802,0.961607,6.981861e-01
0.016,16,1,0.122736,0.358601,0.481338,0.961182,6.986528e-01
0.016,16,2,0.121863,0.357744,0.479608,0.963379,6.992518e-01
0.016,16,3,0.120715,0.357069,0.477784,0.966369,6.997243e-01
0.016,17,1,0.120506,0.356976,0.477482,0.962891,6.997896e-01
0.016,17,2,0.120087,0.356071,0.476158,0.963135,7.004230e-01
0.016,17,3,0.120418,0.355021,0.475439,0.966667,7.011589e-01
0.016,18,1,0.119656,0.354909,0.474565,0.961426,7.012372e-01
0.016,18,2,0.118191,0.354476,0.472667,0.966797,7.015412e-01
0.016,18,3,0.118611,0.353412,0.472023,0.965476,7.022876e-01
0.016,19,1,0.118905,0.353055,0.471960,0.964600,7.025386e-01
0.016,19,2,0.116063,0.352594,0.468657,0.965088,7.028626e-01
0.016,19,3,0.117154,0.351899,0.469053,0.963393,7.033512e-01
0.016,20,1,0.115141,0.351511,0.466651,0.967041,7.036243e-01
0.016,20,2,0.116160,0.350559,0.466719,0.965088,7.042940e-01
0.016,20,3,0.116675,0.350225,0.466899,0.960119,7.045298e-01
0.016,21,1,0.113986,0.349640,0.463626,0.966797,7.049417e-01
0.016,21,2,0.116192,0.349121,0.465313,0.962158,7.053080e-01
0.016,21,3,0.113171,0.348249,0.461419,0.965774,7.059234e-01
0.016,22,1,0.110741,0.348109,0.458850,0.969482,7.060219e-01
0.016,22,2,0.113591,0.346812,0.460403,0.967285,7.069380e-01
0.016,22,3,0.115554,0.346948,0.462502,0.958333,7.068423e-01
0.016,23,1,0.111290,0.345832,0.457122,0.967773,7.076312e-01
0.016,23,2,0.112082,0.345912,0.457994,0.964111,7.075749e-01
0.016,23,3,0.112022,0.344860,0.456882,0.964286,7.083198e-01
0.016,24,1,0.109788,0.344397,0.454185,0.966797,7.086478e-01
0.016,24,2,0.111491,0.343771,0.455262,0.962891,7.090912e-01
0.016,24,3,0.109833,0.343280,0.453113,0.966667,7.094395e-01
0.016,25,1,0.111200,0.343120,0.454319,0.963623,7.095533e-01
0.016,25,2,0.107079,0.341939,0.449018,0.967285,7.103913e-01
0.016,25,3,0.108877,0.341138,0.450015,0.966369,7.109611e-01
0.016,26,1,0.107758,0.340855,0.448613,0.965088,7.111622e-01
0.016,26,2,0.109226,0.340239,0.449465,0.962891,7.116002e-01
0.016,26,3,0.106024,0.340055,0.446078,0.969643,7.117313e-01
0.016,27,1,0.106024,0.339263,0.445287,0.966797,7.122952e-01
0.016,27,2,0.107344,0.338586,0.445930,0.965576,7.127777e-01
0.016,27,3,0.106048,0.338104,0.444152,0.966667,7.131209e-01
0.016,28,1,0.103706,0.337658,0.441364,0.967529,7.134395e-01
0.016,28,2,0.106533,0.337003,0.443536,0.964844,7.139068e-01
0.016,28,3,0.105516,0.336093,0.441609,0.968155,7.145567e-01
0.016,29,1,0.103174,0.336022,0.439196,0.970459,7.146077e-01
0.016,29,2,0.104550,0.335063,0.439612,0.967529,7.152931e-01
0.016,29,3,0.104301,0.334562,0.438863,0.961905,7.156513e-01
0.016,30,1,0.103062,0.334165,0.437227,0.967285,7.159360e-01
0.016,30,2,0.101794,0.333587,0.435381,0.968994,7.163495e-01
0.016,30,3,0.103505,0.332755,0.436261,0.964583,7.169455e-01
0.032,1,1,0.154658,0.326041,0.480699,0.958740,7.217752e-01
0.032,1,2,0.152617,0.325274,0.477890,0.961670,7.223297e-01
0.032,1,3,0.151133,0.324801,0.475933,0.958036,7.226714e-01
0.032,2,1,0.151736,0.324089,0.475825,0.956787,7.231859e-01
0.032,2,2,0.149564,0.323551,0.473115,0.959961,7.235750e-01
0.032,2,3,0.150086,0.322869,0.472956,0.961310,7.240684e-01
0.032,3,1,0.148265,0.322138,0.470404,0.957031,7.245979e-01
0.032,3,2,0.148725,0.321803,0.470528,0.960205,7.248408e-01
0.032,3,3,0.147584,0.320875,0.468460,0.958929,7.255138e-01
0.032,4,1,0.146293,0.320372,0.466666,0.960205,7.258788e-01
0.032,4,2,0.145115,0.319779,0.464894,0.957764,7.263098e-01
0.032,4,3,0.146943,0.318993,0.465936,0.956845,7.268809e-01
0.032,5,1,0.144878,0.318273,0.463152,0.957764,7.274039e-01
0.032,5,2,0.142829,0.317907,0.460736,0.960205,7.276704e-01
0.032,5,3,0.144247,0.317384,0.461631,0.956845,7.280514e-01
0.032,6,1,0.142052,0.316763,0.458815,0.958252,7.285031e-01
0.032,6,2,0.141580,0.315830,0.457410,0.959229,7.291835e-01
0.032,6,3,0.142003,0.315396,0.457399,0.957440,7.294997e-01
0.032,7,1,0.140811,0.314730,0.455542,0.959473,7.299856e-01
0.032,7,2,0.139219,0.314263,0.453482,0.958740,7.303267e-01
0.032,7,3,0.139272,0.313539,0.452811,0.956250,7.308560e-01
0.032,8,1,0.137051,0.312890,0.449941,0.960938,7.313301e-01
0.032,8,2,0.139240,0.312676,0.451915,0.957031,7.314871e-01
0.032,8,3,0.136888,0.311491,0.448380,0.957738,7.323539e-01
0.032,9,1,0.136792,0.311410,0.448202,0.960693,7.324135e-01
0.032,9,2,0.137210,0.310516,0.447726,0.958008,7.330685e-01
0.032,9,3,0.132849,0.309743,0.442593,0.958929,7.336351e-01
0.032,10,1,0.133857,0.309613,0.443471,0.961426,7.337305e-01
0.032,10,2,0.135271,0.308795,0.444066,0.956055,7.343313e-01
0.032,10,3,0.132085,0.307870,0.439955,0.961607,7.350110e-01
0.032,11,1,0.132624,0.307542,0.440166,0.961914,7.352517e-01
0.032,11,2,0.131447,0.307015,0.438462,0.959229,7.356397e-01
0.032,11,3,0.131670,0.306427,0.438097,0.959524,7.360724e-01
0.032,12,1,0.132679,0.305930,0.438609,0.959961,7.364383e-01
0.032,12,2,0.128512,0.305044,0.433556,0.959717,7.370906e-01
0.032,12,3,0.128659,0.304673,0.433332,0.963988,7.373644e-01
0.032,13,1,0.128672,0.304174,0.432846,0.963867,7.377324e-01
0.032,13,2,0.128533,0.303514,0.432046,0.959473,7.382199e-01
0.032,13,3,0.127105,0.302592,0.429697,0.961012,7.389008e-01
0.032,14,1,0.124020,0.302026,0.426046,0.965820,7.393192e-01
0.032,14,2,0.129497,0.301821,0.431318,0.955322,7.394706e-01
0.032,14,3,0.125322,0.301232,0.426554,0.963690,7.399061e-01
0.032,15,1,0.124467,0.300412,0.424880,0.959961,7.405127e-01
0.032,15,2,0.124489,0.299876,0.424364,0.963867,7.409104e-01
0.032,15,3,0.124634,0.299560,0.424193,0.962202,7.411446e-01
0.032,16,1,0.122927,0.298601,0.421528,0.961670,7.418551e-01
0.032,16,2,0.124117,0.298498,0.422616,0.961182,7.419314e-01
0.032,16,3,0.120871,0.297470,0.418342,0.964881,7.426948e-01
0.032,17,1,0.122214,0.297158,0.419372,0.963379,7.429265e-01
0.032,17,2,0.123403,0.296535,0.419937,0.957275,7.433898e-01
0.032,17,3,0.116590,0.295673,0.412263,0.967857,7.440305e-01
0.032,18,1,0.119643,0.295273,0.414916,0.963867,7.443282e-01
0.032,18,2,0.120810,0.295151,0.415962,0.958984,7.444190e-01
0.032,18,3,0.116972,0.293736,0.410708,0.966667,7.454731e-01
0.032,19,1,0.118946,0.293772,0.412718,0.960693,7.454464e-01
0.032,19,2,0.117415,0.292847,0.410262,0.965576,7.461360e-01
0.032,19,3,0.116148,0.292483,0.408632,0.963690,7.464077e-01
0.032,20,1,0.117369,0.292094,0.409463,0.962402,7.466984e-01
0.032,20,2,0.115693,0.291330,0.407024,0.962402,7.472688e-01
0.032,20,3,0.114435,0.290522,0.404957,0.966071,7.478729e-01
0.032,21,1,0.114135,0.290258,0.404393,0.963623,7.480704e-01
0.032,21,2,0.115099,0.289736,0.404835,0.962891,7.484612e-01
0.032,21,3,0.113483,0.288895,0.402378,0.965774,7.490908e-01
0.032,22,1,0.113970,0.288903,0.402874,0.963135,7.490846e-01
0.032,22,2,0.112250,0.287857,0.400107,0.965576,7.498691e-01
0.032,22,3,0.111596,0.287070,0.398665,0.964583,7.504595e-01
0.032,23,1,0.109136,0.286737,0.395872,0.967041,7.507092e-01
0.032,23,2,0.110462,0.286386,0.396848,0.965820,7.509728e-01
0.032,23,3,0.114208,0.285765,0.399973,0.960714,7.514393e-01
0.032,24,1,0.109503,0.285168,0.394671,0.964355,7.518880e-01
0.032,24,2,0.110196,0.284732,0.394928,0.963623,7.522160e-01
0.032,24,3,0.108721,0.283984,0.392705,0.966667,7.527786e-01
0.032,25,1,0.107387,0.283602,0.390989,0.966064,7.530662e-01
0.032,25,2,0.109524,0.282746,0.392269,0.964600,7.537112e-01
0.032,25,3,0.106853,0.282634,0.389487,0.964286,7.537957e-01
0.032,26,1,0.107251,0.281801,0.389052,0.965332,7.544239e-01
0.032,26,2,0.103891,0.281361,0.385252,0.970459,7.547561e-01
0.032,26,3,0.108716,0.280868,0.389584,0.958929,7.551279e-01
0.032,27,1,0.105734,0.279874,0.385608,0.965820,7.558792e-01
0.032,27,2,0.102611,0.279686,0.382297,0.969727,7.560210e-01
0.032,27,3,0.107012,0.279646,0.386658,0.959821,7.560514e-01
0.032,28,1,0.104454,0.278839,0.383293,0.962402,7.566616e-01
0.032,28,2,0.103962,0.277845,0.381807,0.967529,7.574143e-01
0.032,28,3,0.101882,0.277591,0.379473,0.967560,7.576067e-01
0.032,29,1,0.103023,0.277352,0.380375,0.964355,7.577874e-01
0.032,29,2,0.100146,0.276338,0.376483,0.970215,7.585568e-01
0.032,29,3,0.103346,0.275728,0.379073,0.962798,7.590195e-01
0.032,30,1,0.099255,0.275299,0.374554,0.968262,7.593448e-01
0.032,30,2,0.100238,0.274901,0.375139,0.968506,7.596472e-01
0.032,30,3,0.103000,0.274517,0.377517,0.961012,7.599387e-01
0.064,1,1,0.150140,0.263486,0.413626,0.956543,7.683684e-01
0.064,1,2,0.147954,0.262893,0.410847,0.959473,7.688242e-01
0.064,1,3,0.147065,0.262707,0.409772,0.960714,7.689675e-01
0.064,2,1,0.146781,0.262122,0.408902,0.958008,7.694175e-01
0.064,2,2,0.145790,0.261507,0.407297,0.959961,7.698909e-01
0.064,2,3,0.145240,0.261067,0.406307,0.955357,7.702292e-01
0.064,3,1,0.144914,0.260600,0.405514,0.957275,7.705894e-01
0.064,3,2,0.141413,0.260306,0.401720,0.962158,7.708155e-01
0.064,3,3,0.144841,0.259537,0.404378,0.955060,7.714086e-01
0.064,4,1,0.141253,0.259322,0.400575,0.957764,7.715742e-01
0.064,4,2,0.142180,0.258682,0.400862,0.955811,7.720683e-01
0.064,4,3,0.140492,0.258174,0.398666,0.961607,7.724610e-01
0.064,5,1,0.141890,0.258060,0.399950,0.954346,7.725486e-01
0.064,5,2,0.139938,0.257246,0.397184,0.955566,7.731781e-01
0.064,5,3,0.134916,0.256574,0.391490,0.965179,7.736977e-01
0.064,6,1,0.137167,0.256169,0.393335,0.957275,7.740115e-01
0.064,6,2,0.136856,0.255946,0.392803,0.958740,7.741835e-01
0.064,6,3,0.137112,0.255610,0.392723,0.958631,7.744436e-01
0.064,7,1,0.135147,0.255097,0.390244,0.961182,7.748411e-01
0.064,7,2,0.135448,0.254339,0.389787,0.958008,7.754288e-01
0.064,7,3,0.133823,0.254116,0.387939,0.957440,7.756019e-01
0.064,8,1,0.134716,0.253562,0.388278,0.958740,7.760315e-01
0.064,8,2,0.132213,0.253088,0.385301,0.959229,7.763993e-01
0.064,8,3,0.131075,0.252809,0.383884,0.958631,7.766164e-01
0.064,9,1,0.130754,0.252200,0.382953,0.958740,7.770896e-01
0.064,9,2,0.131280,0.251932,0.383212,0.961182,7.772976e-01
0.064,9,3,0.129977,0.251209,0.381185,0.958929,7.778598e-01
0.064,10,1,0.127934,0.250859,0.378792,0.961426,7.781323e-01
0.064,10,2,0.128223,0.250503,0.378726,0.958984,7.784091e-01
0.064,10,3,0.130159,0.249949,0.380107,0.959226,7.788408e-01
0.064,11,1,0.127336,0.249532,0.376868,0.956787,7.791653e-01
0.064,11,2,0.125937,0.249038,0.374975,0.961914,7.795501e-01
0.064,11,3,0.126828,0.248719,0.375547,0.962798,7.797987e-01
0.064,12,1,0.125947,0.248228,0.374175,0.958984,7.801820e-01
0.064,12,2,0.124975,0.247847,0.372822,0.959961,7.804797e-01
0.064,12,3,0.123010,0.247135,0.370145,0.963095,7.810349e-01
0.064,13,1,0.121141,0.246931,0.368073,0.963379,7.811943e-01
0.064,13,2,0.123715,0.246428,0.370142,0.959717,7.815880e-01
0.064,13,3,0.123920,0.245852,0.369772,0.959524,7.820379e-01
0.064,14,1,0.119275,0.245472,0.364747,0.966553,7.823352e-01
0.064,14,2,0.123837,0.245124,0.368961,0.956543,7.826078e-01
0.064,14,3,0.119628,0.244670,0.364298,0.960714,7.829626e-01
0.064,15,1,0.121470,0.244082,0.365553,0.957031,7.834231e-01
0.064,15,2,0.115825,0.243867,0.359692,0.967529,7.835917e-01
0.064,15,3,0.120261,0.243389,0.363650,0.959524,7.839665e-01
0.064,16,1,0.118695,0.243180,0.361875,0.961670,7.841305e-01
0.064,16,2,0.118029,0.242256,0.360285,0.958740,7.848551e-01
0.064,16,3,0.114655,0.241990,0.356644,0.965476,7.850642e-01
0.064,17,1,0.116874,0.241605,0.358478,0.959473,7.853666e-01
0.064,17,2,0.116324,0.241126,0.357450,0.962402,7.857425e-01
0.064,17,3,0.112863,0.240878,0.353742,0.965179,7.859372e-01
0.064,18,1,0.115027,0.240269,0.355295,0.961182,7.864166e-01
0.064,18,2,0.111898,0.239721,0.351619,0.964111,7.868470e-01
0.064,18,3,0.114515,0.239841,0.354356,0.963095,7.867532e-01
0.064,19,1,0.112583,0.239142,0.351724,0.962402,7.873033e-01
0.064,19,2,0.109996,0.238301,0.348297,0.967041,7.879655e-01
0.064,19,3,0.113914,0.238581,0.352495,0.958631,7.877446e-01
0.064,20,1,0.113933,0.237885,0.351818,0.957764,7.882935e-01
0.064,20,2,0.107579,0.237210,0.344789,0.966064,7.888255e-01
0.064,20,3,0.109368,0.237093,0.346461,0.965179,7.889176e-01
0.064,21,1,0.110418,0.236335,0.346753,0.961914,7.895162e-01
0.064,21,2,0.108468,0.236285,0.344753,0.962891,7.895554e-01
0.064,21,3,0.106880,0.235773,0.342654,0.966071,7.899596e-01
0.064,22,1,0.107899,0.235531,0.343430,0.963379,7.901513e-01
0.064,22,2,0.107601,0.234698,0.342299,0.963135,7.908099e-01
0.064,22,3,0.105471,0.234378,0.339848,0.964286,7.910631e-01
0.064,23,1,0.107475,0.234049,0.341524,0.961670,7.913233e-01
0.064,23,2,0.106789,0.233862,0.340651,0.961914,7.914710e-01
0.064,23,3,0.101494,0.232909,0.334403,0.968155,7.922256e-01
0.064,24,1,0.104289,0.233031,0.337320,0.965820,7.921293e-01
0.064,24,2,0.106237,0.232321,0.338557,0.959961,7.926920e-01
0.064,24,3,0.100712,0.231764,0.332476,0.966369,7.931332e-01
0.064,25,1,0.101819,0.231595,0.333413,0.965820,7.932674e-01
0.064,25,2,0.102770,0.231128,0.333898,0.964355,7.936376e-01
0.064,25,3,0.102689,0.230729,0.333418,0.962500,7.939544e-01
0.064,26,1,0.099754,0.230185,0.329939,0.963135,7.943866e-01
0.064,26,2,0.100196,0.229890,0.330086,0.968018,7.946208e-01
0.064,26,3,0.103200,0.229751,0.332952,0.962500,7.947312e-01
0.064,27,1,0.098215,0.228996,0.327211,0.967773,7.953318e-01
0.064,27,2,0.099622,0.228651,0.328272,0.964844,7.956063e-01
0.064,27,3,0.100703,0.228543,0.329247,0.961607,7.956919e-01
0.064,28,1,0.096537,0.227714,0.324250,0.968994,7.963520e-01
0.064,28,2,0.098678,0.227485,0.326163,0.963623,7.965346e-01
0.064,28,3,0.098945,0.227386,0.326331,0.962798,7.966132e-01
0.064,29,1,0.097656,0.226598,0.324253,0.962402,7.972416e-01
0.064,29,2,0.095297,0.226265,0.321562,0.968994,7.975068e-01
0.064,29,3,0.096835,0.226125,0.322960,0.965476,7.976187e-01
0.064,30,1,0.094968,0.225352,0.320320,0.965576,7.982350e-01
0.064,30,2,0.094443,0.225223,0.319666,0.968018,7.983384e-01
0.064,30,3,0.096406,0.224824,0.321231,0.963988,7.986565e-01
0.128,1,1,0.139890,0.207512,0.347402,0.956299,8.126036e-01
0.128,1,2,0.137316,0.206779,0.344095,0.960938,8.131994e-01
0.128,1,3,0.138708,0.206482,0.345189,0.961310,8.134411e-01
0.128,2,1,0.136156,0.206212,0.342368,0.958496,8.136606e-01
0.128,2,2,0.136623,0.206218,0.342841,0.961914,8.136558e-01
0.128,2,3,0.136109,0.205385,0.341494,0.958036,8.143339e-01
0.128,3,1,0.134899,0.205495,0.340394,0.958496,8.142445e-01
0.128,3,2,0.134353,0.205176,0.339529,0.957031,8.145040e-01
0.128,3,3,0.131574,0.204527,0.336101,0.962500,8.150331e-01
0.128,4,1,0.132900,0.204604,0.337504,0.955566,8.149699e-01
0.128,4,2,0.131076,0.203947,0.335023,0.961426,8.155058e-01
0.128,4,3,0.130406,0.203984,0.334389,0.960119,8.154757e-01
0.128,5,1,0.130074,0.203591,0.333664,0.958740,8.157963e-01
0.128,5,2,0.130447,0.203221,0.333668,0.957520,8.160981e-01
0.128,5,3,0.127010,0.202854,0.329864,0.961310,8.163976e-01
0.128,6,1,0.128434,0.202520,0.330954,0.957520,8.166705e-01
0.128,6,2,0.126796,0.202334,0.329130,0.958496,8.168219e-01
0.128,6,3,0.125902,0.201961,0.327863,0.961607,8.171270e-01
0.128,7,1,0.125246,0.201509,0.326756,0.960449,8.174960e-01
0.128,7,2,0.124518,0.201313,0.325832,0.958740,8.176561e-01
0.128,7,3,0.125505,0.201151,0.326656,0.958929,8.177890e-01
0.128,8,1,0.124344,0.200577,0.324921,0.960938,8.182585e-01
0.128,8,2,0.121788,0.200388,0.322176,0.960449,8.184131e-01
0.128,8,3,0.122950,0.200166,0.323116,0.956845,8.185945e-01
0.128,9,1,0.121486,0.199586,0.321071,0.958496,8.190699e-01
0.128,9,2,0.119982,0.199380,0.319362,0.963623,8.192389e-01
0.128,9,3,0.121508,0.199397,0.320905,0.957738,8.192249e-01
0.128,10,1,0.118379,0.198592,0.316971,0.960938,8.198843e-01
0.128,10,2,0.120310,0.198638,0.318948,0.958740,8.198468e-01
0.128,10,3,0.117987,0.198323,0.316310,0.959821,8.201047e-01
0.128,11,1,0.117806,0.197801,0.315607,0.960205,8.205335e-01
0.128,11,2,0.118404,0.197801,0.316205,0.958008,8.205330e-01
0.128,11,3,0.114300,0.197121,0.311421,0.963393,8.210914e-01
0.128,12,1,0.116732,0.197150,0.313883,0.958740,8.210673e-01
0.128,12,2,0.113874,0.196516,0.310390,0.962646,8.215884e-01
0.128,12,3,0.114668,0.196274,0.310942,0.961012,8.217869e-01
0.128,13,1,0.113518,0.196051,0.309569,0.959229,8.219701e-01
0.128,13,2,0.112416,0.195598,0.308015,0.960693,8.223426e-01
0.128,13,3,0.113986,0.195510,0.309497,0.963690,8.224147e-01
0.128,14,1,0.111505,0.195167,0.306672,0.964111,8.226971e-01
0.128,14,2,0.109076,0.194672,0.303748,0.963135,8.231045e-01
0.128,14,3,0.114181,0.194483,0.308663,0.956845,8.232604e-01
0.128,15,1,0.110336,0.193797,0.304133,0.966309,8.238251e-01
0.128,15,2,0.110736,0.193880,0.304616,0.959229,8.237569e-01
0.128,15,3,0.107504,0.193882,0.301386,0.960119,8.237548e-01
0.128,16,1,0.109634,0.193546,0.303180,0.959473,8.240319e-01
0.128,16,2,0.105930,0.192525,0.298455,0.963379,8.248738e-01
0.128,16,3,0.108229,0.192610,0.300839,0.963690,8.248033e-01
0.128,17,1,0.105272,0.192039,0.297311,0.964111,8.252745e-01
0.128,17,2,0.107452,0.192079,0.299531,0.959717,8.252420e-01
0.128,17,3,0.105901,0.191776,0.297676,0.962798,8.254921e-01
0.128,18,1,0.106436,0.191604,0.298040,0.960205,8.256340e-01
0.128,18,2,0.104988,0.190716,0.295704,0.963379,8.263671e-01
0.128,18,3,0.101802,0.190776,0.292578,0.963393,8.263177e-01
0.128,19,1,0.104923,0.190429,0.295352,0.963135,8.266043e-01
0.128,19,2,0.099215,0.189975,0.289191,0.965332,8.269794e-01
0.128,19,3,0.105076,0.189944,0.295020,0.958333,8.270055e-01
0.128,20,1,0.101211,0.189508,0.290719,0.961426,8.273664e-01
0.128,20,2,0.102831,0.189251,0.292082,0.961670,8.275790e-01
0.128,20,3,0.099662,0.188797,0.288460,0.965179,8.279544e-01
0.128,21,1,0.100550,0.188852,0.289402,0.962402,8.279093e-01
0.128,21,2,0.098757,0.187978,0.286735,0.963867,8.286333e-01
0.128,21,3,0.100087,0.188001,0.288088,0.962798,8.286142e-01
0.128,22,1,0.099526,0.187647,0.287172,0.963623,8.289073e-01
0.128,22,2,0.097394,0.187317,0.284711,0.963623,8.291806e-01
0.128,22,3,0.097829,0.187131,0.284960,0.963393,8.293351e-01
0.128,23,1,0.096778,0.186711,0.283489,0.965820,8.296836e-01
0.128,23,2,0.096661,0.186586,0.283247,0.962158,8.297870e-01
0.128,23,3,0.097028,0.186024,0.283052,0.963095,8.302538e-01
0.128,24,1,0.094616,0.185898,0.280514,0.966553,8.303587e-01
0.128,24,2,0.096029,0.185524,0.281553,0.964600,8.306687e-01
0.128,24,3,0.095485,0.185179,0.280664,0.959226,8.309559e-01
0.128,25,1,0.097339,0.185282,0.282621,0.961182,8.308701e-01
0.128,25,2,0.091522,0.184599,0.276121,0.966309,8.314377e-01
0.128,25,3,0.092810,0.183931,0.276741,0.963690,8.319931e-01
0.128,26,1,0.092204,0.184213,0.276417,0.963379,8.317585e-01
0.128,26,2,0.092957,0.183793,0.276750,0.965332,8.321082e-01
0.128,26,3,0.092581,0.183107,0.275687,0.963690,8.326794e-01
0.128,27,1,0.092447,0.183000,0.275447,0.961914,8.327683e-01
0.128,27,2,0.090324,0.182941,0.273265,0.967529,8.328173e-01
0.128,27,3,0.090877,0.182528,0.273405,0.964286,8.331612e-01
0.128,28,1,0.089279,0.182266,0.271545,0.966797,8.333798e-01
0.128,28,2,0.090945,0.182087,0.273032,0.961670,8.335285e-01
0.128,28,3,0.089522,0.181380,0.270903,0.966667,8.341180e-01
0.128,29,1,0.089937,0.181586,0.271523,0.965088,8.339465e-01
0.128,29,2,0.085321,0.180619,0.265940,0.971191,8.347534e-01
0.128,29,3,0.091238,0.180925,0.272163,0.958333,8.344982e-01
0.128,30,1,0.090143,0.180309,0.270451,0.961670,8.350125e-01
0.128,30,2,0.085342,0.180389,0.265731,0.969971,8.349454e-01
0.128,30,3,0.086680,0.179702,0.266382,0.964286,8.355189e-01
0.256,1,1,0.127794,0.150975,0.278768,0.957031,8.598696e-01
0.256,1,2,0.126260,0.150800,0.277060,0.961182,8.600196e-01
0.256,1,3,0.124366,0.150428,0.274794,0.961012,8.603399e-01
0.256,2,1,0.125709,0.150586,0.276294,0.961914,8.602041e-01
0.256,2,2,0.123760,0.150357,0.274116,0.959473,8.604012e-01
0.256,2,3,0.121020,0.149453,0.270474,0.960417,8.611788e-01
0.256,3,1,0.123964,0.149817,0.273781,0.954102,8.608657e-01
0.256,3,2,0.121081,0.149536,0.270617,0.960205,8.611073e-01
0.256,3,3,0.119356,0.149509,0.268865,0.965774,8.611307e-01
0.256,4,1,0.120061,0.149323,0.269384,0.957275,8.612913e-01
0.256,4,2,0.118897,0.149091,0.267988,0.963623,8.614907e-01
0.256,4,3,0.118283,0.149010,0.267293,0.960119,8.615605e-01
0.256,5,1,0.116872,0.148949,0.265821,0.962158,8.616131e-01
0.256,5,2,0.116799,0.148633,0.265432,0.962402,8.618852e-01
0.256,5,3,0.117257,0.148417,0.265674,0.955357,8.620717e-01
0.256,6,1,0.115718,0.148371,0.264089,0.960449,8.621111e-01
0.256,6,2,0.115112,0.148305,0.263417,0.962891,8.621682e-01
0.256,6,3,0.114341,0.147853,0.262194,0.957738,8.625579e-01
0.256,7,1,0.114926,0.147583,0.262510,0.958740,8.627906e-01
0.256,7,2,0.110169,0.147886,0.258055,0.965576,8.625292e-01
0.256,7,3,0.114898,0.147567,0.262465,0.956548,8.628044e-01
0.256,8,1,0.113073,0.147311,0.260384,0.958496,8.630256e-01
0.256,8,2,0.111707,0.147298,0.259005,0.958252,8.630368e-01
0.256,8,3,0.108571,0.146804,0.255375,0.965476,8.634632e-01
0.256,9,1,0.109404,0.146649,0.256054,0.960938,8.635967e-01
0.256,9,2,0.108412,0.146734,0.255146,0.963379,8.635237e-01
0.256,9,3,0.110536,0.146451,0.256987,0.957143,8.637676e-01
0.256,10,1,0.109787,0.146280,0.256066,0.960938,8.639159e-01
0.256,10,2,0.108386,0.146193,0.254580,0.958252,8.639906e-01
0.256,10,3,0.104123,0.145703,0.249826,0.962202,8.644144e-01
0.256,11,1,0.109424,0.145584,0.255007,0.957764,8.645175e-01
0.256,11,2,0.104518,0.145581,0.250099,0.964111,8.645197e-01
0.256,11,3,0.103556,0.145446,0.249002,0.960417,8.646368e-01
0.256,12,1,0.101283,0.144769,0.246052,0.965088,8.652223e-01
0.256,12,2,0.105783,0.145325,0.251108,0.959717,8.647411e-01
0.256,12,3,0.106416,0.144908,0.251324,0.957440,8.651018e-01
0.256,13,1,0.101059,0.144338,0.245397,0.963135,8.655951e-01
0.256,13,2,0.103817,0.144710,0.248527,0.962891,8.652731e-01
0.256,13,3,0.103422,0.144351,0.247774,0.957440,8.655835e-01
0.256,14,1,0.102133,0.144148,0.246281,0.961670,8.657599e-01
0.256,14,2,0.099871,0.143879,0.243749,0.964111,8.659930e-01
0.256,14,3,0.101241,0.143776,0.245017,0.958631,8.660815e-01
0.256,15,1,0.099261,0.143411,0.242672,0.961182,8.663983e-01
0.256,15,2,0.099765,0.143512,0.243278,0.962402,8.663100e-01
0.256,15,3,0.099361,0.143310,0.242671,0.961012,8.664856e-01
0.256,16,1,0.097891,0.143230,0.241121,0.963867,8.665544e-01
0.256,16,2,0.098417,0.142747,0.241163,0.962158,8.669737e-01
0.256,16,3,0.097369,0.142644,0.240013,0.958929,8.670626e-01
0.256,17,1,0.097469,0.142502,0.239972,0.959473,8.671855e-01
0.256,17,2,0.096382,0.142361,0.238743,0.963135,8.673079e-01
0.256,17,3,0.095459,0.142173,0.237632,0.963095,8.674708e-01
0.256,18,1,0.096552,0.142033,0.238584,0.960693,8.675927e-01
0.256,18,2,0.095696,0.141868,0.237564,0.960205,8.677359e-01
0.256,18,3,0.092665,0.141507,0.234172,0.966071,8.680487e-01
0.256,19,1,0.094086,0.141532,0.235618,0.961182,8.680271e-01
0.256,19,2,0.094808,0.141255,0.236063,0.960938,8.682678e-01
0.256,19,3,0.092062,0.141016,0.233078,0.965774,8.684755e-01
0.256,20,1,0.092202,0.140560,0.232762,0.962402,8.688715e-01
0.256,20,2,0.093797,0.140996,0.234794,0.960205,8.684926e-01
0.256,20,3,0.090942,0.140662,0.231604,0.965774,8.687826e-01
0.256,21,1,0.091831,0.140480,0.232310,0.960449,8.689412e-01
0.256,21,2,0.092496,0.140023,0.232519,0.961914,8.693383e-01
0.256,21,3,0.088390,0.140087,0.228477,0.967560,8.692823e-01
0.256,22,1,0.090474,0.139993,0.230466,0.963135,8.693646e-01
0.256,22,2,0.089315,0.139633,0.228948,0.965088,8.696770e-01
0.256,22,3,0.089459,0.139293,0.228752,0.961905,8.699733e-01
0.256,23,1,0.089111,0.139351,0.228462,0.964355,8.699227e-01
0.256,23,2,0.089723,0.139199,0.228922,0.960693,8.700552e-01
0.256,23,3,0.086319,0.138742,0.225061,0.966964,8.704528e-01
0.256,24,1,0.089863,0.138747,0.228610,0.959717,8.704481e-01
0.256,24,2,0.085818,0.138552,0.224370,0.968506,8.706175e-01
0.256,24,3,0.086038,0.138402,0.224440,0.963690,8.707487e-01
0.256,25,1,0.086330,0.138154,0.224485,0.964600,8.709643e-01
0.256,25,2,0.088833,0.138166,0.227000,0.960693,8.709539e-01
0.256,25,3,0.082741,0.137733,0.220475,0.967857,8.713309e-01
0.256,26,1,0.086470,0.137726,0.224196,0.960449,8.713371e-01
0.256,26,2,0.085132,0.137403,0.222535,0.965332,8.716190e-01
0.256,26,3,0.083243,0.137328,0.220571,0.967857,8.716845e-01
0.256,27,1,0.083999,0.136967,0.220966,0.963379,8.719989e-01
0.256,27,2,0.082867,0.137003,0.219870,0.967285,8.719674e-01
0.256,27,3,0.085282,0.136891,0.222173,0.962500,8.720656e-01
0.256,28,1,0.082428,0.136703,0.219131,0.965820,8.722295e-01
0.256,28,2,0.083864,0.136382,0.220246,0.962891,8.725094e-01
0.256,28,3,0.082295,0.136125,0.218420,0.967262,8.727335e-01
0.256,29,1,0.080602,0.136090,0.216693,0.969238,8.727638e-01
0.256,29,2,0.083283,0.136004,0.219286,0.962891,8.728393e-01
0.256,29,3,0.081645,0.135493,0.217138,0.963690,8.732849e-01
0.256,30,1,0.084274,0.135820,0.220094,0.958496,8.730000e-01
0.256,30,2,0.077848,0.135232,0.213080,0.970947,8.735130e-01
0.256,30,3,0.080229,0.134931,0.215160,0.966964,8.737760e-01
0.512,1,1,0.131399,0.086231,0.217630,0.940186,9.173824e-01
0.512,1,2,0.125231,0.086376,0.211607,0.954590,9.172491e-01
0.512,1,3,0.125068,0.086008,0.211076,0.953274,9.175865e-01
0.512,2,1,0.124023,0.086196,0.210219,0.958740,9.174144e-01
0.512,2,2,0.120737,0.085962,0.206699,0.960693,9.176291e-01
0.512,2,3,0.119570,0.085808,0.205378,0.960119,9.177704e-01
0.512,3,1,0.118801,0.085767,0.204569,0.963135,9.178078e-01
0.512,3,2,0.117980,0.085806,0.203786,0.961426,9.177723e-01
0.512,3,3,0.117668,0.085715,0.203383,0.964286,9.178560e-01
0.512,4,1,0.116430,0.085543,0.201974,0.964355,9.180134e-01
0.512,4,2,0.118245,0.085601,0.203847,0.959473,9.179600e-01
0.512,4,3,0.113872,0.085402,0.199274,0.962798,9.181434e-01
0.512,5,1,0.116374,0.085358,0.201732,0.960205,9.181837e-01
0.512,5,2,0.113253,0.085340,0.198593,0.962646,9.182003e-01
0.512,5,3,0.114610,0.085157,0.199767,0.960714,9.183683e-01
0.512,6,1,0.113329,0.085244,0.198573,0.965576,9.182883e-01
0.512,6,2,0.113424,0.084971,0.198395,0.956299,9.185387e-01
0.512,6,3,0.112734,0.085026,0.197760,0.960714,9.184884e-01
0.512,7,1,0.112596,0.084941,0.197537,0.959717,9.185663e-01
0.512,7,2,0.112216,0.085035,0.197251,0.963135,9.184803e-01
0.512,7,3,0.108890,0.084668,0.193558,0.960119,9.188177e-01
0.512,8,1,0.112894,0.084820,0.197714,0.957275,9.186781e-01
0.512,8,2,0.107659,0.084731,0.192390,0.967529,9.187594e-01
0.512,8,3,0.107542,0.084589,0.192131,0.960417,9.188898e-01
0.512,9,1,0.109783,0.084723,0.194506,0.962402,9.187668e-01
0.512,9,2,0.105891,0.084505,0.190396,0.963379,9.189672e-01
0.512,9,3,0.107070,0.084416,0.191486,0.961607,9.190486e-01
0.512,10,1,0.106351,0.084371,0.190723,0.963623,9.190899e-01
0.512,10,2,0.106345,0.084464,0.190809,0.960693,9.190051e-01
0.512,10,3,0.104783,0.084345,0.189128,0.964286,9.191140e-01
0.512,11,1,0.104377,0.084167,0.188544,0.961670,9.192780e-01
0.512,11,2,0.102719,0.084283,0.187002,0.964844,9.191713e-01
0.512,11,3,0.106171,0.084264,0.190435,0.961905,9.191883e-01
0.512,12,1,0.101805,0.084035,0.185841,0.968506,9.193986e-01
0.512,12,2,0.103744,0.084021,0.187765,0.960938,9.194116e-01
0.512,12,3,0.103120,0.084185,0.187305,0.961607,9.192609e-01
0.512,13,1,0.099671,0.083818,0.183489,0.966553,9.195985e-01
0.512,13,2,0.102655,0.084046,0.186701,0.964111,9.193891e-01
0.512,13,3,0.102355,0.083850,0.186205,0.959524,9.195691e-01
0.512,14,1,0.101101,0.083741,0.184842,0.961426,9.196698e-01
0.512,14,2,0.100101,0.083689,0.183790,0.962158,9.197170e-01
0.512,14,3,0.099197,0.083792,0.182989,0.966071,9.196226e-01
0.512,15,1,0.100860,0.083651,0.184511,0.960449,9.197523e-01
0.512,15,2,0.097419,0.083452,0.180872,0.964600,9.199350e-01
0.512,15,3,0.098333,0.083591,0.181924,0.965774,9.198071e-01
0.512,16,1,0.097829,0.083509,0.181338,0.963867,9.198829e-01
0.512,16,2,0.097315,0.083370,0.180685,0.966309,9.200108e-01
0.512,16,3,0.097761,0.083253,0.181015,0.959821,9.201181e-01
0.512,17,1,0.099348,0.083306,0.182654,0.959717,9.200691e-01
0.512,17,2,0.093857,0.083158,0.177015,0.968750,9.202061e-01
0.512,17,3,0.095739,0.083138,0.178878,0.961905,9.202238e-01
0.512,18,1,0.093200,0.082951,0.176151,0.967041,9.203958e-01
0.512,18,2,0.097306,0.083083,0.180389,0.960693,9.202748e-01
0.512,18,3,0.094610,0.083035,0.177644,0.964881,9.203190e-01
0.512,19,1,0.093887,0.082938,0.176825,0.964111,9.204080e-01
0.512,19,2,0.093849,0.082795,0.176644,0.963623,9.205398e-01
0.512,19,3,0.093732,0.082769,0.176501,0.964881,9.205637e-01
0.512,20,1,0.092415,0.082748,0.175163,0.966309,9.205829e-01
0.512,20,2,0.093708,0.082649,0.176356,0.962646,9.206745e-01
0.512,20,3,0.091534,0.082544,0.174079,0.963988,9.207706e-01
0.512,21,1,0.091452,0.082534,0.173986,0.965576,9.207803e-01
0.512,21,2,0.087893,0.082415,0.170309,0.969482,9.208895e-01
0.512,21,3,0.095828,0.082453,0.178281,0.956548,9.208548e-01
0.512,22,1,0.090217,0.082281,0.172498,0.964844,9.210132e-01
0.512,22,2,0.091618,0.082311,0.173929,0.963623,9.209855e-01
0.512,22,3,0.088985,0.082251,0.171236,0.964583,9.210403e-01
0.512,23,1,0.087267,0.082101,0.169368,0.968262,9.211792e-01
0.512,23,2,0.091948,0.082067,0.174016,0.958984,9.212101e-01
0.512,23,3,0.088480,0.082132,0.170612,0.965774,9.211505e-01
0.512,24,1,0.088726,0.082076,0.170802,0.965820,9.212022e-01
0.512,24,2,0.087536,0.081823,0.169359,0.965088,9.214350e-01
0.512,24,3,0.088581,0.081825,0.170406,0.961310,9.214333e-01
0.512,25,1,0.088113,0.081819,0.169931,0.963135,9.214390e-01
0.512,25,2,0.086934,0.081729,0.168662,0.965576,9.215219e-01
0.512,25,3,0.086694,0.081620,0.168314,0.964286,9.216223e-01
0.512,26,1,0.089023,0.081598,0.170621,0.961670,9.216421e-01
0.512,26,2,0.084753,0.081522,0.166274,0.965332,9.217125e-01
0.512,26,3,0.084946,0.081508,0.166455,0.965476,9.217249e-01
0.512,27,1,0.087445,0.081423,0.168868,0.961426,9.218035e-01
0.512,27,2,0.083946,0.081378,0.165324,0.966309,9.218448e-01
0.512,27,3,0.084601,0.081266,0.165867,0.964881,9.219487e-01
0.512,28,1,0.084415,0.081107,0.165521,0.965576,9.220955e-01
0.512,28,2,0.084817,0.081182,0.165999,0.964600,9.220255e-01
0.512,28,3,0.084082,0.081260,0.165341,0.962500,9.219542e-01
0.512,29,1,0.081231,0.081087,0.162317,0.968994,9.221137e-01
0.512,29,2,0.088392,0.081049,0.169441,0.957764,9.221486e-01
0.512,29,3,0.080463,0.080815,0.161278,0.967560,9.223644e-01
0.512,30,1,0.084935,0.080978,0.165913,0.962158,9.222136e-01
0.512,30,2,0.081111,0.080730,0.161841,0.968018,9.224429e-01
0.512,30,3,0.081780,0.080703,0.162483,0.963690,9.224676e-01
0.6,1,1,0.096715,0.065541,0.162256,0.961426,9.365603e-01
0.6,1,2,0.088799,0.065555,0.154354,0.970215,9.365474e-01
0.6,1,3,0.093004,0.065482,0.158486,0.962202,9.366156e-01
0.6,2,1,0.094760,0.065312,0.160072,0.962158,9.367754e-01
0.6,2,2,0.088140,0.065453,0.153593,0.970459,9.366430e-01
0.6,2,3,0.089810,0.065316,0.155125,0.966964,9.367718e-01
0.6,3,1,0.090932,0.065206,0.156138,0.967285,9.368747e-01
0.6,3,2,0.090902,0.065284,0.156186,0.963379,9.368013e-01
0.6,3,3,0.087370,0.065027,0.152397,0.967560,9.370424e-01
0.001,1,1,0.018413,0.564376,0.582789,0.960938,5.687147e-01
0.001,1,2,0.021144,0.563621,0.584765,0.945557,5.691446e-01
0.001,1,3,0.018188,0.563925,0.582113,0.950298,5.689716e-01
0.001,2,1,0.016806,0.562810,0.579615,0.958252,5.696064e-01
0.001,2,2,0.015432,0.562369,0.577801,0.963379,5.698577e-01
0.001,2,3,0.015943,0.561586,0.577530,0.962798,5.703037e-01
0.001,3,1,0.016199,0.560789,0.576988,0.958740,5.707586e-01
0.001,3,2,0.013517,0.560341,0.573858,0.967041,5.710142e-01
0.001,3,3,0.014496,0.559797,0.574292,0.954167,5.713252e-01
0.001,4,1,0.014589,0.558682,0.573271,0.956787,5.719623e-01
0.001,4,2,0.014423,0.558079,0.572502,0.958496,5.723073e-01
0.001,4,3,0.014586,0.557983,0.572569,0.955357,5.723624e-01
0.001,5,1,0.015970,0.557247,0.573217,0.952393,5.727836e-01
0.001,5,2,0.014396,0.555656,0.570052,0.958008,5.736959e-01
0.001,5,3,0.013045,0.555187,0.568231,0.963095,5.739652e-01
0.001,6,1,0.014553,0.554359,0.568911,0.958496,5.744405e-01
0.001,6,2,0.014544,0.553833,0.568377,0.967041,5.747423e-01
0.001,6,3,0.015845,0.553350,0.569195,0.956845,5.750203e-01
0.001,7,1,0.015412,0.551913,0.567324,0.961914,5.758473e-01
0.001,7,2,0.016408,0.552038,0.568446,0.961670,5.757750e-01
0.001,7,3,0.016050,0.551219,0.567269,0.959524,5.762469e-01
0.001,8,1,0.014867,0.550438,0.565305,0.964844,5.766974e-01
0.001,8,2,0.016092,0.549758,0.565850,0.959717,5.770894e-01
0.001,8,3,0.015634,0.549020,0.564654,0.960119,5.775157e-01
0.001,9,1,0.017305,0.548298,0.565602,0.957275,5.779328e-01
0.001,9,2,0.014119,0.548043,0.562161,0.965820,5.780803e-01
0.001,9,3,0.016026,0.547270,0.563296,0.960417,5.785272e-01
0.001,10,1,0.015596,0.546705,0.562301,0.962158,5.788540e-01
0.001,10,2,0.017265,0.545918,0.563183,0.958740,5.793097e-01
0.001,10,3,0.016176,0.545538,0.561715,0.959226,5.795298e-01
0.001,11,1,0.016146,0.544879,0.561024,0.961426,5.799120e-01
0.001,11,2,0.017001,0.543912,0.560912,0.959229,5.804733e-01
0.001,11,3,0.015648,0.544009,0.559657,0.964286,5.804167e-01
0.001,12,1,0.015805,0.543008,0.558813,0.965820,5.809980e-01
0.001,12,2,0.015485,0.543070,0.558555,0.962646,5.809618e-01
0.001,12,3,0.016222,0.541227,0.557449,0.961310,5.820335e-01
0.001,13,1,0.015346,0.541330,0.556676,0.962402,5.819737e-01
0.001,13,2,0.014799,0.541164,0.555963,0.968262,5.820703e-01
0.001,13,3,0.016833,0.539886,0.556719,0.960714,5.828149e-01
0.001,14,1,0.015395,0.539534,0.554929,0.965088,5.830199e-01
0.001,14,2,0.015599,0.539458,0.555057,0.961182,5.830639e-01
0.001,14,3,0.014604,0.538946,0.553550,0.963690,5.833626e-01
0.001,15,1,0.014737,0.538313,0.553050,0.960693,5.837321e-01
0.001,15,2,0.014672,0.537880,0.552552,0.963135,5.839850e-01
0.001,15,3,0.014259,0.537476,0.551735,0.967560,5.842210e-01
0.001,16,1,0.013850,0.537011,0.550861,0.966064,5.844927e-01
0.001,16,2,0.013900,0.536667,0.550567,0.965576,5.846940e-01
0.001,16,3,0.013493,0.535790,0.549283,0.966071,5.852068e-01
0.001,17,1,0.014599,0.535316,0.549915,0.961426,5.854844e-01
0.001,17,2,0.012629,0.535536,0.548165,0.968262,5.853554e-01
0.001,17,3,0.012389,0.534444,0.546833,0.966667,5.859949e-01
0.001,18,1,0.013978,0.534644,0.548622,0.964355,5.858775e-01
0.001,18,2,0.012913,0.533413,0.546326,0.965088,5.865998e-01
0.001,18,3,0.012276,0.532913,0.545190,0.966667,5.868926e-01
0.001,19,1,0.013860,0.533034,0.546894,0.962402,5.868219e-01
0.001,19,2,0.012659,0.532087,0.544746,0.968506,5.873776e-01
0.001,19,3,0.012154,0.531320,0.543474,0.964286,5.878287e-01
0.001,20,1,0.011452,0.531073,0.542525,0.970703,5.879738e-01
0.001,20,2,0.013906,0.530560,0.544466,0.962891,5.882755e-01
0.001,20,3,0.012561,0.530144,0.542705,0.964583,5.885204e-01
0.001,21,1,0.012396,0.529373,0.541769,0.967529,5.889741e-01
0.001,21,2,0.011571,0.529039,0.540610,0.967773,5.891708e-01
0.001,21,3,0.013480,0.528390,0.541870,0.965476,5.895536e-01
0.001,22,1,0.012734,0.527916,0.540650,0.967041,5.898328e-01
0.001,22,2,0.011809,0.526920,0.538728,0.964355,5.904209e-01
0.001,22,3,0.012819,0.526858,0.539677,0.966071,5.904573e-01
0.001,23,1,0.012228,0.526056,0.538284,0.964600,5.909310e-01
0.001,23,2,0.013086,0.525606,0.538692,0.965332,5.911972e-01
0.001,23,3,0.012004,0.524685,0.536688,0.968750,5.917419e-01
0.001,24,1,0.012384,0.524362,0.536746,0.963623,5.919329e-01
0.001,24,2,0.012721,0.523350,0.536071,0.967529,5.925321e-01
0.001,24,3,0.012121,0.523361,0.535481,0.968155,5.925260e-01
0.001,25,1,0.012600,0.522106,0.534707,0.967041,5.932696e-01
0.001,25,2,0.011883,0.521915,0.533798,0.969727,5.933831e-01
0.001,25,3,0.012772,0.521668,0.534439,0.964583,5.935299e-01
0.001,26,1,0.012821,0.520677,0.533497,0.967529,5.941184e-01
0.001,26,2,0.012260,0.520199,0.532459,0.969727,5.944023e-01
0.001,26,3,0.012074,0.519331,0.531406,0.967560,5.949183e-01
0.001,27,1,0.010806,0.518804,0.529610,0.973145,5.952323e-01
0.001,27,2,0.013548,0.518233,0.531781,0.964355,5.955723e-01
0.001,27,3,0.012758,0.517932,0.530690,0.968452,5.957516e-01
0.001,28,1,0.012320,0.517240,0.529560,0.966064,5.961636e-01
0.001,28,2,0.012158,0.516179,0.528336,0.970703,5.967967e-01
0.001,28,3,0.011966,0.516383,0.528348,0.968750,5.966750e-01
0.001,29,1,0.011003,0.515335,0.526338,0.971191,5.973005e-01
0.001,29,2,0.011720,0.514969,0.526689,0.967041,5.975190e-01
0.001,29,3,0.013356,0.514256,0.527613,0.968155,5.979452e-01
0.001,30,1,0.011163,0.513752,0.524915,0.967529,5.982468e-01
0.001,30,2,0.012657,0.512918,0.525575,0.968750,5.987457e-01
0.001,30,3,0.011611,0.512699,0.524310,0.972024,5.988769e-01
0.002,1,1,0.014273,0.511487,0.525760,0.969482,5.996035e-01
0.002,1,2,0.016180,0.509951,0.526130,0.962646,6.005253e-01
0.002,1,3,0.012440,0.509523,0.521964,0.973214,6.007820e-01
0.002,2,1,0.013024,0.509692,0.522716,0.966309,6.006807e-01
0.002,2,2,0.013982,0.509396,0.523379,0.965820,6.008582e-01
0.002,2,3,0.013463,0.507974,0.521436,0.969940,6.017136e-01
0.002,3,1,0.013485,0.508272,0.521757,0.968506,6.015341e-01
0.002,3,2,0.013063,0.507212,0.520276,0.968018,6.021719e-01
0.002,3,3,0.012095,0.506069,0.518164,0.971726,6.028605e-01
0.002,4,1,0.013076,0.505618,0.518694,0.970459,6.031327e-01
0.002,4,2,0.011877,0.505162,0.517039,0.969971,6.034077e-01
0.002,4,3,0.012855,0.504194,0.517049,0.968452,6.039924e-01
0.002,5,1,0.013525,0.503703,0.517228,0.967529,6.042886e-01
0.002,5,2,0.013069,0.502648,0.515716,0.968506,6.049269e-01
0.002,5,3,0.011805,0.501902,0.513706,0.972321,6.053783e-01
0.002,6,1,0.011749,0.501228,0.512978,0.970703,6.057862e-01
0.002,6,2,0.013126,0.500426,0.513552,0.968506,6.062724e-01
0.002,6,3,0.012388,0.500517,0.512905,0.970536,6.062173e-01
0.002,7,1,0.011442,0.499453,0.510894,0.971191,6.068628e-01
0.002,7,2,0.011899,0.498507,0.510406,0.970947,6.074371e-01
0.002,7,3,0.012762,0.498119,0.510881,0.967857,6.076725e-01
0.002,8,1,0.013695,0.497472,0.511167,0.966553,6.080658e-01
0.002,8,2,0.010301,0.496392,0.506693,0.975342,6.087232e-01
0.002,8,3,0.011343,0.495992,0.507335,0.970238,6.089663e-01
0.002,9,1,0.011342,0.495384,0.506726,0.972900,6.093371e-01
0.002,9,2,0.011819,0.494088,0.505907,0.971191,6.101271e-01
0.002,9,3,0.012633,0.493838,0.506470,0.965774,6.102798e-01
0.002,10,1,0.011440,0.492837,0.504277,0.971191,6.108908e-01
0.002,10,2,0.011037,0.492191,0.503227,0.973877,6.112859e-01
0.002,10,3,0.012970,0.491529,0.504499,0.964583,6.116906e-01
0.002,11,1,0.011334,0.490697,0.502030,0.970947,6.121998e-01
0.002,11,2,0.011456,0.490000,0.501456,0.970459,6.126263e-01
0.002,11,3,0.011803,0.488976,0.500779,0.971429,6.132542e-01
0.002,12,1,0.011270,0.488526,0.499796,0.971680,6.135301e-01
0.002,12,2,0.011971,0.487347,0.499318,0.969482,6.142538e-01
0.002,12,3,0.011612,0.486956,0.498568,0.972321,6.144942e-01
0.002,13,1,0.012753,0.485630,0.498383,0.973145,6.153096e-01
0.002,13,2,0.010977,0.485672,0.496649,0.971436,6.152837e-01
0.002,13,3,0.011576,0.484710,0.496286,0.971429,6.158759e-01
0.002,14,1,0.011512,0.483784,0.495296,0.973145,6.164462e-01
0.002,14,2,0.012391,0.482802,0.495193,0.969727,6.170518e-01
0.002,14,3,0.011178,0.482876,0.494054,0.973214,6.170065e-01
0.002,15,1,0.011094,0.481319,0.492413,0.972656,6.179677e-01
0.002,15,2,0.012108,0.481149,0.493257,0.970947,6.180730e-01
0.002,15,3,0.010998,0.480601,0.491598,0.972321,6.184119e-01
0.002,16,1,0.011320,0.479708,0.491028,0.970703,6.189640e-01
0.002,16,2,0.010667,0.479000,0.489668,0.973877,6.194022e-01
0.002,16,3,0.011575,0.478039,0.489614,0.971429,6.199979e-01
0.002,17,1,0.012317,0.477350,0.489667,0.969238,6.204252e-01
0.002,17,2,0.009895,0.477111,0.487006,0.975830,6.205737e-01
0.002,17,3,0.010774,0.476065,0.486839,0.972321,6.212234e-01
0.002,18,1,0.009758,0.475485,0.485243,0.975342,6.215838e-01
0.002,18,2,0.011207,0.474679,0.485886,0.972656,6.220846e-01
0.002,18,3,0.012117,0.474023,0.486140,0.970833,6.224931e-01
0.002,19,1,0.010468,0.473405,0.483872,0.974121,6.228780e-01
0.002,19,2,0.010997,0.472481,0.483478,0.972900,6.234535e-01
0.002,19,3,0.011293,0.471783,0.483076,0.973214,6.238887e-01
0.002,20,1,0.011426,0.471463,0.482889,0.972656,6.240883e-01
0.002,20,2,0.010252,0.470164,0.480416,0.974365,6.248997e-01
0.002,20,3,0.010577,0.469355,0.479932,0.973512,6.254056e-01
0.002,21,1,0.010659,0.468557,0.479216,0.972900,6.259047e-01
0.002,21,2,0.011491,0.468366,0.479857,0.972168,6.260242e-01
0.002,21,3,0.009730,0.467336,0.477066,0.975893,6.266696e-01
0.002,22,1,0.010166,0.466703,0.476869,0.977295,6.270662e-01
0.002,22,2,0.011200,0.465734,0.476933,0.970459,6.276744e-01
0.002,22,3,0.010719,0.465010,0.475729,0.972619,6.281288e-01
0.002,23,1,0.010388,0.464093,0.474480,0.975342,6.287053e-01
0.002,23,2,0.011038,0.463448,0.474485,0.972656,6.291110e-01
0.002,23,3,0.010967,0.463230,0.474197,0.972321,6.292477e-01
0.002,24,1,0.011589,0.462051,0.473640,0.972412,6.299900e-01
0.002,24,2,0.010642,0.461284,0.471926,0.972412,6.304738e-01
0.002,24,3,0.010007,0.460733,0.470740,0.976488,6.308214e-01
0.002,25,1,0.011010,0.460207,0.471217,0.971680,6.311531e-01
0.002,25,2,0.011238,0.459226,0.470463,0.971680,6.317725e-01
0.002,25,3,0.009629,0.458017,0.467646,0.978869,6.325370e-01
0.002,26,1,0.011390,0.457990,0.469380,0.972168,6.325535e-01
0.002,26,2,0.009712,0.457033,0.466745,0.977051,6.331596e-01
0.002,26,3,0.010448,0.456028,0.466477,0.972321,6.337960e-01
0.002,27,1,0.010996,0.455060,0.466056,0.972412,6.344102e-01
0.002,27,2,0.010158,0.455190,0.465347,0.975830,6.343277e-01
0.002,27,3,0.009887,0.454529,0.464416,0.975298,6.347471e-01
0.002,28,1,0.010131,0.453348,0.463478,0.975342,6.354972e-01
0.002,28,2,0.010579,0.452679,0.463257,0.974854,6.359224e-01
0.002,28,3,0.010120,0.452338,0.462458,0.973512,6.361393e-01
0.002,29,1,0.010537,0.451608,0.462144,0.975342,6.366037e-01
0.002,29,2,0.010018,0.450309,0.460326,0.975342,6.374314e-01
0.002,29,3,0.010167,0.449956,0.460123,0.973214,6.376560e-01
0.002,30,1,0.010155,0.449247,0.459402,0.975098,6.381086e-01
0.002,30,2,0.010792,0.448241,0.459032,0.971191,6.387510e-01
0.002,30,3,0.009622,0.447895,0.457517,0.978869,6.389718e-01
0.004,1,1,0.015365,0.445938,0.461303,0.971436,6.402237e-01
0.004,1,2,0.014192,0.444325,0.458517,0.976807,6.412570e-01
0.004,1,3,0.014024,0.444685,0.458709,0.975000,6.410264e-01
0.004,2,1,0.014608,0.443555,0.458164,0.970703,6.417508e-01
0.004,2,2,0.013361,0.443165,0.456526,0.976074,6.420012e-01
0.004,2,3,0.013332,0.442255,0.455587,0.975000,6.425856e-01
0.004,3,1,0.013777,0.441669,0.455445,0.973633,6.429626e-01
0.004,3,2,0.013023,0.440540,0.453563,0.973877,6.436888e-01
0.004,3,3,0.013668,0.440152,0.453820,0.974405,6.439382e-01
0.004,4,1,0.012458,0.439138,0.451596,0.976318,6.445919e-01
0.004,4,2,0.013097,0.438608,0.451705,0.975342,6.449335e-01
0.004,4,3,0.014536,0.437682,0.452218,0.970536,6.455310e-01
0.004,5,1,0.013171,0.436711,0.449882,0.975098,6.461579e-01
0.004,5,2,0.012846,0.436315,0.449160,0.974365,6.464144e-01
0.004,5,3,0.013152,0.435401,0.448552,0.972917,6.470055e-01
0.004,6,1,0.013011,0.434613,0.447624,0.974854,6.475153e-01
0.004,6,2,0.013093,0.433850,0.446942,0.971436,6.480098e-01
0.004,6,3,0.012553,0.432834,0.445387,0.973810,6.486681e-01
0.004,7,1,0.013227,0.431964,0.445191,0.969727,6.492327e-01
0.004,7,2,0.012696,0.431298,0.443994,0.974609,6.496653e-01
0.004,7,3,0.012328,0.430940,0.443268,0.976190,6.498981e-01
0.004,8,1,0.012085,0.429693,0.441778,0.976318,6.507087e-01
0.004,8,2,0.013658,0.428967,0.442625,0.969971,6.511811e-01
0.004,8,3,0.012145,0.428216,0.440361,0.974702,6.516705e-01
0.004,9,1,0.012990,0.427385,0.440375,0.972168,6.522122e-01
0.004,9,2,0.012512,0.426701,0.439214,0.974854,6.526584e-01
0.004,9,3,0.012248,0.425451,0.437700,0.975000,6.534748e-01
0.004,10,1,0.013186,0.424922,0.438107,0.971680,6.538210e-01
0.004,10,2,0.012242,0.423934,0.436176,0.974854,6.544670e-01
0.004,10,3,0.011901,0.423614,0.435515,0.976488,6.546764e-01
0.004,11,1,0.012059,0.422505,0.434564,0.975830,6.554032e-01
0.004,11,2,0.012780,0.421876,0.434656,0.972900,6.558154e-01
0.004,11,3,0.012162,0.420908,0.433070,0.973810,6.564504e-01
0.004,12,1,0.012186,0.420107,0.432292,0.975830,6.569768e-01
0.004,12,2,0.011776,0.419269,0.431046,0.974609,6.575271e-01
0.004,12,3,0.012915,0.418822,0.431737,0.969643,6.578214e-01
0.004,13,1,0.012355,0.417472,0.429827,0.972412,6.587099e-01
0.004,13,2,0.012153,0.417209,0.429361,0.974121,6.588832e-01
0.004,13,3,0.011892,0.416369,0.428262,0.973810,6.594366e-01
0.004,14,1,0.012072,0.415433,0.427505,0.972656,6.600541e-01
0.004,14,2,0.012510,0.414510,0.427020,0.973877,6.606641e-01
0.004,14,3,0.011466,0.413980,0.425446,0.975893,6.610140e-01
0.004,15,1,0.011808,0.413175,0.424983,0.975098,6.615464e-01
0.004,15,2,0.012210,0.412024,0.424234,0.973633,6.623084e-01
0.004,15,3,0.011853,0.411561,0.423414,0.975000,6.626153e-01
0.004,16,1,0.012163,0.410248,0.422411,0.975586,6.634857e-01
0.004,16,2,0.012026,0.409842,0.421868,0.972900,6.637553e-01
0.004,16,3,0.011438,0.409606,0.421044,0.975595,6.639118e-01
0.004,17,1,0.012554,0.408492,0.421046,0.970703,6.646516e-01
0.004,17,2,0.011172,0.407447,0.418619,0.977783,6.653464e-01
0.004,17,3,0.011630,0.406602,0.418232,0.975298,6.659093e-01
0.004,18,1,0.011228,0.406057,0.417285,0.975342,6.662723e-01
0.004,18,2,0.012037,0.405329,0.417367,0.974609,6.667573e-01
0.004,18,3,0.011760,0.404144,0.415904,0.972917,6.675480e-01
0.004,19,1,0.011656,0.403702,0.415358,0.974609,6.678430e-01
0.004,19,2,0.011729,0.402859,0.414589,0.973145,6.684061e-01
0.004,19,3,0.011245,0.402015,0.413260,0.976488,6.689707e-01
0.004,20,1,0.011637,0.401005,0.412642,0.973633,6.696468e-01
0.004,20,2,0.011972,0.400562,0.412534,0.971924,6.699435e-01
0.004,20,3,0.010681,0.400071,0.410753,0.978869,6.702721e-01
0.004,21,1,0.011667,0.398836,0.410503,0.974121,6.711008e-01
0.004,21,2,0.011238,0.398230,0.409469,0.974854,6.715073e-01
0.004,21,3,0.011277,0.397508,0.408785,0.975000,6.719924e-01
0.004,22,1,0.011283,0.396756,0.408039,0.975586,6.724983e-01
0.004,22,2,0.011457,0.395661,0.407117,0.972168,6.732351e-01
0.004,22,3,0.011187,0.395173,0.406361,0.976190,6.735633e-01
0.004,23,1,0.011351,0.394246,0.405598,0.975098,6.741879e-01
0.004,23,2,0.011503,0.393652,0.405155,0.973633,6.745889e-01
0.004,23,3,0.010785,0.392733,0.403518,0.975298,6.752089e-01
0.004,24,1,0.010873,0.392132,0.403005,0.974365,6.756152e-01
0.004,24,2,0.011457,0.391399,0.402856,0.974121,6.761103e-01
0.004,24,3,0.011145,0.390138,0.401283,0.975595,6.769636e-01
0.004,25,1,0.010896,0.389811,0.400707,0.976562,6.771849e-01
0.004,25,2,0.011555,0.388836,0.400392,0.973145,6.778451e-01
0.004,25,3,0.010717,0.388188,0.398905,0.974405,6.782850e-01
0.004,26,1,0.010754,0.387471,0.398225,0.974121,6.787714e-01
0.004,26,2,0.011366,0.386709,0.398075,0.974365,6.792890e-01
0.004,26,3,0.010833,0.385770,0.396602,0.976786,6.799271e-01
0.004,27,1,0.010872,0.384886,0.395759,0.976807,6.805280e-01
0.004,27,2,0.011164,0.384606,0.395770,0.971924,6.807186e-01
0.004,27,3,0.010655,0.383664,0.394318,0.976190,6.813606e-01
0.004,28,1,0.010948,0.382890,0.393838,0.975586,6.818879e-01
0.004,28,2,0.011056,0.382208,0.393263,0.972900,6.823533e-01
0.004,28,3,0.010439,0.381229,0.391668,0.975298,6.830211e-01
0.004,29,1,0.011091,0.380840,0.391931,0.973633,6.832873e-01
0.004,29,2,0.009978,0.379719,0.389698,0.977295,6.840533e-01
0.004,29,3,0.011334,0.378992,0.390326,0.972917,6.845510e-01
0.004,30,1,0.011291,0.378106,0.389397,0.975586,6.851577e-01
0.004,30,2,0.011148,0.377904,0.389052,0.972412,6.852963e-01
0.004,30,3,0.009420,0.376780,0.386200,0.978274,6.860670e-01
0.008,1,1,0.017967,0.374719,0.392687,0.974854,6.874821e-01
0.008,1,2,0.018001,0.373160,0.391161,0.973633,6.885553e-01
0.008,1,3,0.017603,0.372859,0.390461,0.975000,6.887625e-01
0.008,2,1,0.016844,0.371940,0.388784,0.975342,6.893955e-01
0.008,2,2,0.017370,0.371431,0.388801,0.973389,6.897467e-01
0.008,2,3,0.017635,0.371712,0.389347,0.971726,6.895527e-01
0.008,3,1,0.017139,0.370504,0.387643,0.971436,6.903866e-01
0.008,3,2,0.017147,0.369531,0.386679,0.971924,6.910580e-01
0.008,3,3,0.016043,0.369085,0.385128,0.976488,6.913666e-01
0.008,4,1,0.016536,0.368440,0.384976,0.974854,6.918130e-01
0.008,4,2,0.016631,0.367470,0.384101,0.973633,6.924842e-01
0.008,4,3,0.016696,0.367187,0.383883,0.974405,6.926803e-01
0.008,5,1,0.015946,0.366357,0.382303,0.977295,6.932550e-01
0.008,5,2,0.017021,0.365766,0.382787,0.968262,6.936651e-01
0.008,5,3,0.015720,0.364970,0.380690,0.977083,6.942172e-01
0.008,6,1,0.015563,0.364257,0.379819,0.974365,6.947129e-01
0.008,6,2,0.016253,0.363565,0.379818,0.971680,6.951933e-01
0.008,6,3,0.016200,0.363369,0.379569,0.973512,6.953296e-01
0.008,7,1,0.016020,0.362351,0.378371,0.973389,6.960379e-01
0.008,7,2,0.015699,0.361572,0.377272,0.971191,6.965802e-01
0.008,7,3,0.015769,0.361128,0.376897,0.972619,6.968895e-01
0.008,8,1,0.015182,0.360495,0.375676,0.975586,6.973314e-01
0.008,8,2,0.015500,0.359511,0.375011,0.972656,6.980176e-01
0.008,8,3,0.016230,0.358821,0.375050,0.970238,6.984996e-01
0.008,9,1,0.015093,0.358211,0.373304,0.974121,6.989258e-01
0.008,9,2,0.015859,0.357319,0.373178,0.971924,6.995496e-01
0.008,9,3,0.015244,0.357164,0.372408,0.974107,6.996579e-01
0.008,10,1,0.015500,0.356470,0.371970,0.971191,7.001432e-01
0.008,10,2,0.015086,0.355500,0.370586,0.975098,7.008231e-01
0.008,10,3,0.015283,0.354405,0.369689,0.972321,7.015907e-01
0.008,11,1,0.014873,0.354035,0.368908,0.973877,7.018504e-01
0.008,11,2,0.015083,0.353699,0.368782,0.974121,7.020862e-01
0.008,11,3,0.015335,0.352537,0.367872,0.969940,7.029025e-01
0.008,12,1,0.014785,0.351993,0.366778,0.972900,7.032850e-01
0.008,12,2,0.014796,0.351419,0.366215,0.974365,7.036886e-01
0.008,12,3,0.014971,0.350823,0.365794,0.971726,7.041080e-01
0.008,13,1,0.015650,0.350113,0.365763,0.967041,7.046086e-01
0.008,13,2,0.014083,0.349406,0.363490,0.976074,7.051066e-01
0.008,13,3,0.014224,0.348587,0.362811,0.978571,7.056846e-01
0.008,14,1,0.014602,0.347819,0.362421,0.971924,7.062266e-01
0.008,14,2,0.015269,0.347230,0.362499,0.971191,7.066429e-01
0.008,14,3,0.013546,0.347042,0.360587,0.978274,7.067759e-01
0.008,15,1,0.014466,0.345986,0.360452,0.973877,7.075222e-01
0.008,15,2,0.013953,0.345354,0.359307,0.975586,7.079698e-01
0.008,15,3,0.014670,0.344569,0.359239,0.970536,7.085258e-01
0.008,16,1,0.014742,0.344108,0.358849,0.974121,7.088525e-01
0.008,16,2,0.013482,0.343200,0.356682,0.974854,7.094960e-01
0.008,16,3,0.014299,0.342488,0.356787,0.971429,7.100016e-01
0.008,17,1,0.013560,0.341954,0.355514,0.975342,7.103810e-01
0.008,17,2,0.014189,0.340954,0.355143,0.971924,7.110917e-01
0.008,17,3,0.014408,0.340874,0.355282,0.973214,7.111486e-01
0.008,18,1,0.013825,0.339948,0.353773,0.972168,7.118070e-01
0.008,18,2,0.013495,0.339417,0.352912,0.975586,7.121857e-01
0.008,18,3,0.014465,0.338257,0.352722,0.972321,7.130120e-01
0.008,19,1,0.014438,0.337706,0.352144,0.970703,7.134050e-01
0.008,19,2,0.013343,0.337214,0.350557,0.976562,7.137562e-01
0.008,19,3,0.013281,0.336799,0.350080,0.973512,7.140527e-01
0.008,20,1,0.013331,0.336292,0.349623,0.975098,7.144143e-01
0.008,20,2,0.013154,0.335152,0.348306,0.976318,7.152294e-01
0.008,20,3,0.014209,0.334208,0.348416,0.969643,7.159051e-01
0.008,21,1,0.013499,0.333627,0.347126,0.974854,7.163210e-01
0.008,21,2,0.013984,0.333518,0.347502,0.971680,7.163993e-01
0.008,21,3,0.012445,0.332654,0.345099,0.978869,7.170186e-01
0.008,22,1,0.013496,0.331838,0.345334,0.974365,7.176036e-01
0.008,22,2,0.013402,0.331224,0.344626,0.972412,7.180445e-01
0.008,22,3,0.012689,0.330837,0.343526,0.976488,7.183223e-01
0.008,23,1,0.013344,0.330095,0.343439,0.973633,7.188555e-01
0.008,23,2,0.013539,0.329212,0.342751,0.973877,7.194904e-01
0.008,23,3,0.012216,0.328612,0.340828,0.976786,7.199221e-01
0.008,24,1,0.012312,0.327802,0.340114,0.977783,7.205054e-01
0.008,24,2,0.012729,0.327219,0.339947,0.974365,7.209261e-01
0.008,24,3,0.013984,0.327034,0.341018,0.972024,7.210590e-01
0.008,25,1,0.012261,0.325975,0.338236,0.977295,7.218235e-01
0.008,25,2,0.012992,0.325249,0.338240,0.973145,7.223478e-01
0.008,25,3,0.013278,0.324874,0.338152,0.972321,7.226181e-01
0.008,26,1,0.012789,0.323978,0.336767,0.973877,7.232663e-01
0.008,26,2,0.012637,0.323654,0.336291,0.973633,7.235002e-01
0.008,26,3,0.012697,0.322489,0.335186,0.975000,7.243442e-01
0.008,27,1,0.012629,0.322264,0.334893,0.972900,7.245070e-01
0.008,27,2,0.011999,0.321199,0.333198,0.979492,7.252787e-01
0.008,27,3,0.013277,0.320857,0.334134,0.969643,7.255269e-01
0.008,28,1,0.011819,0.320129,0.331948,0.979248,7.260553e-01
0.008,28,2,0.012777,0.319323,0.332100,0.972656,7.266406e-01
0.008,28,3,0.012841,0.319085,0.331926,0.970536,7.268137e-01
0.008,29,1,0.011326,0.317927,0.329253,0.977051,7.276561e-01
0.008,29,2,0.011992,0.317458,0.329450,0.978027,7.279974e-01
0.008,29,3,0.013897,0.317432,0.331329,0.968155,7.280162e-01
0.008,30,1,0.011589,0.316268,0.327858,0.976318,7.288638e-01
0.008,30,2,0.013208,0.315853,0.329061,0.972656,7.291665e-01
0.008,30,3,0.011644,0.314824,0.326468,0.977381,7.299174e-01
0.016,1,1,0.023532,0.311394,0.334927,0.973145,7.324249e-01
0.016,1,2,0.023078,0.311069,0.334147,0.973145,7.326634e-01
0.016,1,3,0.022739,0.310205,0.332944,0.972321,7.332969e-01
0.016,2,1,0.022285,0.309503,0.331788,0.972412,7.338115e-01
0.016,2,2,0.022342,0.309026,0.331368,0.973389,7.341613e-01
0.016,2,3,0.022535,0.308596,0.331131,0.970833,7.344776e-01
0.016,3,1,0.022435,0.307994,0.330429,0.970459,7.349199e-01
0.016,3,2,0.021513,0.306998,0.328511,0.970459,7.356520e-01
0.016,3,3,0.021199,0.306694,0.327893,0.973214,7.358758e-01
0.016,4,1,0.020686,0.306055,0.326741,0.972168,7.363461e-01
0.016,4,2,0.021210,0.305242,0.326451,0.972656,7.369452e-01
0.016,4,3,0.022147,0.304740,0.326887,0.966071,7.373149e-01
0.016,5,1,0.021448,0.304291,0.325739,0.967773,7.376464e-01
0.016,5,2,0.020591,0.303085,0.323675,0.970459,7.385367e-01
0.016,5,3,0.020415,0.303035,0.323450,0.972917,7.385734e-01
0.016,6,1,0.019678,0.302085,0.321763,0.972168,7.392751e-01
0.016,6,2,0.020105,0.301754,0.321859,0.973389,7.395200e-01
0.016,6,3,0.021719,0.300840,0.322559,0.962202,7.401960e-01
0.016,7,1,0.020479,0.300562,0.321042,0.967529,7.404017e-01
0.016,7,2,0.019737,0.299174,0.318911,0.970947,7.414303e-01
0.016,7,3,0.019849,0.299300,0.319148,0.969643,7.413371e-01
0.016,8,1,0.019324,0.298255,0.317579,0.971436,7.421120e-01
0.016,8,2,0.019909,0.298020,0.317928,0.967285,7.422866e-01
0.016,8,3,0.019704,0.296997,0.316701,0.969345,7.430460e-01
0.016,9,1,0.019947,0.296694,0.316642,0.966309,7.432712e-01
0.016,9,2,0.018740,0.295955,0.314695,0.972656,7.438212e-01
0.016,9,3,0.019148,0.294902,0.314051,0.972024,7.446044e-01
0.016,10,1,0.018947,0.294964,0.313911,0.971191,7.445584e-01
0.016,10,2,0.018868,0.294078,0.312946,0.970459,7.452186e-01
0.016,10,3,0.019056,0.292788,0.311844,0.969643,7.461805e-01
0.016,11,1,0.018967,0.292925,0.311892,0.968506,7.460780e-01
0.016,11,2,0.018411,0.291998,0.310409,0.971191,7.467702e-01
0.016,11,3,0.018354,0.291328,0.309682,0.972917,7.472704e-01
0.016,12,1,0.018804,0.291040,0.309844,0.967285,7.474856e-01
0.016,12,2,0.017890,0.290065,0.307955,0.972412,7.482147e-01
0.016,12,3,0.018050,0.289552,0.307602,0.971131,7.485991e-01
0.016,13,1,0.017320,0.288760,0.306080,0.974121,7.491920e-01
0.016,13,2,0.018457,0.288416,0.306873,0.968262,7.494498e-01
0.016,13,3,0.018066,0.287943,0.306009,0.969048,7.498045e-01
0.016,14,1,0.017034,0.286996,0.304030,0.972900,7.505144e-01
0.016,14,2,0.018340,0.286589,0.304929,0.968018,7.508199e-01
0.016,14,3,0.017459,0.285934,0.303393,0.969940,7.513124e-01
0.016,15,1,0.017434,0.285186,0.302620,0.969971,7.518743e-01
0.016,15,2,0.017262,0.284623,0.301885,0.972656,7.522976e-01
0.016,15,3,0.017282,0.284150,0.301432,0.969345,7.526539e-01
0.016,16,1,0.016789,0.283057,0.299846,0.973145,7.534769e-01
0.016,16,2,0.017098,0.282938,0.300036,0.970947,7.535667e-01
0.016,16,3,0.017311,0.282427,0.299738,0.969643,7.539517e-01
0.016,17,1,0.016831,0.281531,0.298363,0.971436,7.546273e-01
0.016,17,2,0.016229,0.280839,0.297068,0.974609,7.551498e-01
0.016,17,3,0.017400,0.280518,0.297918,0.967262,7.553922e-01
0.016,18,1,0.016323,0.279631,0.295954,0.974121,7.560628e-01
0.016,18,2,0.016323,0.279357,0.295680,0.971924,7.562698e-01
0.016,18,3,0.016937,0.278375,0.295312,0.968155,7.570127e-01
0.016,19,1,0.015531,0.277716,0.293248,0.973389,7.575116e-01
0.016,19,2,0.016316,0.277370,0.293686,0.972656,7.577742e-01
0.016,19,3,0.016932,0.276924,0.293856,0.968452,7.581123e-01
0.016,20,1,0.016338,0.275850,0.292188,0.969727,7.589270e-01
0.016,20,2,0.015336,0.275693,0.291030,0.973877,7.590456e-01
0.016,20,3,0.016258,0.275064,0.291321,0.972024,7.595238e-01
0.016,21,1,0.015236,0.274503,0.289739,0.973877,7.599495e-01
0.016,21,2,0.016023,0.273826,0.289849,0.971680,7.604643e-01
0.016,21,3,0.015916,0.272804,0.288720,0.970238,7.612418e-01
0.016,22,1,0.016060,0.272304,0.288364,0.971191,7.616228e-01
0.016,22,2,0.015857,0.271791,0.287648,0.968994,7.620138e-01
0.016,22,3,0.014296,0.271801,0.286097,0.977679,7.620056e-01
0.016,23,1,0.016029,0.270914,0.286943,0.968506,7.626823e-01
0.016,23,2,0.014868,0.269965,0.284833,0.974121,7.634062e-01
0.016,23,3,0.014778,0.269579,0.284357,0.974405,7.637010e-01
0.016,24,1,0.014524,0.268815,0.283339,0.973633,7.642846e-01
0.016,24,2,0.015830,0.268509,0.284339,0.969971,7.645183e-01
0.016,24,3,0.014713,0.267807,0.282520,0.973214,7.650553e-01
0.016,25,1,0.014354,0.267337,0.281692,0.973145,7.654148e-01
0.016,25,2,0.014899,0.266707,0.281606,0.971924,7.658972e-01
0.016,25,3,0.015325,0.265754,0.281079,0.971726,7.666278e-01
0.016,26,1,0.014787,0.265251,0.280039,0.972412,7.670131e-01
0.016,26,2,0.015463,0.265134,0.280596,0.969482,7.671033e-01
0.016,26,3,0.013355,0.264217,0.277571,0.976190,7.678072e-01
0.016,27,1,0.014480,0.263909,0.278389,0.971680,7.680436e-01
0.016,27,2,0.014803,0.263110,0.277913,0.971191,7.686574e-01
0.016,27,3,0.013807,0.262354,0.276161,0.975595,7.692390e-01
0.016,28,1,0.013794,0.261748,0.275542,0.972656,7.697052e-01
0.016,28,2,0.014736,0.261350,0.276086,0.971924,7.700116e-01
0.016,28,3,0.014030,0.261199,0.275229,0.974405,7.701277e-01
0.016,29,1,0.014304,0.260017,0.274321,0.970703,7.710384e-01
0.016,29,2,0.014098,0.259804,0.273902,0.973877,7.712025e-01
0.016,29,3,0.013529,0.259274,0.272802,0.975000,7.716118e-01
0.016,30,1,0.014586,0.258652,0.273237,0.970947,7.720920e-01
0.016,30,2,0.014003,0.257975,0.271978,0.970459,7.726147e-01
0.016,30,3,0.012661,0.257273,0.269934,0.978571,7.731570e-01
0.032,1,1,0.027769,0.252360,0.280129,0.967285,7.769651e-01
0.032,1,2,0.026743,0.251801,0.278544,0.970703,7.773996e-01
0.032,1,3,0.026828,0.251165,0.277993,0.968750,7.778939e-01
0.032,2,1,0.026814,0.251108,0.277922,0.965820,7.779385e-01
0.032,2,2,0.025890,0.249872,0.275762,0.968262,7.789006e-01
0.032,2,3,0.026126,0.249593,0.275719,0.964881,7.791181e-01
0.032,3,1,0.025845,0.249243,0.275088,0.966553,7.793907e-01
0.032,3,2,0.025498,0.248651,0.274149,0.967041,7.798522e-01
0.032,3,3,0.025218,0.248011,0.273229,0.966964,7.803513e-01
0.032,4,1,0.025210,0.247676,0.272887,0.962158,7.806125e-01
0.032,4,2,0.024551,0.247139,0.271690,0.969727,7.810323e-01
0.032,4,3,0.024981,0.246272,0.271252,0.964286,7.817098e-01
0.032,5,1,0.024077,0.245942,0.270020,0.967773,7.819673e-01
0.032,5,2,0.024402,0.245432,0.269835,0.963379,7.823661e-01
0.032,5,3,0.024545,0.244905,0.269450,0.964583,7.827787e-01
0.032,6,1,0.023512,0.244296,0.267808,0.967285,7.832557e-01
0.032,6,2,0.024061,0.243594,0.267655,0.962891,7.838054e-01
0.032,6,3,0.023705,0.243646,0.267351,0.964881,7.837650e-01
0.032,7,1,0.023341,0.242708,0.266049,0.965820,7.845006e-01
0.032,7,2,0.023154,0.242217,0.265371,0.963135,7.848860e-01
0.032,7,3,0.023020,0.241806,0.264826,0.965774,7.852081e-01
0.032,8,1,0.022778,0.241103,0.263880,0.966553,7.857609e-01
0.032,8,2,0.022989,0.240279,0.263269,0.961670,7.864083e-01
0.032,8,3,0.022040,0.240683,0.262724,0.968750,7.860906e-01
0.032,9,1,0.022831,0.239629,0.262460,0.962158,7.869199e-01
0.032,9,2,0.021740,0.239012,0.260752,0.968506,7.874053e-01
0.032,9,3,0.021688,0.238577,0.260265,0.967262,7.877478e-01
0.032,10,1,0.022446,0.238126,0.260572,0.962891,7.881032e-01
0.032,10,2,0.021098,0.237511,0.258609,0.968750,7.885884e-01
0.032,10,3,0.021209,0.236796,0.258005,0.966369,7.891523e-01
0.032,11,1,0.021163,0.236606,0.257769,0.968018,7.893022e-01
0.032,11,2,0.021601,0.235854,0.257455,0.962646,7.898961e-01
0.032,11,3,0.020495,0.235241,0.255735,0.969048,7.903806e-01
0.032,12,1,0.020445,0.234861,0.255305,0.970459,7.906811e-01
0.032,12,2,0.020929,0.234640,0.255569,0.964355,7.908554e-01
0.032,12,3,0.020611,0.233449,0.254060,0.965476,7.917979e-01
0.032,13,1,0.020342,0.233303,0.253645,0.967041,7.919134e-01
0.032,13,2,0.019889,0.232753,0.252642,0.968018,7.923493e-01
0.032,13,3,0.020427,0.232274,0.252701,0.965774,7.927287e-01
0.032,14,1,0.019202,0.231581,0.250783,0.970703,7.932784e-01
0.032,14,2,0.019562,0.231291,0.250853,0.968262,7.935086e-01
0.032,14,3,0.020687,0.230819,0.251506,0.961607,7.938832e-01
0.032,15,1,0.019683,0.230356,0.250039,0.967041,7.942508e-01
0.032,15,2,0.018648,0.229516,0.248164,0.970459,7.949180e-01
0.032,15,3,0.019730,0.229157,0.248887,0.964583,7.952034e-01
0.032,16,1,0.018791,0.228432,0.247223,0.968750,7.957808e-01
0.032,16,2,0.018732,0.228430,0.247163,0.967529,7.957818e-01
0.032,16,3,0.019322,0.227522,0.246845,0.966369,7.965046e-01
0.032,17,1,0.019472,0.227028,0.246500,0.962158,7.968987e-01
0.032,17,2,0.018366,0.226562,0.244928,0.968506,7.972699e-01
0.032,17,3,0.017600,0.226223,0.243823,0.974702,7.975406e-01
0.032,18,1,0.018163,0.225455,0.243618,0.967529,7.981531e-01
0.032,18,2,0.017695,0.225039,0.242734,0.973145,7.984847e-01
0.032,18,3,0.018759,0.224729,0.243488,0.962798,7.987325e-01
0.032,19,1,0.017208,0.224112,0.241321,0.970215,7.992253e-01
0.032,19,2,0.018563,0.223757,0.242319,0.965332,7.995097e-01
0.032,19,3,0.017628,0.222699,0.240327,0.970536,8.003557e-01
0.032,20,1,0.017343,0.222730,0.240073,0.968750,8.003306e-01
0.032,20,2,0.018053,0.222252,0.240306,0.967285,8.007132e-01
0.032,20,3,0.016910,0.221027,0.237937,0.970238,8.016952e-01
0.032,21,1,0.017520,0.221100,0.238620,0.967529,8.016364e-01
0.032,21,2,0.017289,0.220211,0.237500,0.968506,8.023492e-01
0.032,21,3,0.016462,0.220356,0.236818,0.971429,8.022330e-01
0.032,22,1,0.016688,0.219402,0.236090,0.969971,8.029992e-01
0.032,22,2,0.017286,0.219052,0.236338,0.965820,8.032803e-01
0.032,22,3,0.016368,0.218729,0.235097,0.972321,8.035397e-01
0.032,23,1,0.017032,0.217919,0.234950,0.968506,8.041907e-01
0.032,23,2,0.016199,0.217556,0.233755,0.968018,8.044827e-01
0.032,23,3,0.016200,0.217281,0.233481,0.971131,8.047040e-01
0.032,24,1,0.016164,0.216979,0.233143,0.968262,8.049471e-01
0.032,24,2,0.015371,0.215843,0.231214,0.974121,8.058617e-01
0.032,24,3,0.017251,0.215462,0.232713,0.963393,8.061691e-01
0.032,25,1,0.016061,0.215081,0.231142,0.968994,8.064759e-01
0.032,25,2,0.015712,0.214984,0.230696,0.970215,8.065547e-01
0.032,25,3,0.015971,0.213797,0.229768,0.969048,8.075126e-01
0.032,26,1,0.015494,0.213452,0.228946,0.970947,8.077909e-01
0.032,26,2,0.015513,0.213099,0.228612,0.969971,8.080761e-01
0.032,26,3,0.015958,0.213088,0.229046,0.967262,8.080853e-01
0.032,27,1,0.015383,0.212173,0.227556,0.971191,8.088249e-01
0.032,27,2,0.014932,0.211635,0.226567,0.969238,8.092597e-01
0.032,27,3,0.015892,0.211470,0.227361,0.969643,8.093937e-01
0.032,28,1,0.015749,0.210695,0.226444,0.966797,8.100214e-01
0.032,28,2,0.015029,0.210147,0.225175,0.971436,8.104655e-01
0.032,28,3,0.014438,0.210164,0.224602,0.973512,8.104510e-01
0.032,29,1,0.015437,0.209575,0.225012,0.969727,8.109288e-01
0.032,29,2,0.014047,0.209160,0.223207,0.973145,8.112651e-01
0.032,29,3,0.015154,0.207842,0.222996,0.969940,8.123356e-01
0.032,30,1,0.014801,0.208095,0.222897,0.970947,8.121295e-01
0.032,30,2,0.014742,0.207285,0.222027,0.971436,8.127879e-01
0.032,30,3,0.014236,0.207078,0.221314,0.971131,8.129563e-01
0.064,1,1,0.027709,0.199067,0.226775,0.965820,8.194953e-01
0.064,1,2,0.027598,0.198645,0.226243,0.966309,8.198407e-01
0.064,1,3,0.028376,0.198970,0.227346,0.959821,8.195742e-01
0.064,2,1,0.027035,0.197945,0.224980,0.963379,8.204152e-01
0.064,2,2,0.026517,0.197789,0.224305,0.964844,8.205433e-01
0.064,2,3,0.027128,0.197359,0.224487,0.961012,8.208962e-01
0.064,3,1,0.026812,0.197010,0.223823,0.960938,8.211822e-01
0.064,3,2,0.025877,0.196679,0.222556,0.964355,8.214542e-01
0.064,3,3,0.025645,0.195769,0.221414,0.963095,8.222022e-01
0.064,4,1,0.026039,0.195722,0.221761,0.961670,8.222405e-01
0.064,4,2,0.025633,0.195543,0.221176,0.958496,8.223882e-01
0.064,4,3,0.024428,0.194546,0.218974,0.964286,8.232084e-01
0.064,5,1,0.025673,0.194884,0.220557,0.956787,8.229299e-01
0.064,5,2,0.024284,0.193870,0.218154,0.964600,8.237646e-01
0.064,5,3,0.024404,0.193363,0.217766,0.962500,8.241829e-01
0.064,6,1,0.024741,0.193300,0.218041,0.961914,8.242345e-01
0.064,6,2,0.024133,0.192668,0.216802,0.960205,8.247556e-01
0.064,6,3,0.023598,0.192524,0.216122,0.962500,8.248744e-01
0.064,7,1,0.024197,0.192009,0.216206,0.960693,8.252994e-01
0.064,7,2,0.023708,0.191761,0.215470,0.960449,8.255039e-01
0.064,7,3,0.022682,0.190980,0.213662,0.966071,8.261492e-01
0.064,8,1,0.023179,0.190831,0.214010,0.961426,8.262719e-01
0.064,8,2,0.022652,0.190137,0.212789,0.966309,8.268462e-01
0.064,8,3,0.023257,0.190154,0.213411,0.958631,8.268319e-01
0.064,9,1,0.023249,0.189223,0.212472,0.957520,8.276020e-01
0.064,9,2,0.022020,0.189394,0.211414,0.966064,8.274605e-01
0.064,9,3,0.022047,0.188759,0.210806,0.964583,8.279858e-01
0.064,10,1,0.022116,0.188213,0.210328,0.961426,8.284384e-01
0.064,10,2,0.021409,0.187585,0.208995,0.965332,8.289583e-01
0.064,10,3,0.022398,0.187925,0.210323,0.961310,8.286768e-01
0.064,11,1,0.021398,0.187339,0.208737,0.963623,8.291626e-01
0.064,11,2,0.021237,0.186536,0.207773,0.965820,8.298285e-01
0.064,11,3,0.021816,0.185996,0.207812,0.959821,8.302766e-01
0.064,12,1,0.021039,0.185948,0.206986,0.961670,8.303170e-01
0.064,12,2,0.020410,0.185225,0.205636,0.968018,8.309169e-01
0.064,12,3,0.021640,0.185029,0.206669,0.961310,8.310800e-01
0.064,13,1,0.020392,0.184548,0.204940,0.965332,8.314799e-01
0.064,13,2,0.020713,0.184231,0.204944,0.964111,8.317434e-01
0.064,13,3,0.020453,0.183707,0.204160,0.963988,8.321795e-01
0.064,14,1,0.020262,0.183067,0.203329,0.963379,8.327125e-01
0.064,14,2,0.019346,0.182763,0.202110,0.969727,8.329654e-01
0.064,14,3,0.020732,0.183085,0.203817,0.960714,8.326974e-01
0.064,15,1,0.020169,0.182005,0.202174,0.962402,8.335975e-01
0.064,15,2,0.019241,0.181726,0.200967,0.967773,8.338297e-01
0.064,15,3,0.019505,0.181439,0.200944,0.964881,8.340691e-01
0.064,16,1,0.019522,0.180929,0.200451,0.966553,8.344947e-01
0.064,16,2,0.019505,0.180784,0.200288,0.964355,8.346156e-01
0.064,16,3,0.018551,0.179711,0.198262,0.964881,8.355114e-01
0.064,17,1,0.018593,0.179682,0.198275,0.966797,8.355360e-01
0.064,17,2,0.018810,0.179111,0.197921,0.967041,8.360128e-01
0.064,17,3,0.019156,0.179096,0.198253,0.963988,8.360253e-01
0.064,18,1,0.018697,0.178405,0.197102,0.965820,8.366034e-01
0.064,18,2,0.018549,0.178116,0.196665,0.967285,8.368451e-01
0.064,18,3,0.018030,0.177707,0.195737,0.966369,8.371877e-01
0.064,19,1,0.017924,0.177159,0.195084,0.967773,8.376462e-01
0.064,19,2,0.017998,0.176745,0.194742,0.966553,8.379938e-01
0.064,19,3,0.018410,0.176758,0.195168,0.965179,8.379826e-01
0.064,20,1,0.017646,0.175962,0.193608,0.967041,8.386497e-01
0.064,20,2,0.018117,0.175384,0.193502,0.964600,8.391344e-01
0.064,20,3,0.017424,0.175765,0.193189,0.968452,8.388150e-01
0.064,21,1,0.017168,0.174667,0.191835,0.968994,8.397363e-01
0.064,21,2,0.017651,0.174669,0.192320,0.966553,8.397351e-01
0.064,21,3,0.017442,0.174134,0.191577,0.964583,8.401841e-01
0.064,22,1,0.017213,0.173868,0.191081,0.968262,8.404079e-01
0.064,22,2,0.017060,0.173181,0.190241,0.968262,8.409854e-01
0.064,22,3,0.016968,0.172870,0.189838,0.966071,8.412466e-01
0.064,23,1,0.017317,0.172635,0.189951,0.966797,8.414450e-01
0.064,23,2,0.016254,0.172041,0.188295,0.970703,8.419451e-01
0.064,23,3,0.016764,0.171745,0.188509,0.967262,8.421940e-01
0.064,24,1,0.016694,0.171392,0.188086,0.967773,8.424908e-01
0.064,24,2,0.016131,0.170928,0.187059,0.970215,8.428822e-01
0.064,24,3,0.016620,0.170630,0.187251,0.967857,8.431332e-01
0.064,25,1,0.016037,0.170206,0.186243,0.968994,8.434907e-01
0.064,25,2,0.016179,0.169622,0.185800,0.970459,8.439841e-01
0.064,25,3,0.016372,0.169706,0.186078,0.967262,8.439125e-01
0.064,26,1,0.015362,0.169129,0.184491,0.971680,8.444003e-01
0.064,26,2,0.016480,0.168601,0.185081,0.967773,8.448459e-01
0.064,26,3,0.015866,0.168324,0.184189,0.968155,8.450803e-01
0.064,27,1,0.015413,0.167979,0.183392,0.972900,8.453716e-01
0.064,27,2,0.015292,0.167323,0.182615,0.968018,8.459260e-01
0.064,27,3,0.016324,0.167368,0.183692,0.966964,8.458885e-01
0.064,28,1,0.016010,0.167100,0.183110,0.970459,8.461152e-01
0.064,28,2,0.014923,0.166434,0.181357,0.968750,8.466786e-01
0.064,28,3,0.015161,0.165634,0.180795,0.970536,8.473560e-01
0.064,29,1,0.014134,0.165701,0.179835,0.973389,8.472993e-01
0.064,29,2,0.015484,0.165036,0.180519,0.968506,8.478634e-01
0.064,29,3,0.015919,0.165184,0.181103,0.967560,8.477380e-01
0.064,30,1,0.014615,0.164749,0.179364,0.973145,8.481065e-01
0.064,30,2,0.014885,0.163931,0.178817,0.968750,8.488002e-01
0.064,30,3,0.015227,0.163861,0.179088,0.969048,8.488603e-01
0.128,1,1,0.028452,0.151571,0.180023,0.956787,8.593569e-01
0.128,1,2,0.027393,0.151251,0.178644,0.961670,8.596318e-01
0.128,1,3,0.027564,0.151029,0.178593,0.959524,8.598226e-01
0.128,2,1,0.026886,0.150793,0.177679,0.963623,8.600254e-01
0.128,2,2,0.027287,0.150371,0.177658,0.958008,8.603889e-01
0.128,2,3,0.026319,0.150200,0.176519,0.961905,8.605360e-01
0.128,3,1,0.026632,0.150157,0.176789,0.959961,8.605731e-01
0.128,3,2,0.025570,0.149575,0.175145,0.962158,8.610737e-01
0.128,3,3,0.025998,0.149229,0.175227,0.960714,8.613719e-01
0.128,4,1,0.025521,0.148963,0.174484,0.962891,8.616013e-01
0.128,4,2,0.025650,0.148661,0.174311,0.957520,8.618613e-01
0.128,4,3,0.025109,0.148976,0.174085,0.960714,8.615902e-01
0.128,5,1,0.024636,0.148516,0.173152,0.965576,8.619864e-01
0.128,5,2,0.025089,0.147792,0.172880,0.958740,8.626108e-01
0.128,5,3,0.024609,0.147663,0.172272,0.954762,8.627217e-01
0.128,6,1,0.024484,0.147626,0.172110,0.960449,8.627533e-01
0.128,6,2,0.023982,0.147176,0.171158,0.957520,8.631418e-01
0.128,6,3,0.024085,0.146515,0.170600,0.959524,8.637124e-01
0.128,7,1,0.023811,0.146728,0.170539,0.959961,8.635292e-01
0.128,7,2,0.023744,0.146239,0.169983,0.956543,8.639511e-01
0.128,7,3,0.023312,0.145747,0.169059,0.964286,8.643764e-01
0.128,8,1,0.023020,0.145822,0.168842,0.960205,8.643113e-01
0.128,8,2,0.023519,0.145450,0.168969,0.958008,8.646335e-01
0.128,8,3,0.022599,0.144829,0.167428,0.961607,8.651704e-01
0.128,9,1,0.022690,0.144519,0.167209,0.957031,8.654382e-01
0.128,9,2,0.022981,0.144849,0.167831,0.958984,8.651526e-01
0.128,9,3,0.021703,0.144184,0.165887,0.966667,8.657284e-01
0.128,10,1,0.022062,0.143611,0.165673,0.959229,8.662245e-01
0.128,10,2,0.021930,0.143907,0.165837,0.962158,8.659687e-01
0.128,10,3,0.021942,0.143472,0.165415,0.961012,8.663446e-01
0.128,11,1,0.021246,0.142903,0.164149,0.963135,8.668384e-01
0.128,11,2,0.021279,0.143058,0.164338,0.965576,8.667035e-01
0.128,11,3,0.022069,0.142381,0.164450,0.956250,8.672908e-01
0.128,12,1,0.021211,0.142482,0.163692,0.962891,8.672035e-01
0.128,12,2,0.020723,0.141717,0.162439,0.966309,8.678670e-01
0.128,12,3,0.021191,0.141519,0.162710,0.957440,8.680385e-01
0.128,13,1,0.020554,0.141529,0.162083,0.962646,8.680298e-01
0.128,13,2,0.020351,0.140911,0.161262,0.963623,8.685667e-01
0.128,13,3,0.020886,0.140640,0.161526,0.961310,8.688019e-01
0.128,14,1,0.020169,0.140451,0.160620,0.964111,8.689662e-01
0.128,14,2,0.020570,0.140166,0.160736,0.961426,8.692142e-01
0.128,14,3,0.019593,0.139832,0.159425,0.963095,8.695045e-01
0.128,15,1,0.019972,0.139787,0.159758,0.962158,8.695438e-01
0.128,15,2,0.019791,0.139120,0.158911,0.963135,8.701240e-01
0.128,15,3,0.019361,0.138887,0.158248,0.965179,8.703264e-01
0.128,16,1,0.019826,0.138767,0.158593,0.962402,8.704308e-01
0.128,16,2,0.018494,0.138127,0.156620,0.967773,8.709884e-01
0.128,16,3,0.019774,0.138320,0.158094,0.960714,8.708197e-01
0.128,17,1,0.018775,0.137857,0.156632,0.965332,8.712235e-01
0.128,17,2,0.019215,0.137675,0.156890,0.965820,8.713820e-01
0.128,17,3,0.018854,0.136977,0.155831,0.960119,8.719902e-01
0.128,18,1,0.019087,0.137089,0.156176,0.960938,8.718925e-01
0.128,18,2,0.018241,0.136458,0.154699,0.965820,8.724431e-01
0.128,18,3,0.018353,0.136418,0.154772,0.966667,8.724776e-01
0.128,19,1,0.018272,0.136140,0.154412,0.965576,8.727204e-01
0.128,19,2,0.018631,0.135664,0.154295,0.964111,8.731357e-01
0.128,19,3,0.017626,0.135581,0.153207,0.963690,8.732084e-01
0.128,20,1,0.017342,0.135113,0.152454,0.967773,8.736175e-01
0.128,20,2,0.018734,0.135336,0.154070,0.959717,8.734226e-01
0.128,20,3,0.017440,0.134287,0.151726,0.968155,8.743395e-01
0.128,21,1,0.018648,0.134580,0.153228,0.959473,8.740830e-01
0.128,21,2,0.017194,0.134176,0.151370,0.968750,8.744361e-01
0.128,21,3,0.016578,0.133415,0.149993,0.969643,8.751018e-01
0.128,22,1,0.016757,0.133564,0.150320,0.970703,8.749718e-01
0.128,22,2,0.017083,0.133125,0.150208,0.965576,8.753559e-01
0.128,22,3,0.017939,0.133010,0.150949,0.960417,8.754560e-01
0.128,23,1,0.017511,0.132478,0.149989,0.964355,8.759223e-01
0.128,23,2,0.016456,0.132468,0.148924,0.969971,8.759307e-01
0.128,23,3,0.016721,0.132218,0.148939,0.963393,8.761501e-01
0.128,24,1,0.017416,0.132013,0.149430,0.960449,8.763293e-01
0.128,24,2,0.016959,0.131542,0.148502,0.966064,8.767421e-01
0.128,24,3,0.015211,0.131009,0.146219,0.974405,8.772103e-01
0.128,25,1,0.017576,0.131429,0.149006,0.962891,8.768411e-01
0.128,25,2,0.015499,0.130266,0.145765,0.970215,8.778616e-01
0.128,25,3,0.015847,0.130386,0.146234,0.966369,8.777562e-01
0.128,26,1,0.016370,0.129932,0.146302,0.967529,8.781549e-01
0.128,26,2,0.016024,0.129805,0.145828,0.966553,8.782670e-01
0.128,26,3,0.015750,0.129900,0.145651,0.965476,8.781829e-01
0.128,27,1,0.015400,0.129245,0.144645,0.968750,8.787591e-01
0.128,27,2,0.016134,0.129057,0.145191,0.963623,8.789237e-01
0.128,27,3,0.015910,0.128794,0.144704,0.967560,8.791548e-01
0.128,28,1,0.015817,0.128890,0.144706,0.965820,8.790711e-01
0.128,28,2,0.015693,0.127789,0.143482,0.965088,8.800389e-01
0.128,28,3,0.015067,0.127938,0.143005,0.970238,8.799079e-01
0.128,29,1,0.015838,0.127569,0.143407,0.965576,8.802326e-01
0.128,29,2,0.014816,0.127567,0.142383,0.969727,8.802344e-01
0.128,29,3,0.015257,0.127008,0.142265,0.965774,8.807267e-01
0.128,30,1,0.015490,0.127253,0.142743,0.965088,8.805108e-01
0.128,30,2,0.014665,0.126382,0.141047,0.969238,8.812782e-01
0.128,30,3,0.015048,0.126049,0.141096,0.967857,8.815719e-01
0.256,1,1,0.029024,0.106390,0.135414,0.952148,8.990736e-01
0.256,1,2,0.028773,0.106416,0.135189,0.956543,8.990503e-01
0.256,1,3,0.027096,0.106069,0.133164,0.962202,8.993629e-01
0.256,2,1,0.026711,0.105845,0.132556,0.962646,8.995640e-01
0.256,2,2,0.027678,0.105847,0.133525,0.959961,8.995620e-01
0.256,2,3,0.026950,0.105546,0.132496,0.956250,8.998329e-01
0.256,3,1,0.027164,0.105341,0.132505,0.956299,9.000177e-01
0.256,3,2,0.026115,0.105242,0.131357,0.961426,9.001065e-01
0.256,3,3,0.026665,0.105011,0.131676,0.956845,9.003147e-01
0.256,4,1,0.026207,0.104864,0.131071,0.957764,9.004470e-01
0.256,4,2,0.025801,0.104684,0.130485,0.957520,9.006093e-01
0.256,4,3,0.025486,0.104585,0.130072,0.961012,9.006981e-01
0.256,5,1,0.025419,0.104524,0.129943,0.961426,9.007534e-01
0.256,5,2,0.025091,0.104238,0.129329,0.959473,9.010109e-01
0.256,5,3,0.024738,0.103947,0.128685,0.958036,9.012728e-01
0.256,6,1,0.024430,0.103859,0.128289,0.959229,9.013522e-01
0.256,6,2,0.024423,0.103714,0.128137,0.960449,9.014829e-01
0.256,6,3,0.024930,0.103787,0.128717,0.961310,9.014173e-01
0.256,7,1,0.024501,0.103621,0.128122,0.961426,9.015672e-01
0.256,7,2,0.023321,0.103483,0.126804,0.965088,9.016914e-01
0.256,7,3,0.024362,0.102694,0.127057,0.956548,9.024028e-01
0.256,8,1,0.023144,0.103120,0.126263,0.963623,9.020191e-01
0.256,8,2,0.023254,0.102724,0.125977,0.962646,9.023762e-01
0.256,8,3,0.024109,0.102508,0.126618,0.956250,9.025706e-01
0.256,9,1,0.022800,0.102587,0.125387,0.964111,9.024992e-01
0.256,9,2,0.022845,0.102420,0.125265,0.960938,9.026505e-01
0.256,9,3,0.023003,0.101765,0.124769,0.958036,9.032414e-01
0.256,10,1,0.022701,0.101811,0.124512,0.958984,9.031999e-01
0.256,10,2,0.022221,0.101767,0.123987,0.962402,9.032402e-01
0.256,10,3,0.022089,0.101717,0.123807,0.959821,9.032848e-01
0.256,11,1,0.022449,0.101479,0.123928,0.955566,9.035002e-01
0.256,11,2,0.021493,0.101241,0.122734,0.965088,9.037157e-01
0.256,11,3,0.021666,0.100957,0.122623,0.960119,9.039720e-01
0.256,12,1,0.021659,0.100704,0.122363,0.962646,9.042007e-01
0.256,12,2,0.020956,0.100626,0.121582,0.959473,9.042713e-01
0.256,12,3,0.021794,0.100842,0.122637,0.957143,9.040755e-01
0.256,13,1,0.020807,0.100342,0.121149,0.961182,9.045278e-01
0.256,13,2,0.021225,0.100069,0.121294,0.961670,9.047750e-01
0.256,13,3,0.021047,0.100162,0.121209,0.958333,9.046909e-01
0.256,14,1,0.020763,0.099592,0.120355,0.958252,9.052066e-01
0.256,14,2,0.021364,0.099726,0.121091,0.957520,9.050851e-01
0.256,14,3,0.019432,0.099707,0.119139,0.967262,9.051028e-01
0.256,15,1,0.020850,0.099392,0.120242,0.957275,9.053881e-01
0.256,15,2,0.019681,0.099314,0.118995,0.964844,9.054587e-01
0.256,15,3,0.019864,0.098679,0.118543,0.963393,9.060337e-01
0.256,16,1,0.018926,0.098753,0.117679,0.968262,9.059669e-01
0.256,16,2,0.020415,0.098890,0.119305,0.958984,9.058424e-01
0.256,16,3,0.019837,0.098209,0.118045,0.961607,9.064597e-01
0.256,17,1,0.019171,0.098353,0.117524,0.962891,9.063287e-01
0.256,17,2,0.019515,0.098084,0.117600,0.962646,9.065727e-01
0.256,17,3,0.019233,0.097916,0.117149,0.965476,9.067252e-01
0.256,18,1,0.018431,0.097682,0.116113,0.968018,9.069372e-01
0.256,18,2,0.019037,0.097549,0.116586,0.962402,9.070579e-01
0.256,18,3,0.019419,0.097622,0.117041,0.960417,9.069919e-01
0.256,19,1,0.018688,0.097216,0.115904,0.965332,9.073601e-01
0.256,19,2,0.019020,0.097327,0.116347,0.961426,9.072595e-01
0.256,19,3,0.017905,0.096691,0.114596,0.965476,9.078368e-01
0.256,20,1,0.018960,0.096664,0.115624,0.962402,9.078608e-01
0.256,20,2,0.017898,0.096762,0.114659,0.965820,9.077722e-01
0.256,20,3,0.017765,0.096275,0.114040,0.965179,9.082139e-01
0.256,21,1,0.018092,0.096275,0.114367,0.963379,9.082142e-01
0.256,21,2,0.017665,0.095900,0.113565,0.964355,9.085553e-01
0.256,21,3,0.017960,0.096018,0.113978,0.965774,9.084477e-01
0.256,22,1,0.017365,0.095624,0.112990,0.964600,9.088053e-01
0.256,22,2,0.017712,0.095522,0.113234,0.962402,9.088986e-01
0.256,22,3,0.017676,0.095486,0.113162,0.967262,9.089309e-01
0.256,23,1,0.017690,0.094880,0.112570,0.963623,9.094821e-01
0.256,23,2,0.017512,0.095210,0.112722,0.963867,9.091822e-01
0.256,23,3,0.016437,0.094986,0.111423,0.967857,9.093853e-01
0.256,24,1,0.017307,0.094581,0.111887,0.962402,9.097544e-01
0.256,24,2,0.016613,0.094410,0.111023,0.967041,9.099094e-01
0.256,24,3,0.016979,0.094541,0.111519,0.966667,9.097909e-01
0.256,25,1,0.016691,0.094131,0.110823,0.967529,9.101631e-01
0.256,25,2,0.016549,0.094135,0.110684,0.965332,9.101596e-01
0.256,25,3,0.016869,0.093641,0.110510,0.962500,9.106095e-01
0.256,26,1,0.016256,0.093706,0.109963,0.966064,9.105501e-01
0.256,26,2,0.016462,0.093502,0.109965,0.966553,9.107359e-01
0.256,26,3,0.016599,0.093156,0.109756,0.963095,9.110509e-01
0.256,27,1,0.016678,0.093376,0.110054,0.960205,9.108514e-01
0.256,27,2,0.016006,0.092775,0.108781,0.967773,9.113983e-01
0.256,27,3,0.015768,0.092683,0.108451,0.969345,9.114825e-01
0.256,28,1,0.015767,0.092840,0.108607,0.967773,9.113389e-01
0.256,28,2,0.016440,0.092417,0.108857,0.961914,9.117251e-01
0.256,28,3,0.015513,0.092021,0.107533,0.968155,9.120864e-01
0.256,29,1,0.016017,0.091975,0.107993,0.962891,9.121278e-01
0.256,29,2,0.014933,0.091780,0.106713,0.971191,9.123060e-01
0.256,29,3,0.016191,0.092113,0.108304,0.963988,9.120020e-01
0.256,30,1,0.015624,0.091657,0.107281,0.967041,9.124177e-01
0.256,30,2,0.014815,0.091423,0.106238,0.968018,9.126312e-01
0.256,30,3,0.015981,0.091210,0.107191,0.963095,9.128256e-01
0.512,1,1,0.036662,0.058595,0.095257,0.892822,9.430890e-01
0.512,1,2,0.035351,0.058481,0.093832,0.914551,9.431961e-01
0.512,1,3,0.032470,0.058470,0.090941,0.933036,9.432064e-01
0.512,2,1,0.031282,0.058302,0.089585,0.946289,9.433650e-01
0.512,2,2,0.031267,0.058334,0.089601,0.941650,9.433350e-01
0.512,2,3,0.029673,0.058238,0.087911,0.952976,9.434255e-01
0.512,3,1,0.029656,0.058133,0.087790,0.953125,9.435244e-01
0.512,3,2,0.028650,0.057874,0.086524,0.961182,9.437690e-01
0.512,3,3,0.028602,0.058176,0.086778,0.958631,9.434840e-01
0.512,4,1,0.028282,0.058055,0.086337,0.960938,9.435979e-01
0.512,4,2,0.028589,0.057720,0.086309,0.954102,9.439141e-01
0.512,4,3,0.028978,0.057602,0.086580,0.954167,9.440256e-01
0.512,5,1,0.027964,0.057634,0.085598,0.957275,9.439956e-01
0.512,5,2,0.028437,0.057429,0.085866,0.953613,9.441887e-01
0.512,5,3,0.029314,0.057657,0.086971,0.949405,9.439737e-01
0.512,6,1,0.027948,0.057463,0.085412,0.954102,9.441564e-01
0.512,6,2,0.028425,0.057264,0.085689,0.947998,9.443448e-01
0.512,6,3,0.028154,0.057335,0.085488,0.953274,9.442779e-01
0.512,7,1,0.027416,0.057261,0.084677,0.956787,9.443472e-01
0.512,7,2,0.027298,0.057098,0.084396,0.950684,9.445011e-01
0.512,7,3,0.027801,0.057135,0.084936,0.949107,9.444669e-01
0.512,8,1,0.027091,0.057034,0.084124,0.947266,9.445621e-01
0.512,8,2,0.026460,0.056948,0.083408,0.959473,9.446435e-01
0.512,8,3,0.026141,0.057017,0.083158,0.955655,9.445782e-01
0.512,9,1,0.026180,0.056911,0.083091,0.956543,9.446786e-01
0.512,9,2,0.025836,0.056931,0.082766,0.958008,9.446595e-01
0.512,9,3,0.024881,0.056655,0.081536,0.958631,9.449197e-01
0.512,10,1,0.025089,0.056560,0.081649,0.958252,9.450097e-01
0.512,10,2,0.024331,0.056655,0.080985,0.960205,9.449203e-01
0.512,10,3,0.025314,0.056913,0.082227,0.956250,9.446763e-01
0.512,11,1,0.024253,0.056508,0.080760,0.959961,9.450594e-01
0.512,11,2,0.024384,0.056625,0.081009,0.954590,9.449481e-01
0.512,11,3,0.024005,0.056511,0.080516,0.961905,9.450562e-01
0.512,12,1,0.024207,0.056475,0.080682,0.958008,9.450903e-01
0.512,12,2,0.023926,0.056390,0.080316,0.958984,9.451707e-01
0.512,12,3,0.022807,0.056324,0.079131,0.962500,9.452325e-01
0.512,13,1,0.023252,0.056184,0.079436,0.960205,9.453652e-01
0.512,13,2,0.023550,0.056396,0.079946,0.959961,9.451646e-01
0.512,13,3,0.022958,0.056138,0.079096,0.958333,9.454086e-01
0.512,14,1,0.023119,0.056178,0.079298,0.960693,9.453707e-01
0.512,14,2,0.022438,0.055939,0.078377,0.959473,9.455967e-01
0.512,14,3,0.023127,0.056144,0.079271,0.958631,9.454034e-01
0.512,15,1,0.022547,0.056036,0.078583,0.958252,9.455051e-01
0.512,15,2,0.022646,0.055783,0.078429,0.958984,9.457441e-01
0.512,15,3,0.022222,0.055922,0.078144,0.963988,9.456128e-01
0.512,16,1,0.021569,0.055790,0.077358,0.962646,9.457382e-01
0.512,16,2,0.022576,0.055724,0.078300,0.960449,9.458000e-01
0.512,16,3,0.022095,0.055687,0.077782,0.957738,9.458353e-01
0.512,17,1,0.021222,0.055520,0.076742,0.961670,9.459931e-01
0.512,17,2,0.021735,0.055587,0.077322,0.961182,9.459299e-01
0.512,17,3,0.022050,0.055556,0.077605,0.959821,9.459594e-01
0.512,18,1,0.021773,0.055386,0.077159,0.958008,9.461202e-01
0.512,18,2,0.021072,0.055521,0.076593,0.964600,9.459921e-01
0.512,18,3,0.020619,0.055157,0.075776,0.961905,9.463368e-01
0.512,19,1,0.021277,0.055302,0.076579,0.959961,9.461997e-01
0.512,19,2,0.020475,0.055156,0.075631,0.961670,9.463375e-01
0.512,19,3,0.020356,0.055049,0.075405,0.962500,9.464388e-01
0.512,20,1,0.020980,0.055102,0.076082,0.957031,9.463889e-01
0.512,20,2,0.019778,0.054870,0.074648,0.966797,9.466079e-01
0.512,20,3,0.019976,0.054978,0.074954,0.960714,9.465056e-01
0.512,21,1,0.019675,0.054924,0.074598,0.960938,9.465573e-01
0.512,21,2,0.019633,0.054637,0.074270,0.965332,9.468284e-01
0.512,21,3,0.020253,0.054810,0.075063,0.959226,9.466646e-01
0.512,22,1,0.018998,0.054681,0.073679,0.964355,9.467871e-01
0.512,22,2,0.020420,0.054587,0.075006,0.957520,9.468763e-01
0.512,22,3,0.018674,0.054498,0.073172,0.966071,9.469605e-01
0.512,23,1,0.019760,0.054484,0.074244,0.957764,9.469740e-01
0.512,23,2,0.018317,0.054290,0.072607,0.966797,9.471569e-01
0.512,23,3,0.019035,0.054431,0.073465,0.964881,9.470242e-01
0.512,24,1,0.019011,0.054151,0.073162,0.960693,9.472892e-01
0.512,24,2,0.018443,0.054369,0.072812,0.965332,9.470823e-01
0.512,24,3,0.018614,0.054074,0.072688,0.962202,9.473617e-01
0.512,25,1,0.018743,0.054227,0.072970,0.961670,9.472166e-01
0.512,25,2,0.018452,0.054048,0.072501,0.963623,9.473864e-01
0.512,25,3,0.017894,0.053712,0.071606,0.964286,9.477054e-01
0.512,26,1,0.018304,0.053935,0.072238,0.964844,9.474940e-01
0.512,26,2,0.018240,0.053903,0.072143,0.962646,9.475235e-01
0.512,26,3,0.017727,0.053591,0.071318,0.960714,9.478193e-01
0.512,27,1,0.017809,0.053700,0.071509,0.964844,9.477165e-01
0.512,27,2,0.018574,0.053636,0.072211,0.958984,9.477766e-01
0.512,27,3,0.017025,0.053557,0.070583,0.964881,9.478517e-01
0.512,28,1,0.016695,0.053437,0.070133,0.965332,9.479654e-01
0.512,28,2,0.018242,0.053588,0.071830,0.961670,9.478229e-01
0.512,28,3,0.017917,0.053300,0.071217,0.960119,9.480960e-01
0.512,29,1,0.017176,0.053285,0.070461,0.964844,9.481099e-01
0.512,29,2,0.017862,0.053368,0.071230,0.961426,9.480311e-01
0.512,29,3,0.016922,0.053125,0.070047,0.961905,9.482614e-01
0.512,30,1,0.016766,0.053119,0.069885,0.964111,9.482674e-01
0.512,30,2,0.017098,0.053029,0.070127,0.963867,9.483522e-01
0.512,30,3,0.017470,0.053121,0.070592,0.960417,9.482648e-01
0.6,1,1,0.020331,0.043081,0.063412,0.963135,9.578335e-01
0.6,1,2,0.020036,0.043063,0.063099,0.962646,9.578509e-01
0.6,1,3,0.018545,0.043060,0.061605,0.970536,9.578541e-01
0.6,2,1,0.019503,0.043039,0.062543,0.963135,9.578737e-01
0.6,2,2,0.018766,0.042834,0.061600,0.964355,9.580708e-01
0.6,2,3,0.018620,0.042752,0.061372,0.967262,9.581492e-01
0.6,3,1,0.018359,0.042840,0.061199,0.966553,9.580645e-01
0.6,3,2,0.018895,0.042731,0.061626,0.961914,9.581694e-01
0.6,3,3,0.018540,0.042456,0.060995,0.963095,9.584330e-01
0.6,4,1,0.017865,0.042519,0.060384,0.967285,9.583721e-01
0.6,4,2,0.018610,0.042556,0.061166,0.961182,9.583371e-01
0.6,4,3,0.018002,0.042413,0.060415,0.963988,9.584735e-01
0.6,5,1,0.018756,0.042364,0.061120,0.961670,9.585208e-01
0.6,5,2,0.017659,0.042379,0.060038,0.965820,9.585064e-01
0.6,5,3,0.016697,0.042186,0.058883,0.970238,9.586910e-01
0.6,6,1,0.016834,0.042082,0.058916,0.968994,9.587914e-01
0.6,6,2,0.017434,0.042150,0.059585,0.965576,9.587259e-01
0.6,6,3,0.018125,0.042178,0.060303,0.961607,9.586995e-01
0.6,7,1,0.017771,0.042067,0.059838,0.963867,9.588058e-01
0.6,7,2,0.016901,0.041901,0.058802,0.967041,9.589646e-01
0.6,7,3,0.016487,0.041848,0.058335,0.968452,9.590158e-01
0.6,8,1,0.016824,0.041887,0.058711,0.966553,9.589783e-01
0.6,8,2,0.016309,0.041699,0.058008,0.968018,9.591581e-01
0.6,8,3,0.017200,0.041642,0.058842,0.964286,9.592131e-01
0.6,9,1,0.016235,0.041484,0.057718,0.968994,9.593650e-01
0.6,9,2,0.016279,0.041628,0.057908,0.967529,9.592265e-01
0.6,9,3,0.016773,0.041534,0.058307,0.964583,9.593168e-01
0.6,10,1,0.016356,0.041355,0.057710,0.966553,9.594889e-01
0.6,10,2,0.016185,0.041390,0.057574,0.967773,9.594553e-01
0.6,10,3,0.015606,0.041285,0.056891,0.967262,9.595559e-01
0.6,11,1,0.015223,0.041171,0.056394,0.970215,9.596653e-01
0.6,11,2,0.016551,0.041313,0.057863,0.964844,9.595289e-01
0.6,11,3,0.015484,0.040898,0.056382,0.968155,9.599274e-01
0.6,12,1,0.014934,0.040982,0.055915,0.971680,9.598468e-01
0.6,12,2,0.015613,0.040863,0.056476,0.966064,9.599606e-01
0.6,12,3,0.015994,0.040970,0.056963,0.965774,9.598583e-01
0.6,13,1,0.014578,0.040842,0.055419,0.971191,9.599812e-01
0.6,13,2,0.015313,0.040738,0.056051,0.968750,9.600807e-01
0.6,13,3,0.015891,0.040586,0.056477,0.963095,9.602267e-01
0.6,14,1,0.015202,0.040654,0.055856,0.967285,9.601613e-01
0.6,14,2,0.015226,0.040510,0.055735,0.965088,9.602999e-01
0.6,14,3,0.014364,0.040390,0.054754,0.972321,9.604147e-01
0.6,15,1,0.015096,0.040400,0.055495,0.968750,9.604056e-01
0.6,15,2,0.014456,0.040296,0.054752,0.968994,9.605047e-01
0.6,15,3,0.014582,0.040263,0.054845,0.967560,9.605369e-01
0.6,16,1,0.014313,0.040145,0.054458,0.970703,9.606500e-01
0.6,16,2,0.014515,0.040045,0.054559,0.967285,9.607464e-01
0.6,16,3,0.014632,0.040187,0.054819,0.969643,9.606101e-01
0.6,17,1,0.014582,0.040062,0.054644,0.969482,9.607299e-01
0.6,17,2,0.014589,0.039803,0.054392,0.966797,9.609791e-01
0.6,17,3,0.013422,0.039893,0.053315,0.974107,9.608920e-01
0.6,18,1,0.014540,0.039818,0.054359,0.966309,9.609639e-01
0.6,18,2,0.014330,0.039712,0.054042,0.969971,9.610662e-01
0.6,18,3,0.013050,0.039612,0.052662,0.974107,9.611623e-01
0.6,19,1,0.013983,0.039633,0.053616,0.971436,9.611420e-01
0.6,19,2,0.014205,0.039589,0.053795,0.969482,9.611844e-01
0.6,19,3,0.013177,0.039297,0.052475,0.970238,9.614647e-01
0.6,20,1,0.013652,0.039341,0.052993,0.973145,9.614228e-01
0.6,20,2,0.014024,0.039200,0.053224,0.968262,9.615582e-01
0.6,20,3,0.013144,0.039435,0.052579,0.972321,9.613325e-01
0.6,21,1,0.013558,0.039214,0.052772,0.971191,9.615449e-01
0.6,21,2,0.013495,0.039042,0.052537,0.970459,9.617101e-01
0.6,21,3,0.013261,0.039087,0.052348,0.972024,9.616667e-01
0.6,22,1,0.013033,0.039063,0.052096,0.972900,9.616900e-01
0.6,22,2,0.013534,0.038935,0.052469,0.970459,9.618129e-01
0.6,22,3,0.013240,0.038704,0.051944,0.970833,9.620352e-01
0.6,23,1,0.013041,0.038727,0.051768,0.969971,9.620132e-01
0.6,23,2,0.013691,0.038747,0.052438,0.970215,9.619943e-01
0.6,23,3,0.012436,0.038646,0.051082,0.975000,9.620917e-01
0.6,24,1,0.013080,0.038650,0.051730,0.970947,9.620872e-01
0.6,24,2,0.013499,0.038621,0.052120,0.969971,9.621157e-01
0.6,24,3,0.012044,0.038194,0.050238,0.974702,9.625258e-01
0.6,25,1,0.012813,0.038329,0.051143,0.971680,9.623958e-01
0.6,25,2,0.013225,0.038323,0.051547,0.971436,9.624023e-01
0.6,25,3,0.012156,0.038249,0.050405,0.972024,9.624731e-01
0.6,26,1,0.013214,0.038276,0.051490,0.967773,9.624474e-01
0.6,26,2,0.012209,0.038015,0.050223,0.973389,9.626990e-01
0.6,26,3,0.012388,0.037991,0.050379,0.973810,9.627214e-01
0.6,27,1,0.012646,0.037958,0.050605,0.971924,9.627529e-01
0.6,27,2,0.012514,0.037844,0.050358,0.971191,9.628634e-01
0.6,27,3,0.012224,0.037890,0.050114,0.972321,9.628192e-01
0.6,28,1,0.012529,0.037845,0.050374,0.971436,9.628621e-01
0.6,28,2,0.012426,0.037777,0.050203,0.971191,9.629274e-01
0.6,28,3,0.012010,0.037414,0.049423,0.973214,9.632774e-01
0.6,29,1,0.012872,0.037743,0.050614,0.970215,9.629607e-01
0.6,29,2,0.011895,0.037384,0.049279,0.972656,9.633060e-01
0.6,29,3,0.011792,0.037326,0.049117,0.973214,9.633624e-01
0.6,30,1,0.012081,0.037377,0.049458,0.971191,9.633132e-01
0.6,30,2,0.011993,0.037230,0.049223,0.974365,9.634550e-01
0.6,30,3,0.012213,0.037271,0.049483,0.970833,9.634150e-01
0.7,1,1,0.015346,0.027571,0.042916,0.967041,9.728060e-01
0.7,1,2,0.014237,0.027610,0.041847,0.970215,9.727680e-01
0.7,1,3,0.014171,0.027674,0.041845,0.966071,9.727050e-01
0.7,2,1,0.013736,0.027405,0.041142,0.971436,9.729667e-01
0.7,2,2,0.014031,0.027570,0.041600,0.970215,9.728069e-01
0.7,2,3,0.013667,0.027553,0.041220,0.972619,9.728231e-01
0.7,3,1,0.014451,0.027429,0.041880,0.966797,9.729436e-01
0.7,3,2,0.012828,0.027391,0.040218,0.976074,9.729812e-01
0.7,3,3,0.013809,0.027364,0.041172,0.971726,9.730073e-01
0.7,4,1,0.013224,0.027290,0.040515,0.975586,9.730786e-01
0.7,4,2,0.013563,0.027286,0.040849,0.969482,9.730832e-01
0.7,4,3,0.014282,0.027294,0.041576,0.969345,9.730753e-01
0.7,5,1,0.013975,0.027231,0.041207,0.969727,9.731362e-01
0.7,5,2,0.013543,0.027197,0.040741,0.970215,9.731693e-01
0.7,5,3,0.012748,0.027136,0.039883,0.977083,9.732292e-01
0.7,6,1,0.013241,0.027128,0.040369,0.974365,9.732368e-01
0.7,6,2,0.013835,0.027188,0.041023,0.967773,9.731784e-01
0.7,6,3,0.012467,0.026962,0.039428,0.974405,9.733985e-01
0.7,7,1,0.012876,0.027004,0.039880,0.973877,9.733575e-01
0.7,7,2,0.012690,0.027021,0.039712,0.973145,9.733404e-01
0.7,7,3,0.013474,0.027012,0.040486,0.969940,9.733491e-01
0.7,8,1,0.012071,0.027063,0.039133,0.975830,9.733002e-01
0.7,8,2,0.013057,0.026784,0.039841,0.970947,9.735713e-01
0.7,8,3,0.013387,0.026922,0.040310,0.968155,9.734371e-01
0.7,9,1,0.013297,0.026924,0.040221,0.968506,9.734350e-01
0.7,9,2,0.012070,0.026846,0.038916,0.975098,9.735114e-01
0.7,9,3,0.012630,0.026700,0.039330,0.972619,9.736530e-01
0.7,10,1,0.012255,0.026802,0.039057,0.971924,9.735538e-01
0.7,10,2,0.012822,0.026717,0.039539,0.972412,9.736370e-01
0.7,10,3,0.012631,0.026676,0.039308,0.973512,9.736762e-01
0.7,11,1,0.012385,0.026696,0.039081,0.970703,9.736575e-01
0.7,11,2,0.013023,0.026745,0.039767,0.971680,9.736099e-01
0.7,11,3,0.011899,0.026427,0.038326,0.974405,9.739188e-01
0.7,12,1,0.012396,0.026556,0.038952,0.970703,9.737931e-01
0.7,12,2,0.011967,0.026481,0.038448,0.974609,9.738669e-01
0.7,12,3,0.012799,0.026560,0.039359,0.969940,9.737898e-01
0.7,13,1,0.012609,0.026495,0.039104,0.968994,9.738531e-01
0.7,13,2,0.012234,0.026396,0.038630,0.973633,9.739493e-01
0.7,13,3,0.011793,0.026369,0.038162,0.974702,9.739761e-01
0.7,14,1,0.012421,0.026306,0.038727,0.971436,9.740366e-01
0.7,14,2,0.011532,0.026337,0.037869,0.974365,9.740068e-01
0.7,14,3,0.012419,0.026293,0.038713,0.972024,9.740494e-01
0.7,15,1,0.012242,0.026260,0.038502,0.970703,9.740818e-01
0.7,15,2,0.012033,0.026203,0.038236,0.973145,9.741372e-01
0.7,15,3,0.011563,0.026130,0.037692,0.975893,9.742088e-01
0.7,16,1,0.011862,0.026061,0.037923,0.973877,9.742759e-01
0.7,16,2,0.011691,0.026074,0.037765,0.972900,9.742630e-01
0.7,16,3,0.012024,0.026142,0.038166,0.972917,9.741966e-01
0.7,17,1,0.012159,0.026047,0.038205,0.971436,9.742897e-01
0.7,17,2,0.011001,0.025992,0.036993,0.976318,9.743430e-01
0.7,17,3,0.012119,0.025870,0.037989,0.972619,9.744621e-01
0.7,18,1,0.011286,0.025824,0.037110,0.974854,9.745070e-01
0.7,18,2,0.011713,0.025947,0.037660,0.974854,9.743865e-01
0.7,18,3,0.011969,0.025806,0.037775,0.971131,9.745241e-01
0.7,19,1,0.011412,0.025778,0.037190,0.974854,9.745515e-01
0.7,19,2,0.011626,0.025840,0.037466,0.973877,9.744913e-01
0.7,19,3,0.011597,0.025605,0.037202,0.972321,9.747200e-01
0.7,20,1,0.012185,0.025615,0.037800,0.971191,9.747098e-01
0.7,20,2,0.010863,0.025681,0.036544,0.977783,9.746463e-01
0.7,20,3,0.011270,0.025614,0.036883,0.973810,9.747116e-01
0.7,21,1,0.011521,0.025532,0.037054,0.972900,9.747907e-01
0.7,21,2,0.010999,0.025567,0.036566,0.975098,9.747573e-01
0.7,21,3,0.011599,0.025475,0.037073,0.975000,9.748470e-01
0.7,22,1,0.011330,0.025386,0.036716,0.976562,9.749335e-01
0.7,22,2,0.010942,0.025401,0.036343,0.973877,9.749191e-01
0.7,22,3,0.011573,0.025481,0.037054,0.972619,9.748412e-01
0.7,23,1,0.011104,0.025298,0.036403,0.973877,9.750190e-01
0.7,23,2,0.011673,0.025288,0.036960,0.975342,9.750294e-01
0.7,23,3,0.010639,0.025355,0.035993,0.975000,9.749642e-01
0.7,24,1,0.011056,0.025217,0.036273,0.973877,9.750983e-01
0.7,24,2,0.010844,0.025266,0.036110,0.976807,9.750507e-01
0.7,24,3,0.011391,0.025112,0.036503,0.973512,9.752008e-01
0.7,25,1,0.010877,0.025111,0.035988,0.976318,9.752020e-01
0.7,25,2,0.010256,0.025114,0.035370,0.977539,9.751988e-01
0.7,25,3,0.012014,0.025059,0.037073,0.969643,9.752521e-01
0.7,26,1,0.010662,0.025073,0.035734,0.974854,9.752391e-01
0.7,26,2,0.011928,0.025007,0.036935,0.970703,9.753029e-01
0.7,26,3,0.009950,0.024869,0.034818,0.979167,9.754382e-01
0.7,27,1,0.011160,0.024900,0.036061,0.974365,9.754070e-01
0.7,27,2,0.010483,0.024870,0.035353,0.975830,9.754367e-01
0.7,27,3,0.010824,0.024878,0.035702,0.973512,9.754291e-01
0.7,28,1,0.010257,0.024830,0.035087,0.976318,9.754758e-01
0.7,28,2,0.011214,0.024760,0.035974,0.974609,9.755435e-01
0.7,28,3,0.010766,0.024727,0.035493,0.972321,9.755758e-01
0.7,29,1,0.011044,0.024718,0.035762,0.973389,9.755854e-01
0.7,29,2,0.009948,0.024579,0.034527,0.976807,9.757204e-01
0.7,29,3,0.011086,0.024713,0.035800,0.973512,9.755894e-01
0.7,30,1,0.010369,0.024528,0.034897,0.975830,9.757707e-01
0.7,30,2,0.010821,0.024656,0.035477,0.973877,9.756456e-01
0.7,30,3,0.010594,0.024478,0.035072,0.974702,9.758193e-01
0.8,1,1,0.014713,0.016232,0.030945,0.964355,9.838990e-01
0.8,1,2,0.013600,0.016203,0.029803,0.969727,9.839274e-01
0.8,1,3,0.012883,0.016110,0.028992,0.972917,9.840195e-01
0.8,2,1,0.013125,0.016096,0.029221,0.971680,9.840330e-01
0.8,2,2,0.012379,0.016179,0.028558,0.975342,9.839510e-01
0.8,2,3,0.012640,0.016114,0.028753,0.973810,9.840156e-01
0.8,3,1,0.012510,0.016139,0.028648,0.973633,9.839910e-01
0.8,3,2,0.012342,0.016062,0.028404,0.974121,9.840662e-01
0.8,3,3,0.012508,0.016012,0.028520,0.971726,9.841154e-01
0.8,4,1,0.012875,0.016101,0.028976,0.972168,9.840280e-01
0.8,4,2,0.012479,0.015989,0.028467,0.973877,9.841386e-01
0.8,4,3,0.011944,0.015969,0.027913,0.972917,9.841578e-01
0.8,5,1,0.012022,0.015977,0.027999,0.976074,9.841500e-01
0.8,5,2,0.012971,0.016061,0.029032,0.968750,9.840668e-01
0.8,5,3,0.012297,0.015871,0.028168,0.975000,9.842542e-01
0.8,6,1,0.012777,0.015973,0.028750,0.969727,9.841539e-01
0.8,6,2,0.011864,0.015941,0.027806,0.976807,9.841850e-01
0.8,6,3,0.012202,0.015882,0.028084,0.972917,9.842436e-01
0.8,7,1,0.012581,0.015962,0.028543,0.971680,9.841646e-01
0.8,7,2,0.011987,0.015881,0.027868,0.973145,9.842444e-01
0.8,7,3,0.011592,0.015844,0.027436,0.975893,9.842809e-01
0.8,8,1,0.011562,0.015853,0.027415,0.977539,9.842718e-01
0.8,8,2,0.012080,0.015853,0.027933,0.973633,9.842716e-01
0.8,8,3,0.012051,0.015896,0.027947,0.972321,9.842298e-01
0.8,9,1,0.011739,0.015778,0.027517,0.976074,9.843462e-01
0.8,9,2,0.011440,0.015841,0.027280,0.976074,9.842841e-01
0.8,9,3,0.012139,0.015891,0.028029,0.972024,9.842350e-01
0.8,10,1,0.011754,0.015819,0.027573,0.975098,9.843054e-01
0.8,10,2,0.011900,0.015797,0.027697,0.972900,9.843268e-01
0.8,10,3,0.011227,0.015778,0.027005,0.975298,9.843455e-01
0.8,11,1,0.011227,0.015827,0.027054,0.975342,9.842978e-01
0.8,11,2,0.011572,0.015708,0.027279,0.975342,9.844152e-01
0.8,11,3,0.012049,0.015759,0.027808,0.972024,9.843648e-01
0.8,12,1,0.012008,0.015696,0.027704,0.974854,9.844261e-01
0.8,12,2,0.011181,0.015758,0.026939,0.973145,9.843660e-01
0.8,12,3,0.011364,0.015728,0.027093,0.976786,9.843947e-01
0.8,13,1,0.011325,0.015698,0.027023,0.974609,9.844242e-01
0.8,13,2,0.011866,0.015664,0.027530,0.975098,9.844583e-01
0.8,13,3,0.011151,0.015703,0.026853,0.975298,9.844198e-01
0.8,14,1,0.010620,0.015592,0.026212,0.978516,9.845284e-01
0.8,14,2,0.012419,0.015677,0.028096,0.969727,9.844450e-01
0.8,14,3,0.011096,0.015669,0.026766,0.977083,9.844527e-01
0.8,15,1,0.011036,0.015639,0.026675,0.977783,9.844826e-01
0.8,15,2,0.011418,0.015596,0.027014,0.974609,9.845246e-01
0.8,15,3,0.011549,0.015558,0.027107,0.973512,9.845622e-01
0.8,16,1,0.011973,0.015606,0.027579,0.972656,9.845156e-01
0.8,16,2,0.010660,0.015550,0.026211,0.976562,9.845700e-01
0.8,16,3,0.011049,0.015495,0.026544,0.977679,9.846240e-01
0.8,17,1,0.011092,0.015545,0.026637,0.975098,9.845753e-01
0.8,17,2,0.011371,0.015524,0.026895,0.976318,9.845961e-01
0.8,17,3,0.010989,0.015437,0.026426,0.976190,9.846817e-01
0.8,18,1,0.010506,0.015474,0.025980,0.978027,9.846451e-01
0.8,18,2,0.011732,0.015464,0.027195,0.972412,9.846551e-01
0.8,18,3,0.010991,0.015427,0.026418,0.977381,9.846912e-01
0.8,19,1,0.011740,0.015446,0.027186,0.973877,9.846725e-01
0.8,19,2,0.010772,0.015387,0.026160,0.976318,9.847307e-01
0.8,19,3,0.010383,0.015383,0.025767,0.977083,9.847344e-01
0.8,20,1,0.010902,0.015404,0.026306,0.974365,9.847141e-01
0.8,20,2,0.011448,0.015386,0.026834,0.973389,9.847317e-01
0.8,20,3,0.010332,0.015263,0.025595,0.979464,9.848527e-01
0.8,21,1,0.011145,0.015407,0.026552,0.973389,9.847112e-01
0.8,21,2,0.010541,0.015294,0.025835,0.976562,9.848227e-01
0.8,21,3,0.010889,0.015200,0.026088,0.977381,9.849153e-01
0.8,22,1,0.010862,0.015244,0.026106,0.974854,9.848717e-01
0.8,22,2,0.010661,0.015221,0.025882,0.975586,9.848942e-01
0.8,22,3,0.010826,0.015316,0.026142,0.977083,9.848008e-01
0.8,23,1,0.010357,0.015203,0.025560,0.977539,9.849124e-01
0.8,23,2,0.010301,0.015175,0.025476,0.977295,9.849400e-01
0.8,23,3,0.011625,0.015254,0.026879,0.971131,9.848618e-01
0.8,24,1,0.010551,0.015166,0.025717,0.975830,9.849486e-01
0.8,24,2,0.011377,0.015160,0.026537,0.973633,9.849544e-01
0.8,24,3,0.009825,0.015150,0.024975,0.979464,9.849643e-01
0.8,25,1,0.010650,0.015079,0.025729,0.975342,9.850346e-01
0.8,25,2,0.010674,0.015142,0.025816,0.976562,9.849720e-01
0.8,25,3,0.010308,0.015113,0.025421,0.977083,9.850003e-01
0.8,26,1,0.010504,0.015097,0.025601,0.976807,9.850162e-01
0.8,26,2,0.010757,0.015026,0.025783,0.976562,9.850863e-01
0.8,26,3,0.010147,0.015070,0.025217,0.975893,9.850435e-01
0.8,27,1,0.010353,0.015007,0.025360,0.975586,9.851049e-01
0.8,27,2,0.010267,0.015067,0.025334,0.977783,9.850462e-01
0.8,27,3,0.010703,0.014969,0.025672,0.974405,9.851426e-01
0.8,28,1,0.010229,0.015053,0.025281,0.977295,9.850599e-01
0.8,28,2,0.010483,0.014938,0.025421,0.975342,9.851732e-01
0.8,28,3,0.010398,0.014910,0.025308,0.975893,9.852003e-01
0.8,29,1,0.010162,0.014992,0.025155,0.976318,9.851197e-01
0.8,29,2,0.010461,0.014899,0.025361,0.977295,9.852110e-01
0.8,29,3,0.010326,0.014871,0.025197,0.975595,9.852394e-01
0.8,30,1,0.009979,0.014885,0.024864,0.978027,9.852248e-01
0.8,30,2,0.010190,0.014863,0.025053,0.977295,9.852468e-01
0.8,30,3,0.010733,0.014884,0.025617,0.974107,9.852265e-01
0.9,1,1,0.016568,0.007396,0.023964,0.959473,9.926310e-01
0.9,1,2,0.015274,0.007365,0.022638,0.963135,9.926625e-01
0.9,1,3,0.014851,0.007370,0.022221,0.963690,9.926572e-01
0.9,2,1,0.014044,0.007371,0.021415,0.965332,9.926560e-01
0.9,2,2,0.014339,0.007355,0.021694,0.969482,9.926717e-01
0.9,2,3,0.013712,0.007329,0.021040,0.967560,9.926981e-01
0.9,3,1,0.013567,0.007346,0.020913,0.972412,9.926805e-01
0.9,3,2,0.013315,0.007346,0.020662,0.969238,9.926807e-01
0.9,3,3,0.013225,0.007290,0.020516,0.973214,9.927361e-01
0.9,4,1,0.013048,0.007318,0.020366,0.974121,9.927084e-01
0.9,4,2,0.012987,0.007299,0.020286,0.973877,9.927275e-01
0.9,4,3,0.013976,0.007309,0.021285,0.972619,9.927177e-01
0.9,5,1,0.013570,0.007276,0.020846,0.972656,9.927503e-01
0.9,5,2,0.013502,0.007327,0.020829,0.973877,9.926994e-01
0.9,5,3,0.012978,0.007265,0.020243,0.976190,9.927614e-01
0.9,6,1,0.013068,0.007282,0.020350,0.977051,9.927447e-01
0.9,6,2,0.013188,0.007280,0.020467,0.973389,9.927465e-01
0.9,6,3,0.013977,0.007269,0.021246,0.970833,9.927572e-01
0.9,7,1,0.013315,0.007262,0.020577,0.973877,9.927644e-01
0.9,7,2,0.013043,0.007287,0.020330,0.974365,9.927394e-01
0.9,7,3,0.013394,0.007251,0.020645,0.975893,9.927751e-01
0.9,8,1,0.013280,0.007283,0.020563,0.975586,9.927439e-01
0.9,8,2,0.013055,0.007255,0.020310,0.973145,9.927713e-01
0.9,8,3,0.012637,0.007242,0.019879,0.976488,9.927847e-01
0.9,9,1,0.013022,0.007208,0.020230,0.976318,9.928183e-01
0.9,9,2,0.012877,0.007308,0.020185,0.973877,9.927185e-01
0.9,9,3,0.012350,0.007251,0.019601,0.976190,9.927752e-01
0.9,10,1,0.013194,0.007260,0.020454,0.971436,9.927665e-01
0.9,10,2,0.012806,0.007251,0.020057,0.975586,9.927752e-01
0.9,10,3,0.011575,0.007244,0.018819,0.979167,9.927820e-01
0.9,11,1,0.012358,0.007224,0.019582,0.973145,9.928015e-01
0.9,11,2,0.012249,0.007262,0.019511,0.977783,9.927642e-01
0.9,11,3,0.012778,0.007261,0.020039,0.972321,9.927650e-01
0.9,12,1,0.012684,0.007227,0.019912,0.972168,9.927986e-01
0.9,12,2,0.012148,0.007239,0.019386,0.975098,9.927876e-01
0.9,12,3,0.012245,0.007272,0.019517,0.975000,9.927542e-01
0.9,13,1,0.012031,0.007210,0.019241,0.974365,9.928161e-01
0.9,13,2,0.012345,0.007267,0.019612,0.976562,9.927593e-01
0.9,13,3,0.012703,0.007242,0.019946,0.971429,9.927840e-01
0.9,14,1,0.011835,0.007225,0.019060,0.976318,9.928011e-01
0.9,14,2,0.012681,0.007253,0.019934,0.973145,9.927731e-01
0.9,14,3,0.012458,0.007220,0.019678,0.973214,9.928060e-01
0.9,15,1,0.012574,0.007240,0.019813,0.974121,9.927866e-01
0.9,15,2,0.012192,0.007231,0.019422,0.974121,9.927954e-01
0.9,15,3,0.012071,0.007204,0.019276,0.974702,9.928215e-01
0.9,16,1,0.012256,0.007224,0.019480,0.974365,9.928020e-01
0.9,16,2,0.012385,0.007230,0.019615,0.973877,9.927959e-01
0.9,16,3,0.012057,0.007194,0.019251,0.974702,9.928317e-01
0.9,17,1,0.012307,0.007251,0.019558,0.973145,9.927752e-01
0.9,17,2,0.012022,0.007201,0.019222,0.973877,9.928253e-01
0.9,17,3,0.012239,0.007163,0.019402,0.976190,9.928624e-01
0.9,18,1,0.011936,0.007184,0.019120,0.975342,9.928417e-01
0.9,18,2,0.012027,0.007208,0.019235,0.974609,9.928182e-01
0.9,18,3,0.012446,0.007199,0.019645,0.972619,9.928272e-01
0.9,19,1,0.012144,0.007227,0.019371,0.972168,9.927992e-01
0.9,19,2,0.011908,0.007142,0.019050,0.975830,9.928833e-01
0.9,19,3,0.012105,0.007186,0.019291,0.974405,9.928399e-01
0.9,20,1,0.012440,0.007196,0.019637,0.973633,9.928296e-01
0.9,20,2,0.011087,0.007131,0.018218,0.976807,9.928940e-01
0.9,20,3,0.012527,0.007194,0.019720,0.971429,9.928323e-01
0.9,21,1,0.011909,0.007130,0.019039,0.974121,9.928952e-01
0.9,21,2,0.012104,0.007206,0.019310,0.974365,9.928198e-01
0.9,21,3,0.011743,0.007139,0.018883,0.973810,9.928863e-01
0.9,22,1,0.011213,0.007120,0.018333,0.976807,9.929054e-01
0.9,22,2,0.012572,0.007165,0.019737,0.971436,9.928609e-01
0.9,22,3,0.011832,0.007157,0.018990,0.976190,9.928682e-01
0.9,23,1,0.011422,0.007134,0.018556,0.977539,9.928914e-01
0.9,23,2,0.012245,0.007151,0.019397,0.973877,9.928742e-01
0.9,23,3,0.011792,0.007112,0.018904,0.975595,9.929132e-01
0.9,24,1,0.011944,0.007124,0.019068,0.975586,9.929015e-01
0.9,24,2,0.011531,0.007117,0.018648,0.975830,9.929082e-01
0.9,24,3,0.011851,0.007122,0.018973,0.975893,9.929030e-01
0.9,25,1,0.011252,0.007099,0.018351,0.976074,9.929262e-01
0.9,25,2,0.012818,0.007120,0.019939,0.974609,9.929049e-01
0.9,25,3,0.010914,0.007105,0.018019,0.977083,9.929197e-01
0.9,26,1,0.011923,0.007110,0.019033,0.972900,9.929152e-01
0.9,26,2,0.011911,0.007071,0.018982,0.977051,9.929538e-01
0.9,26,3,0.010970,0.007110,0.018080,0.978571,9.929148e-01
0.9,27,1,0.011920,0.007089,0.019009,0.972900,9.929359e-01
0.9,27,2,0.010541,0.007073,0.017614,0.980957,9.929524e-01
0.9,27,3,0.012394,0.007094,0.019488,0.974405,9.929312e-01
0.9,28,1,0.011415,0.007072,0.018487,0.977783,9.929526e-01
0.91,1,1,0.012418,0.006372,0.018790,0.972656,9.936484e-01
0.91,1,2,0.011726,0.006356,0.018082,0.972168,9.936642e-01
0.91,1,3,0.011016,0.006373,0.017390,0.980060,9.936468e-01
0.91,2,1,0.011396,0.006346,0.017741,0.975830,9.936746e-01
0.91,2,2,0.011701,0.006380,0.018082,0.974365,9.936400e-01
0.91,2,3,0.012093,0.006359,0.018452,0.974107,9.936614e-01
0.91,3,1,0.011093,0.006368,0.017461,0.977539,9.936520e-01
0.91,3,2,0.012242,0.006331,0.018573,0.970703,9.936890e-01
0.91,3,3,0.011647,0.006376,0.018023,0.977381,9.936446e-01
0.91,4,1,0.011779,0.006360,0.018139,0.973633,9.936605e-01
0.91,4,2,0.011681,0.006337,0.018018,0.974121,9.936830e-01
0.91,4,3,0.011370,0.006364,0.017734,0.977976,9.936562e-01
0.91,5,1,0.011900,0.006358,0.018258,0.972900,9.936622e-01
0.91,5,2,0.011485,0.006366,0.017851,0.976074,9.936542e-01
0.91,5,3,0.011359,0.006317,0.017675,0.976488,9.937033e-01
0.91,6,1,0.011861,0.006370,0.018231,0.973877,9.936501e-01
0.91,6,2,0.011207,0.006322,0.017529,0.976318,9.936978e-01
0.91,6,3,0.011666,0.006341,0.018008,0.975298,9.936788e-01
0.91,7,1,0.012038,0.006348,0.018386,0.973145,9.936717e-01
0.91,7,2,0.011713,0.006329,0.018042,0.974121,9.936912e-01
0.91,7,3,0.010767,0.006346,0.017113,0.978571,9.936744e-01
0.91,8,1,0.011297,0.006332,0.017629,0.977295,9.936882e-01
0.91,8,2,0.011589,0.006345,0.017934,0.974854,9.936748e-01
0.91,8,3,0.011760,0.006331,0.018091,0.973810,9.936889e-01
0.91,9,1,0.011332,0.006330,0.017663,0.977295,9.936898e-01
0.91,9,2,0.011094,0.006350,0.017444,0.978760,9.936698e-01
0.91,9,3,0.012265,0.006313,0.018577,0.969345,9.937073e-01
0.91,10,1,0.011570,0.006344,0.017914,0.975342,9.936762e-01
0.91,10,2,0.011346,0.006343,0.017690,0.976318,9.936767e-01
0.91,10,3,0.011611,0.006290,0.017901,0.975298,9.937299e-01
0.91,11,1,0.011528,0.006326,0.017855,0.973145,9.936936e-01
0.91,11,2,0.012070,0.006318,0.018388,0.973389,9.937021e-01
0.91,11,3,0.010722,0.006328,0.017051,0.981250,9.936919e-01
0.91,12,1,0.011445,0.006320,0.017765,0.976807,9.936996e-01
0.91,12,2,0.011506,0.006340,0.017847,0.974121,9.936796e-01
0.91,12,3,0.011456,0.006293,0.017749,0.975893,9.937265e-01
0.91,13,1,0.011097,0.006301,0.017398,0.979248,9.937192e-01
0.91,13,2,0.011673,0.006339,0.018012,0.973877,9.936810e-01
0.91,13,3,0.011619,0.006305,0.017923,0.973214,9.937149e-01
0.91,14,1,0.011336,0.006300,0.017636,0.978516,9.937196e-01
0.91,14,2,0.010964,0.006323,0.017287,0.975586,9.936972e-01
0.91,14,3,0.012136,0.006311,0.018447,0.972024,9.937087e-01
0.91,15,1,0.011102,0.006282,0.017384,0.977295,9.937373e-01
0.91,15,2,0.011707,0.006342,0.018049,0.975830,9.936778e-01
0.91,15,3,0.011462,0.006295,0.017757,0.973214,9.937246e-01
0.91,16,1,0.011764,0.006313,0.018077,0.974121,9.937072e-01
0.91,16,2,0.011355,0.006295,0.017650,0.976318,9.937247e-01
0.91,16,3,0.011028,0.006302,0.017330,0.976786,9.937178e-01
0.91,17,1,0.010761,0.006284,0.017045,0.979248,9.937354e-01
0.91,17,2,0.011962,0.006299,0.018261,0.972900,9.937205e-01
0.91,17,3,0.011459,0.006318,0.017777,0.975000,9.937019e-01
0.91,18,1,0.011468,0.006295,0.017763,0.976074,9.937251e-01
0.91,18,2,0.010879,0.006293,0.017172,0.977539,9.937265e-01
0.91,18,3,0.011865,0.006299,0.018165,0.973214,9.937203e-01
0.91,19,1,0.011477,0.006285,0.017762,0.973877,9.937346e-01
0.91,19,2,0.011509,0.006301,0.017810,0.973877,9.937188e-01
0.91,19,3,0.011036,0.006289,0.017325,0.980060,9.937311e-01
0.91,20,1,0.011085,0.006290,0.017375,0.977539,9.937301e-01
0.91,20,2,0.011508,0.006292,0.017800,0.974609,9.937276e-01
0.91,20,3,0.011467,0.006281,0.017748,0.974702,9.937390e-01
0.91,21,1,0.011528,0.006293,0.017821,0.974854,9.937267e-01
0.91,21,2,0.011079,0.006281,0.017360,0.978027,9.937385e-01
0.91,21,3,0.011403,0.006277,0.017679,0.973512,9.937430e-01
0.91,22,1,0.012040,0.006307,0.018347,0.972900,9.937126e-01
0.91,22,2,0.010764,0.006268,0.017031,0.977051,9.937519e-01
0.91,22,3,0.011118,0.006263,0.017380,0.976786,9.937569e-01
0.91,23,1,0.010842,0.006293,0.017135,0.977051,9.937272e-01
0.91,23,2,0.011942,0.006273,0.018214,0.972900,9.937467e-01
0.91,23,3,0.011097,0.006261,0.017357,0.976786,9.937589e-01
0.91,24,1,0.011193,0.006270,0.017464,0.975098,9.937494e-01
0.91,24,2,0.010870,0.006257,0.017127,0.977783,9.937622e-01
0.91,24,3,0.011931,0.006293,0.018225,0.973214,9.937263e-01
0.91,25,1,0.011150,0.006266,0.017415,0.975098,9.937540e-01
0.91,25,2,0.011769,0.006294,0.018062,0.973389,9.937262e-01
0.91,25,3,0.010844,0.006241,0.017086,0.978869,9.937782e-01
0.91,26,1,0.011635,0.006262,0.017897,0.975586,9.937575e-01
0.91,26,2,0.011043,0.006287,0.017329,0.973877,9.937331e-01
0.91,26,3,0.011095,0.006240,0.017336,0.977679,9.937791e-01
0.91,27,1,0.010810,0.006265,0.017075,0.977295,9.937547e-01
0.91,27,2,0.011308,0.006238,0.017547,0.974854,9.937812e-01
0.91,27,3,0.011734,0.006282,0.018016,0.974702,9.937378e-01
0.91,28,1,0.010753,0.006268,0.017021,0.976562,9.937519e-01
0.91,28,2,0.011376,0.006247,0.017623,0.975830,9.937728e-01
0.91,28,3,0.011677,0.006254,0.017931,0.974405,9.937653e-01
0.91,29,1,0.011606,0.006272,0.017878,0.973633,9.937474e-01
0.91,29,2,0.011277,0.006242,0.017519,0.975586,9.937773e-01
0.91,29,3,0.010715,0.006240,0.016955,0.978274,9.937795e-01
0.91,30,1,0.011009,0.006202,0.017211,0.977539,9.938173e-01
0.91,30,2,0.011816,0.006278,0.018094,0.974365,9.937413e-01
0.91,30,3,0.010740,0.006267,0.017008,0.975298,9.937523e-01
0.91,31,1,0.011900,0.006225,0.018125,0.972168,9.937941e-01
0.91,31,2,0.011039,0.006254,0.017294,0.975830,9.937651e-01
0.91,31,3,0.010558,0.006254,0.016812,0.980060,9.937658e-01
0.91,32,1,0.011102,0.006275,0.017377,0.974365,9.937448e-01
0.91,32,2,0.010977,0.006201,0.017179,0.978760,9.938177e-01
0.91,32,3,0.011561,0.006243,0.017804,0.974107,9.937761e-01
0.91,33,1,0.011327,0.006202,0.017529,0.975586,9.938169e-01
0.91,1,1,0.011982,0.006391,0.018373,0.974854,9.936292e-01
0.91,1,2,0.011550,0.006359,0.017908,0.972168,9.936616e-01
0.91,1,3,0.011771,0.006348,0.018119,0.977083,9.936721e-01
0.91,2,1,0.012124,0.006379,0.018503,0.972900,9.936413e-01
0.91,2,2,0.011219,0.006355,0.017574,0.975830,9.936653e-01
0.91,2,3,0.011807,0.006352,0.018159,0.975298,9.936679e-01
0.91,3,1,0.011421,0.006372,0.017793,0.975098,9.936483e-01
0.91,3,2,0.012176,0.006353,0.018529,0.972656,9.936670e-01
0.91,3,3,0.011339,0.006348,0.017687,0.977679,9.936719e-01
0.91,4,1,0.011884,0.006342,0.018226,0.972656,9.936782e-01
0.91,4,2,0.011501,0.006387,0.017888,0.976807,9.936337e-01
0.91,4,3,0.011473,0.006330,0.017803,0.975595,9.936900e-01
0.91,5,1,0.011492,0.006342,0.017833,0.974365,9.936781e-01
0.91,5,2,0.011956,0.006371,0.018327,0.973389,9.936489e-01
0.91,5,3,0.011297,0.006335,0.017632,0.977976,9.936853e-01
0.91,6,1,0.010866,0.006366,0.017233,0.976318,9.936538e-01
0.91,6,2,0.011691,0.006321,0.018012,0.975586,9.936993e-01
0.91,6,3,0.012304,0.006352,0.018657,0.972619,9.936677e-01
0.91,7,1,0.011512,0.006355,0.017867,0.975586,9.936654e-01
0.91,7,2,0.011233,0.006337,0.017570,0.976562,9.936827e-01
0.91,7,3,0.012004,0.006332,0.018336,0.972917,9.936878e-01
0.91,8,1,0.011883,0.006349,0.018232,0.975098,9.936708e-01
0.91,8,2,0.011004,0.006352,0.017356,0.976074,9.936685e-01
0.91,8,3,0.011772,0.006307,0.018079,0.975000,9.937125e-01
0.91,9,1,0.011634,0.006329,0.017963,0.974854,9.936908e-01
0.91,9,2,0.010786,0.006324,0.017110,0.976807,9.936961e-01
0.91,9,3,0.012285,0.006352,0.018637,0.974405,9.936682e-01
0.91,10,1,0.012025,0.006373,0.018397,0.972168,9.936475e-01
0.91,10,2,0.011689,0.006321,0.018010,0.976807,9.936993e-01
0.91,10,3,0.010652,0.006289,0.016940,0.978571,9.937309e-01
0.91,11,1,0.011852,0.006326,0.018178,0.974854,9.936939e-01
0.91,11,2,0.011313,0.006345,0.017658,0.973877,9.936756e-01
0.91,11,3,0.011264,0.006303,0.017566,0.978571,9.937170e-01
0.91,12,1,0.011495,0.006334,0.017829,0.976562,9.936858e-01
0.91,12,2,0.011666,0.006325,0.017991,0.973877,9.936948e-01
0.91,12,3,0.011212,0.006303,0.017515,0.976488,9.937172e-01
0.91,13,1,0.011760,0.006333,0.018093,0.975098,9.936869e-01
0.91,13,2,0.010866,0.006307,0.017174,0.977295,9.937126e-01
0.91,13,3,0.011807,0.006312,0.018119,0.974702,9.937077e-01
0.91,14,1,0.011553,0.006307,0.017860,0.975342,9.937131e-01
0.91,14,2,0.011420,0.006308,0.017728,0.977539,9.937123e-01
0.91,14,3,0.011327,0.006330,0.017657,0.974107,9.936899e-01
0.91,15,1,0.011069,0.006290,0.017359,0.976318,9.937295e-01
0.91,15,2,0.011992,0.006333,0.018325,0.974609,9.936870e-01
0.91,15,3,0.011163,0.006305,0.017468,0.976488,9.937145e-01
0.91,16,1,0.011764,0.006315,0.018079,0.976074,9.937051e-01
0.91,16,2,0.010791,0.006297,0.017089,0.977295,9.937223e-01
0.91,16,3,0.011723,0.006305,0.018028,0.973512,9.937147e-01
0.91,17,1,0.011644,0.006332,0.017976,0.974609,9.936879e-01
0.91,17,2,0.011716,0.006324,0.018040,0.973633,9.936955e-01
0.91,17,3,0.010688,0.006237,0.016926,0.979762,9.937819e-01
0.91,18,1,0.011692,0.006301,0.017993,0.976074,9.937189e-01
0.91,18,2,0.011149,0.006296,0.017445,0.975830,9.937241e-01
0.91,18,3,0.011268,0.006297,0.017566,0.975000,9.937225e-01
0.91,19,1,0.011147,0.006307,0.017453,0.975830,9.937131e-01
0.91,19,2,0.011353,0.006290,0.017642,0.978027,9.937300e-01
0.91,19,3,0.011633,0.006284,0.017917,0.972619,9.937356e-01
0.91,20,1,0.011437,0.006280,0.017717,0.977051,9.937396e-01
0.91,20,2,0.011240,0.006286,0.017526,0.973877,9.937336e-01
0.91,20,3,0.011369,0.006308,0.017677,0.976190,9.937123e-01
0.91,21,1,0.011194,0.006307,0.017501,0.976318,9.937128e-01
0.91,21,2,0.011796,0.006279,0.018075,0.972656,9.937409e-01
0.91,21,3,0.010942,0.006270,0.017211,0.977976,9.937497e-01
0.91,22,1,0.011334,0.006329,0.017663,0.974121,9.936913e-01
0.91,22,2,0.011735,0.006269,0.018004,0.975830,9.937510e-01
0.91,22,3,0.010801,0.006242,0.017043,0.976786,9.937772e-01
0.91,23,1,0.011110,0.006269,0.017379,0.973877,9.937502e-01
0.91,23,2,0.011108,0.006280,0.017388,0.979492,9.937401e-01
0.91,23,3,0.011794,0.006287,0.018081,0.972917,9.937324e-01
0.91,24,1,0.010474,0.006297,0.016771,0.979492,9.937224e-01
0.91,24,2,0.012331,0.006272,0.018602,0.970703,9.937478e-01
0.91,24,3,0.011037,0.006249,0.017286,0.976488,9.937707e-01
0.91,25,1,0.011234,0.006269,0.017503,0.975098,9.937510e-01
0.91,25,2,0.011514,0.006285,0.017799,0.974609,9.937348e-01
0.91,25,3,0.011064,0.006254,0.017318,0.977083,9.937655e-01
0.91,26,1,0.011500,0.006278,0.017777,0.974609,9.937421e-01
0.91,26,2,0.011006,0.006277,0.017283,0.977295,9.937431e-01
0.91,26,3,0.011315,0.006239,0.017554,0.974702,9.937800e-01
0.91,27,1,0.010611,0.006244,0.016855,0.979248,9.937752e-01
0.91,27,2,0.011620,0.006274,0.017894,0.972656,9.937459e-01
0.91,27,3,0.011608,0.006269,0.017877,0.974702,9.937504e-01
0.91,28,1,0.010778,0.006251,0.017029,0.977783,9.937688e-01
0.91,28,2,0.011694,0.006270,0.017963,0.973877,9.937499e-01
0.91,28,3,0.011271,0.006252,0.017523,0.975298,9.937673e-01
0.91,29,1,0.010779,0.006263,0.017042,0.979248,9.937564e-01
0.91,29,2,0.011842,0.006254,0.018096,0.973145,9.937651e-01
0.91,29,3,0.011046,0.006241,0.017287,0.974405,9.937781e-01
0.91,30,1,0.011090,0.006248,0.017337,0.975830,9.937716e-01
0.91,30,2,0.011033,0.006262,0.017294,0.975342,9.937579e-01
0.91,30,3,0.011608,0.006237,0.017845,0.976190,9.937824e-01
0.91,31,1,0.010558,0.006244,0.016802,0.978271,9.937756e-01
0.91,31,2,0.011609,0.006253,0.017863,0.975342,9.937661e-01
0.91,31,3,0.011509,0.006238,0.017746,0.973512,9.937818e-01
0.91,32,1,0.010996,0.006242,0.017238,0.979980,9.937779e-01
0.91,32,2,0.011209,0.006239,0.017448,0.972656,9.937806e-01
0.91,32,3,0.011417,0.006244,0.017661,0.974702,9.937756e-01
0.91,33,1,0.011100,0.006268,0.017368,0.977295,9.937513e-01
0.91,33,2,0.011019,0.006227,0.017246,0.975830,9.937925e-01
0.91,33,3,0.011477,0.006211,0.017688,0.974107,9.938079e-01
0.91,34,1,0.010948,0.006216,0.017163,0.978027,9.938037e-01
0.91,34,2,0.010991,0.006232,0.017223,0.975830,9.937875e-01
0.91,34,3,0.011653,0.006255,0.017908,0.973214,9.937644e-01
0.91,35,1,0.011145,0.006224,0.017369,0.976074,9.937953e-01
0.91,35,2,0.010925,0.006242,0.017167,0.975098,9.937778e-01
0.91,35,3,0.011448,0.006219,0.017666,0.976190,9.938008e-01
0.91,36,1,0.010968,0.006220,0.017188,0.977051,9.937990e-01
0.91,36,2,0.011444,0.006257,0.017701,0.975342,9.937629e-01
0.91,36,3,0.010988,0.006190,0.017178,0.975000,9.938289e-01
0.91,37,1,0.011116,0.006210,0.017326,0.975586,9.938097e-01
0.91,37,2,0.011479,0.006254,0.017733,0.975098,9.937652e-01
0.91,37,3,0.010722,0.006192,0.016914,0.977381,9.938275e-01
0.91,38,1,0.011400,0.006223,0.017622,0.975586,9.937968e-01
0.91,38,2,0.011329,0.006188,0.017517,0.973389,9.938308e-01
0.91,38,3,0.010515,0.006242,0.016757,0.979762,9.937776e-01
0.91,39,1,0.011428,0.006199,0.017627,0.975098,9.938204e-01
0.91,39,2,0.011404,0.006226,0.017631,0.973389,9.937931e-01
0.91,39,3,0.010349,0.006210,0.016558,0.980060,9.938095e-01
0.91,40,1,0.010966,0.006211,0.017177,0.976807,9.938084e-01
0.91,40,2,0.011432,0.006208,0.017640,0.974365,9.938115e-01
0.91,40,3,0.010835,0.006203,0.017038,0.976786,9.938162e-01
0.91,41,1,0.011146,0.006223,0.017369,0.977295,9.937962e-01
0.91,41,2,0.010660,0.006211,0.016871,0.976074,9.938079e-01
0.91,41,3,0.011516,0.006169,0.017685,0.974107,9.938497e-01
0.91,42,1,0.010662,0.006177,0.016839,0.976318,9.938423e-01
0.91,42,2,0.011644,0.006211,0.017855,0.976562,9.938083e-01
0.91,42,3,0.010866,0.006212,0.017078,0.974702,9.938076e-01
0.91,43,1,0.010466,0.006227,0.016693,0.976318,9.937924e-01
0.91,43,2,0.011342,0.006170,0.017512,0.974365,9.938491e-01
0.91,43,3,0.011434,0.006186,0.017620,0.977381,9.938331e-01
0.91,44,1,0.010573,0.006212,0.016784,0.978271,9.938077e-01
0.91,44,2,0.011224,0.006183,0.017407,0.974609,9.938360e-01
0.91,44,3,0.011407,0.006174,0.017581,0.975298,9.938449e-01
0.91,45,1,0.011269,0.006182,0.017451,0.975830,9.938366e-01
0.91,45,2,0.010781,0.006194,0.016974,0.978271,9.938255e-01
0.91,45,3,0.011060,0.006182,0.017242,0.973810,9.938369e-01
0.91,46,1,0.011615,0.006191,0.017806,0.974365,9.938282e-01
0.91,46,2,0.010297,0.006164,0.016461,0.979004,9.938551e-01
0.91,46,3,0.011189,0.006194,0.017383,0.974702,9.938256e-01
0.91,47,1,0.011046,0.006190,0.017236,0.976318,9.938289e-01
0.91,47,2,0.011039,0.006204,0.017242,0.976807,9.938156e-01
0.91,47,3,0.010938,0.006132,0.017070,0.975298,9.938870e-01
0.91,48,1,0.010975,0.006161,0.017135,0.975342,9.938581e-01
0.91,48,2,0.010913,0.006194,0.017106,0.976807,9.938254e-01
0.91,48,3,0.011139,0.006165,0.017304,0.976786,9.938538e-01
0.91,49,1,0.011323,0.006171,0.017494,0.975342,9.938483e-01
0.91,49,2,0.010695,0.006166,0.016860,0.977295,9.938533e-01
0.91,49,3,0.010939,0.006173,0.017113,0.976190,9.938457e-01
0.91,50,1,0.010855,0.006170,0.017025,0.978271,9.938488e-01
0.91,50,2,0.010681,0.006172,0.016853,0.977295,9.938466e-01
0.91,50,3,0.011488,0.006151,0.017640,0.973214,9.938675e-01
0.91,51,1,0.010801,0.006146,0.016947,0.979492,9.938728e-01
0.91,51,2,0.010563,0.006155,0.016718,0.976562,9.938640e-01
0.91,51,3,0.011657,0.006188,0.017845,0.972619,9.938309e-01
0.91,52,1,0.010866,0.006157,0.017023,0.975098,9.938623e-01
0.91,52,2,0.011319,0.006170,0.017489,0.975586,9.938495e-01
0.91,52,3,0.010617,0.006143,0.016760,0.979167,9.938754e-01
0.91,53,1,0.011372,0.006170,0.017541,0.976074,9.938494e-01
0.91,53,2,0.010683,0.006147,0.016830,0.976318,9.938717e-01
0.91,53,3,0.010737,0.006141,0.016878,0.977083,9.938780e-01
0.91,54,1,0.010994,0.006176,0.017169,0.978516,9.938435e-01
0.91,54,2,0.011003,0.006157,0.017160,0.976074,9.938621e-01
0.91,54,3,0.010769,0.006108,0.016877,0.974405,9.939107e-01
0.91,55,1,0.010367,0.006168,0.016535,0.978516,9.938508e-01
0.91,55,2,0.010940,0.006134,0.017074,0.975830,9.938848e-01
0.91,55,3,0.011570,0.006131,0.017701,0.974405,9.938882e-01
0.91,56,1,0.010880,0.006121,0.017001,0.977051,9.938972e-01
0.91,56,2,0.010862,0.006150,0.017012,0.976074,9.938688e-01
0.91,56,3,0.011002,0.006154,0.017156,0.975893,9.938649e-01
0.91,57,1,0.010570,0.006147,0.016717,0.977539,9.938717e-01
0.91,57,2,0.011649,0.006112,0.017761,0.973389,9.939070e-01
0.91,57,3,0.010381,0.006156,0.016537,0.978571,9.938634e-01
0.91,58,1,0.010947,0.006143,0.017090,0.975586,9.938760e-01
0.91,58,2,0.011333,0.006135,0.017469,0.976318,9.938834e-01
0.91,58,3,0.010269,0.006118,0.016387,0.977381,9.939008e-01
0.91,59,1,0.010813,0.006097,0.016911,0.977051,9.939214e-01
0.91,59,2,0.011182,0.006139,0.017321,0.974609,9.938794e-01
0.91,59,3,0.010580,0.006155,0.016735,0.978274,9.938643e-01
0.91,60,1,0.010780,0.006129,0.016909,0.976807,9.938896e-01
0.91,60,2,0.011179,0.006128,0.017307,0.977051,9.938909e-01
0.91,60,3,0.010586,0.006116,0.016702,0.975595,9.939027e-01
0.91,61,1,0.010509,0.006108,0.016618,0.979004,9.939103e-01
0.91,61,2,0.010500,0.006104,0.016604,0.976318,9.939142e-01
0.91,61,3,0.011708,0.006156,0.017864,0.973810,9.938630e-01
0.91,62,1,0.010804,0.006106,0.016911,0.974609,9.939124e-01
0.91,62,2,0.011091,0.006116,0.017207,0.976318,9.939023e-01
0.91,62,3,0.010592,0.006130,0.016722,0.979464,9.938887e-01
0.91,63,1,0.011424,0.006099,0.017523,0.974854,9.939197e-01
0.91,63,2,0.010271,0.006128,0.016398,0.978271,9.938910e-01
0.91,63,3,0.010799,0.006111,0.016910,0.977083,9.939075e-01
0.91,64,1,0.010803,0.006094,0.016897,0.976562,9.939246e-01
0.91,64,2,0.010425,0.006109,0.016534,0.979736,9.939095e-01
0.91,64,3,0.011333,0.006126,0.017459,0.973810,9.938929e-01
0.91,65,1,0.010739,0.006116,0.016855,0.978516,9.939028e-01
0.91,65,2,0.010943,0.006115,0.017058,0.977539,9.939037e-01
0.91,65,3,0.010745,0.006078,0.016823,0.974405,9.939404e-01
0.91,66,1,0.011047,0.006096,0.017144,0.974609,9.939221e-01
0.91,66,2,0.010425,0.006116,0.016541,0.979736,9.939031e-01
0.91,66,3,0.010965,0.006087,0.017052,0.976786,9.939315e-01
0.91,67,1,0.010722,0.006100,0.016822,0.978271,9.939186e-01
0.91,67,2,0.011252,0.006089,0.017341,0.977295,9.939291e-01
0.91,67,3,0.010320,0.006101,0.016421,0.975298,9.939180e-01
0.91,68,1,0.010594,0.006112,0.016706,0.977539,9.939069e-01
0.91,68,2,0.011186,0.006072,0.017258,0.975098,9.939463e-01
0.91,68,3,0.010521,0.006093,0.016614,0.979167,9.939254e-01
0.91,69,1,0.010627,0.006099,0.016727,0.977051,9.939193e-01
0.91,69,2,0.010848,0.006089,0.016936,0.975830,9.939298e-01
0.91,69,3,0.010859,0.006074,0.016933,0.978869,9.939444e-01
0.91,70,1,0.010664,0.006118,0.016782,0.977051,9.939006e-01
0.91,70,2,0.010475,0.006053,0.016528,0.978271,9.939654e-01
0.91,70,3,0.011235,0.006081,0.017315,0.975893,9.939379e-01
0.91,71,1,0.010413,0.006083,0.016496,0.979492,9.939354e-01
0.91,71,2,0.011378,0.006063,0.017441,0.973877,9.939554e-01
0.91,71,3,0.010406,0.006097,0.016502,0.978274,9.939218e-01
0.91,72,1,0.011313,0.006082,0.017396,0.976562,9.939362e-01
0.91,72,2,0.010750,0.006073,0.016823,0.974854,9.939452e-01
0.91,72,3,0.010042,0.006071,0.016113,0.980952,9.939474e-01
0.91,73,1,0.010094,0.006017,0.016111,0.979004,9.940012e-01
0.91,73,2,0.011484,0.006104,0.017588,0.973877,9.939143e-01
0.91,73,3,0.010600,0.006098,0.016698,0.979167,9.939202e-01
0.91,74,1,0.010243,0.006070,0.016313,0.979004,9.939482e-01
0.91,74,2,0.010712,0.006073,0.016785,0.976562,9.939454e-01
0.91,74,3,0.011326,0.006057,0.017383,0.975893,9.939611e-01
0.91,75,1,0.010714,0.006051,0.016765,0.977783,9.939670e-01
0.91,75,2,0.010209,0.006066,0.016275,0.979004,9.939522e-01
0.91,75,3,0.011331,0.006074,0.017405,0.974405,9.939440e-01
0.91,76,1,0.010882,0.006088,0.016970,0.975586,9.939302e-01
0.91,76,2,0.010906,0.006025,0.016931,0.976562,9.939926e-01
0.91,76,3,0.010245,0.006065,0.016309,0.980060,9.939537e-01
0.91,77,1,0.010897,0.006039,0.016936,0.975830,9.939792e-01
0.91,77,2,0.010711,0.006078,0.016789,0.977783,9.939402e-01
0.91,77,3,0.010430,0.006046,0.016477,0.978274,9.939721e-01
0.91,78,1,0.010841,0.006044,0.016886,0.976074,9.939739e-01
0.91,78,2,0.010328,0.006065,0.016393,0.979736,9.939534e-01
0.91,78,3,0.010933,0.006041,0.016975,0.975595,9.939768e-01
0.91,79,1,0.010865,0.006052,0.016917,0.976807,9.939660e-01
0.91,79,2,0.010968,0.006029,0.016997,0.975586,9.939890e-01
0.91,79,3,0.010092,0.006061,0.016153,0.979762,9.939572e-01
0.91,80,1,0.011076,0.006053,0.017128,0.976318,9.939658e-01
0.91,80,2,0.010919,0.006050,0.016969,0.976562,9.939678e-01
0.91,80,3,0.009863,0.006020,0.015883,0.979167,9.939977e-01
0.91,81,1,0.011013,0.006023,0.017036,0.977051,9.939950e-01
0.91,81,2,0.010656,0.006073,0.016729,0.976807,9.939452e-01
0.91,81,3,0.010228,0.006014,0.016242,0.977976,9.940039e-01
0.91,82,1,0.010258,0.006021,0.016279,0.976562,9.939971e-01
0.91,82,2,0.010571,0.006056,0.016627,0.980957,9.939623e-01
0.91,82,3,0.011221,0.006023,0.017244,0.973810,9.939949e-01
0.91,83,1,0.011068,0.006037,0.017105,0.975586,9.939809e-01
0.91,83,2,0.010537,0.006038,0.016575,0.978271,9.939802e-01
0.91,83,3,0.010243,0.006011,0.016254,0.978274,9.940071e-01
0.91,84,1,0.010310,0.006023,0.016333,0.977783,9.939950e-01
0.91,84,2,0.010994,0.006008,0.017002,0.975830,9.940099e-01
0.91,84,3,0.010578,0.006050,0.016629,0.978571,9.939680e-01
0.91,85,1,0.010369,0.006051,0.016420,0.978516,9.939676e-01
0.91,85,2,0.010840,0.005984,0.016824,0.975830,9.940342e-01
0.91,85,3,0.010663,0.006032,0.016695,0.977976,9.939860e-01
0.91,86,1,0.011041,0.006003,0.017044,0.977295,9.940146e-01
0.91,86,2,0.010074,0.006038,0.016112,0.978271,9.939804e-01
0.91,86,3,0.010749,0.006009,0.016758,0.976488,9.940086e-01
0.91,87,1,0.010026,0.005991,0.016017,0.979492,9.940266e-01
0.91,87,2,0.011122,0.006034,0.017156,0.975342,9.939841e-01
0.91,87,3,0.010677,0.006014,0.016691,0.977381,9.940037e-01
0.91,88,1,0.010540,0.005985,0.016526,0.978027,9.940328e-01
0.91,88,2,0.010648,0.006031,0.016679,0.978760,9.939875e-01
0.91,88,3,0.010597,0.006012,0.016609,0.975000,9.940063e-01
0.91,89,1,0.010157,0.006009,0.016166,0.978271,9.940094e-01
0.91,89,2,0.010735,0.005995,0.016730,0.976807,9.940231e-01
0.91,89,3,0.010928,0.006012,0.016940,0.977083,9.940056e-01
0.91,90,1,0.010568,0.006011,0.016579,0.978271,9.940068e-01
0.91,90,2,0.010337,0.006005,0.016342,0.977051,9.940134e-01
0.91,90,3,0.010882,0.005983,0.016865,0.976786,9.940348e-01
0.91,91,1,0.010878,0.006003,0.016881,0.976074,9.940150e-01
0.91,91,2,0.010326,0.005977,0.016303,0.976562,9.940412e-01
0.91,91,3,0.010488,0.006013,0.016501,0.980060,9.940051e-01
0.91,92,1,0.010107,0.005967,0.016074,0.978027,9.940506e-01
0.91,92,2,0.010643,0.006010,0.016653,0.975830,9.940082e-01
0.91,92,3,0.011012,0.006002,0.017014,0.978869,9.940161e-01
0.91,93,1,0.010189,0.005985,0.016174,0.977295,9.940328e-01
0.91,93,2,0.010571,0.006009,0.016580,0.976318,9.940089e-01
0.91,93,3,0.010970,0.005967,0.016937,0.979167,9.940511e-01
0.91,94,1,0.010102,0.005969,0.016071,0.977539,9.940485e-01
0.91,94,2,0.011125,0.006012,0.017137,0.975830,9.940065e-01
0.91,94,3,0.010371,0.005969,0.016340,0.979464,9.940490e-01
0.91,95,1,0.010314,0.005975,0.016290,0.977295,9.940424e-01
0.91,95,2,0.010913,0.005983,0.016896,0.976807,9.940352e-01
0.91,95,3,0.010341,0.005983,0.016324,0.978571,9.940353e-01
0.91,96,1,0.011033,0.005984,0.017017,0.975830,9.940343e-01
0.91,96,2,0.010249,0.005946,0.016195,0.979492,9.940716e-01
0.91,96,3,0.010244,0.006003,0.016247,0.977381,9.940149e-01
0.91,97,1,0.010302,0.005959,0.016260,0.979248,9.940590e-01
0.91,97,2,0.010668,0.006010,0.016678,0.977295,9.940082e-01
0.91,97,3,0.010596,0.005942,0.016537,0.976190,9.940761e-01
0.91,98,1,0.010546,0.005950,0.016495,0.975342,9.940679e-01
0.91,98,2,0.009925,0.005970,0.015896,0.979492,9.940474e-01
0.91,98,3,0.011175,0.005987,0.017161,0.978571,9.940314e-01
0.91,99,1,0.011022,0.005974,0.016996,0.974609,9.940442e-01
0.91,99,2,0.010003,0.005967,0.015970,0.977539,9.940512e-01
0.91,99,3,0.010471,0.005948,0.016419,0.981845,9.940696e-01
0.91,100,1,0.010426,0.005950,0.016376,0.979492,9.940676e-01
0.91,100,2,0.010373,0.005960,0.016333,0.978760,9.940579e-01
0.91,100,3,0.010717,0.005971,0.016688,0.974405,9.940466e-01
0.92,1,1,0.011037,0.005299,0.016336,0.976074,9.947147e-01
0.92,1,2,0.010363,0.005291,0.015654,0.976318,9.947231e-01
0.92,1,3,0.011093,0.005286,0.016380,0.978571,9.947276e-01
0.92,2,1,0.010723,0.005288,0.016011,0.980957,9.947256e-01
0.92,2,2,0.010996,0.005271,0.016267,0.975098,9.947425e-01
0.92,2,3,0.010589,0.005305,0.015894,0.974702,9.947090e-01
0.92,3,1,0.011137,0.005278,0.016415,0.976807,9.947364e-01
0.92,3,2,0.010837,0.005278,0.016115,0.976074,9.947359e-01
0.92,3,3,0.010250,0.005293,0.015543,0.980060,9.947213e-01
0.92,4,1,0.010854,0.005283,0.016137,0.978027,9.947313e-01
0.92,4,2,0.010978,0.005275,0.016253,0.975830,9.947392e-01
0.92,4,3,0.010403,0.005275,0.015678,0.980060,9.947391e-01
0.92,5,1,0.010703,0.005258,0.015962,0.978027,9.947553e-01
0.92,5,2,0.010293,0.005300,0.015593,0.980469,9.947136e-01
0.92,5,3,0.011403,0.005260,0.016662,0.975000,9.947541e-01
0.92,6,1,0.011491,0.005290,0.016781,0.973877,9.947242e-01
0.92,6,2,0.011092,0.005260,0.016353,0.977295,9.947535e-01
0.92,6,3,0.009434,0.005259,0.014692,0.983929,9.947550e-01
0.92,7,1,0.010751,0.005265,0.016016,0.979004,9.947490e-01
0.92,7,2,0.010702,0.005268,0.015969,0.978027,9.947460e-01
0.92,7,3,0.010770,0.005270,0.016040,0.976488,9.947444e-01
0.92,8,1,0.010190,0.005261,0.015450,0.982178,9.947532e-01
0.92,8,2,0.011086,0.005266,0.016352,0.974609,9.947483e-01
0.92,8,3,0.010937,0.005268,0.016204,0.976786,9.947461e-01
0.92,9,1,0.010528,0.005243,0.015771,0.979736,9.947708e-01
0.92,9,2,0.010904,0.005284,0.016187,0.976562,9.947303e-01
0.92,9,3,0.010708,0.005258,0.015965,0.977083,9.947559e-01
0.92,10,1,0.010643,0.005270,0.015913,0.979248,9.947437e-01
0.92,10,2,0.010996,0.005278,0.016274,0.977051,9.947360e-01
0.92,10,3,0.010417,0.005222,0.015639,0.976488,9.947912e-01
0.92,11,1,0.009916,0.005243,0.015159,0.980957,9.947708e-01
0.92,11,2,0.010828,0.005263,0.016091,0.977295,9.947507e-01
0.92,11,3,0.011483,0.005264,0.016747,0.973810,9.947496e-01
0.92,12,1,0.010462,0.005254,0.015716,0.980469,9.947596e-01
0.92,12,2,0.011184,0.005232,0.016416,0.972168,9.947821e-01
0.92,12,3,0.010350,0.005280,0.015630,0.980655,9.947343e-01
0.92,13,1,0.010602,0.005244,0.015845,0.978027,9.947701e-01
0.92,13,2,0.011038,0.005247,0.016285,0.976318,9.947664e-01
0.92,13,3,0.010332,0.005263,0.015595,0.978571,9.947508e-01
0.92,14,1,0.009942,0.005238,0.015179,0.979980,9.947761e-01
0.92,14,2,0.011107,0.005271,0.016378,0.976562,9.947431e-01
0.92,14,3,0.011023,0.005231,0.016254,0.976190,9.947825e-01
0.92,15,1,0.010666,0.005242,0.015908,0.979980,9.947721e-01
0.92,15,2,0.010425,0.005249,0.015674,0.977783,9.947646e-01
0.92,15,3,0.010943,0.005242,0.016185,0.974702,9.947721e-01
0.92,16,1,0.010611,0.005225,0.015835,0.976318,9.947888e-01
0.92,16,2,0.010613,0.005259,0.015871,0.979248,9.947551e-01
0.92,16,3,0.010752,0.005239,0.015991,0.977083,9.947748e-01
0.92,17,1,0.010743,0.005253,0.015996,0.976318,9.947608e-01
0.92,17,2,0.010796,0.005197,0.015993,0.977539,9.948161e-01
0.92,17,3,0.010336,0.005267,0.015603,0.979167,9.947464e-01
0.92,18,1,0.010997,0.005232,0.016229,0.973877,9.947815e-01
0.92,18,2,0.010382,0.005233,0.015615,0.979736,9.947803e-01
0.92,18,3,0.010502,0.005237,0.015739,0.979762,9.947771e-01
0.92,19,1,0.010391,0.005265,0.015657,0.980225,9.947484e-01
0.92,19,2,0.010847,0.005229,0.016076,0.976562,9.947848e-01
0.92,19,3,0.010642,0.005189,0.015831,0.976488,9.948245e-01
0.92,20,1,0.010698,0.005227,0.015925,0.978516,9.947869e-01
0.92,20,2,0.010670,0.005244,0.015914,0.976074,9.947699e-01
0.92,20,3,0.010455,0.005205,0.015660,0.979167,9.948082e-01
0.92,21,1,0.009959,0.005189,0.015148,0.980225,9.948248e-01
0.92,21,2,0.010790,0.005243,0.016032,0.979248,9.947711e-01
0.92,21,3,0.011181,0.005241,0.016422,0.973512,9.947731e-01
0.92,22,1,0.010409,0.005239,0.015647,0.978516,9.947752e-01
0.92,22,2,0.010685,0.005224,0.015909,0.977539,9.947901e-01
0.92,22,3,0.010733,0.005190,0.015923,0.977381,9.948231e-01
0.92,23,1,0.011136,0.005235,0.016371,0.976074,9.947786e-01
0.92,23,2,0.010414,0.005207,0.015620,0.979248,9.948070e-01
0.92,23,3,0.010151,0.005202,0.015354,0.978274,9.948110e-01
0.92,24,1,0.009944,0.005183,0.015127,0.980225,9.948306e-01
0.92,24,2,0.011135,0.005253,0.016388,0.974854,9.947605e-01
0.92,24,3,0.010698,0.005197,0.015894,0.978571,9.948168e-01
0.92,25,1,0.010364,0.005205,0.015568,0.977295,9.948088e-01
0.92,25,2,0.010957,0.005226,0.016183,0.978271,9.947880e-01
0.92,25,3,0.010376,0.005191,0.015567,0.977976,9.948223e-01
0.92,26,1,0.010590,0.005201,0.015791,0.978027,9.948125e-01
0.92,26,2,0.010400,0.005192,0.015592,0.977539,9.948210e-01
0.92,26,3,0.010752,0.005224,0.015976,0.977976,9.947900e-01
0.92,27,1,0.010458,0.005217,0.015674,0.976807,9.947970e-01
0.92,27,2,0.011135,0.005189,0.016325,0.975342,9.948241e-01
0.92,27,3,0.009989,0.005196,0.015185,0.982143,9.948171e-01
0.92,28,1,0.010399,0.005197,0.015596,0.979004,9.948166e-01
0.92,28,2,0.010830,0.005202,0.016032,0.977051,9.948113e-01
0.92,28,3,0.010405,0.005193,0.015598,0.977381,9.948207e-01
0.92,29,1,0.009999,0.005208,0.015207,0.979980,9.948059e-01
0.92,29,2,0.011403,0.005189,0.016593,0.974365,9.948240e-01
0.92,29,3,0.010165,0.005183,0.015349,0.980060,9.948300e-01
0.92,30,1,0.010060,0.005184,0.015244,0.979248,9.948289e-01
0.92,30,2,0.011153,0.005181,0.016334,0.977051,9.948326e-01
0.92,30,3,0.010367,0.005211,0.015577,0.977976,9.948029e-01
0.92,31,1,0.011326,0.005191,0.016517,0.975342,9.948228e-01
0.92,31,2,0.009869,0.005191,0.015060,0.981201,9.948224e-01
0.92,31,3,0.010360,0.005179,0.015539,0.977679,9.948342e-01
0.92,32,1,0.010158,0.005188,0.015346,0.982422,9.948254e-01
0.92,32,2,0.010518,0.005185,0.015703,0.976562,9.948286e-01
0.92,32,3,0.010964,0.005179,0.016142,0.975000,9.948347e-01
0.92,33,1,0.010149,0.005201,0.015349,0.979004,9.948128e-01
0.92,33,2,0.010808,0.005171,0.015979,0.978516,9.948421e-01
0.92,33,3,0.010593,0.005169,0.015762,0.976786,9.948448e-01
0.92,34,1,0.010184,0.005194,0.015379,0.980713,9.948193e-01
0.92,34,2,0.010260,0.005175,0.015435,0.978516,9.948385e-01
0.92,34,3,0.011189,0.005161,0.016350,0.974405,9.948525e-01
0.92,35,1,0.010495,0.005188,0.015683,0.979004,9.948258e-01
0.92,35,2,0.010390,0.005186,0.015576,0.978027,9.948275e-01
0.92,35,3,0.010624,0.005144,0.015769,0.977679,9.948692e-01
0.92,36,1,0.010692,0.005175,0.015867,0.979736,9.948380e-01
0.92,36,2,0.009809,0.005177,0.014987,0.979492,9.948362e-01
0.92,36,3,0.011065,0.005158,0.016224,0.974702,9.948548e-01
0.92,37,1,0.010438,0.005160,0.015598,0.977539,9.948534e-01
0.92,37,2,0.011110,0.005177,0.016287,0.977539,9.948367e-01
0.92,37,3,0.009762,0.005167,0.014929,0.979762,9.948466e-01
0.92,38,1,0.010367,0.005152,0.015519,0.978027,9.948609e-01
0.92,38,2,0.010583,0.005173,0.015757,0.978516,9.948399e-01
0.92,38,3,0.010465,0.005169,0.015634,0.977976,9.948447e-01
0.92,39,1,0.010599,0.005157,0.015756,0.979980,9.948564e-01
0.92,39,2,0.010491,0.005161,0.015652,0.977783,9.948525e-01
0.92,39,3,0.010269,0.005167,0.015436,0.976488,9.948460e-01
0.92,40,1,0.009791,0.005147,0.014938,0.979492,9.948667e-01
0.92,40,2,0.011151,0.005173,0.016324,0.977295,9.948403e-01
0.92,40,3,0.010423,0.005154,0.015576,0.977679,9.948597e-01
0.92,41,1,0.010334,0.005157,0.015491,0.977783,9.948562e-01
0.92,41,2,0.010493,0.005135,0.015629,0.976562,9.948777e-01
0.92,41,3,0.010536,0.005175,0.015711,0.980655,9.948383e-01
0.92,42,1,0.010584,0.005146,0.015730,0.976318,9.948669e-01
0.92,42,2,0.010608,0.005137,0.015745,0.979004,9.948766e-01
0.92,42,3,0.010066,0.005175,0.015241,0.979464,9.948381e-01
0.92,43,1,0.010130,0.005144,0.015274,0.979980,9.948696e-01
0.92,43,2,0.010424,0.005150,0.015573,0.977539,9.948636e-01
0.92,43,3,0.010818,0.005151,0.015969,0.976786,9.948621e-01
0.92,44,1,0.010649,0.005153,0.015803,0.977539,9.948600e-01
0.92,44,2,0.010224,0.005122,0.015346,0.979492,9.948914e-01
0.92,44,3,0.010402,0.005162,0.015564,0.977381,9.948516e-01
0.92,45,1,0.010717,0.005158,0.015875,0.975342,9.948554e-01
0.92,45,2,0.010266,0.005118,0.015384,0.979736,9.948953e-01
0.92,45,3,0.010243,0.005149,0.015392,0.979762,9.948643e-01
0.92,46,1,0.009958,0.005116,0.015074,0.979980,9.948969e-01
0.92,46,2,0.010950,0.005188,0.016138,0.975830,9.948250e-01
0.92,46,3,0.010310,0.005102,0.015412,0.978869,9.949113e-01
0.92,47,1,0.010752,0.005128,0.015881,0.978516,9.948848e-01
0.92,47,2,0.009267,0.005138,0.014405,0.984131,9.948750e-01
0.92,47,3,0.011367,0.005136,0.016503,0.970536,9.948767e-01
0.92,48,1,0.010728,0.005133,0.015861,0.978027,9.948804e-01
0.92,48,2,0.010220,0.005126,0.015347,0.977783,9.948870e-01
0.92,48,3,0.010208,0.005134,0.015342,0.978869,9.948792e-01
0.92,49,1,0.010378,0.005122,0.015500,0.978516,9.948915e-01
0.92,49,2,0.010445,0.005136,0.015581,0.978271,9.948773e-01
0.92,49,3,0.010335,0.005124,0.015459,0.977679,9.948893e-01
0.92,50,1,0.009973,0.005144,0.015117,0.978516,9.948690e-01
0.92,50,2,0.010836,0.005131,0.015967,0.979248,9.948820e-01
0.92,50,3,0.010328,0.005090,0.015418,0.976488,9.949226e-01
0.92,51,1,0.010345,0.005122,0.015467,0.979004,9.948912e-01
0.92,51,2,0.010596,0.005145,0.015742,0.977539,9.948679e-01
0.92,51,3,0.010141,0.005089,0.015230,0.977976,9.949243e-01
0.92,52,1,0.010429,0.005122,0.015551,0.978027,9.948910e-01
0.92,52,2,0.010645,0.005130,0.015775,0.975830,9.948834e-01
0.92,52,3,0.009955,0.005096,0.015051,0.981250,9.949173e-01
0.92,53,1,0.010122,0.005100,0.015222,0.979248,9.949133e-01
0.92,53,2,0.010094,0.005143,0.015237,0.980469,9.948702e-01
0.92,53,3,0.010976,0.005095,0.016071,0.974107,9.949179e-01
0.92,54,1,0.009921,0.005099,0.015020,0.980713,9.949139e-01
0.92,54,2,0.011272,0.005131,0.016403,0.974121,9.948817e-01
0.92,54,3,0.009762,0.005098,0.014861,0.980060,9.949147e-01
0.92,55,1,0.010180,0.005103,0.015283,0.978516,9.949102e-01
0.92,55,2,0.010331,0.005113,0.015444,0.979004,9.949002e-01
0.92,55,3,0.010568,0.005105,0.015673,0.976786,9.949082e-01
0.92,56,1,0.010057,0.005117,0.015173,0.979492,9.948965e-01
0.92,56,2,0.010343,0.005102,0.015445,0.978271,9.949111e-01
0.92,56,3,0.010682,0.005090,0.015771,0.976488,9.949232e-01
0.92,57,1,0.009666,0.005074,0.014740,0.979492,9.949393e-01
0.92,57,2,0.011367,0.005114,0.016481,0.974365,9.948986e-01
0.92,57,3,0.009885,0.005115,0.015000,0.981250,9.948976e-01
0.92,58,1,0.010245,0.005104,0.015349,0.978516,9.949088e-01
0.92,58,2,0.010095,0.005074,0.015169,0.979004,9.949386e-01
0.92,58,3,0.010706,0.005116,0.015821,0.976786,9.948975e-01
0.92,59,1,0.010267,0.005104,0.015371,0.978027,9.949085e-01
0.92,59,2,0.009918,0.005083,0.015001,0.980469,9.949303e-01
0.92,59,3,0.010870,0.005094,0.015964,0.975595,9.949193e-01
0.92,60,1,0.010732,0.005100,0.015832,0.975098,9.949131e-01
0.92,60,2,0.009759,0.005066,0.014825,0.980713,9.949471e-01
0.92,60,3,0.010473,0.005109,0.015582,0.978869,9.949045e-01
0.92,61,1,0.010747,0.005069,0.015816,0.975830,9.949439e-01
0.92,61,2,0.009731,0.005083,0.014814,0.981201,9.949299e-01
0.92,61,3,0.010465,0.005114,0.015578,0.977679,9.948992e-01
0.92,62,1,0.010456,0.005101,0.015556,0.978760,9.949122e-01
0.92,62,2,0.010211,0.005092,0.015302,0.977295,9.949212e-01
0.92,62,3,0.010211,0.005053,0.015264,0.978869,9.949597e-01
0.92,63,1,0.010242,0.005072,0.015314,0.979980,9.949407e-01
0.92,63,2,0.009698,0.005079,0.014777,0.980957,9.949341e-01
0.92,63,3,0.011071,0.005093,0.016164,0.973214,9.949204e-01
0.92,64,1,0.010473,0.005049,0.015523,0.977783,9.949636e-01
0.92,64,2,0.010186,0.005100,0.015286,0.977295,9.949130e-01
0.92,64,3,0.010171,0.005083,0.015254,0.980357,9.949295e-01
0.92,65,1,0.010406,0.005094,0.015500,0.978027,9.949190e-01
0.92,65,2,0.010228,0.005062,0.015291,0.979492,9.949504e-01
0.92,65,3,0.010179,0.005063,0.015242,0.977381,9.949496e-01
0.92,66,1,0.010461,0.005067,0.015528,0.978027,9.949458e-01
0.92,66,2,0.010556,0.005061,0.015617,0.977783,9.949518e-01
0.92,66,3,0.009687,0.005087,0.014774,0.979464,9.949264e-01
0.92,67,1,0.009897,0.005069,0.014966,0.978760,9.949437e-01
0.92,67,2,0.010311,0.005051,0.015362,0.978027,9.949618e-01
0.92,67,3,0.010652,0.005085,0.015737,0.978274,9.949278e-01
0.92,68,1,0.010496,0.005065,0.015561,0.979492,9.949478e-01
0.92,68,2,0.010012,0.005084,0.015096,0.978027,9.949285e-01
0.92,68,3,0.010262,0.005038,0.015300,0.977381,9.949745e-01
0.92,69,1,0.010143,0.005065,0.015209,0.978027,9.949473e-01
0.92,69,2,0.011338,0.005042,0.016379,0.974121,9.949710e-01
0.92,69,3,0.009053,0.005078,0.014131,0.984226,9.949345e-01
0.92,70,1,0.010392,0.005081,0.015472,0.976807,9.949322e-01
0.92,70,2,0.010098,0.005036,0.015134,0.979004,9.949764e-01
0.92,70,3,0.010238,0.005055,0.015293,0.979762,9.949575e-01
0.92,71,1,0.010046,0.005047,0.015093,0.978760,9.949656e-01
0.92,71,2,0.010574,0.005068,0.015642,0.977539,9.949449e-01
0.92,71,3,0.010057,0.005046,0.015103,0.979464,9.949665e-01
0.92,72,1,0.010019,0.005067,0.015086,0.981689,9.949462e-01
0.92,72,2,0.010541,0.005037,0.015578,0.976074,9.949754e-01
0.92,72,3,0.010108,0.005048,0.015157,0.977976,9.949643e-01
0.92,73,1,0.010444,0.005038,0.015482,0.978271,9.949747e-01
0.92,73,2,0.010421,0.005064,0.015485,0.976562,9.949493e-01
0.92,73,3,0.009712,0.005040,0.014752,0.981548,9.949726e-01
0.92,74,1,0.010469,0.005059,0.015527,0.977295,9.949540e-01
0.92,74,2,0.010090,0.005033,0.015123,0.979248,9.949795e-01
0.92,74,3,0.010066,0.005040,0.015106,0.979464,9.949722e-01
0.92,75,1,0.010213,0.005029,0.015243,0.978516,9.949835e-01
0.92,75,2,0.009844,0.005034,0.014877,0.979492,9.949791e-01
0.92,75,3,0.010654,0.005065,0.015719,0.977679,9.949481e-01
0.92,76,1,0.009530,0.005043,0.014572,0.982910,9.949702e-01
0.92,76,2,0.010682,0.005059,0.015742,0.975830,9.949535e-01
0.92,76,3,0.010442,0.005006,0.015448,0.976786,9.950067e-01
0.92,77,1,0.010505,0.005044,0.015549,0.977783,9.949689e-01
0.92,77,2,0.009947,0.005029,0.014975,0.978760,9.949841e-01
0.92,77,3,0.010128,0.005030,0.015158,0.979762,9.949824e-01
0.92,78,1,0.010074,0.005046,0.015120,0.979736,9.949668e-01
0.92,78,2,0.010201,0.005007,0.015207,0.976807,9.950056e-01
0.92,78,3,0.010323,0.005043,0.015365,0.979464,9.949700e-01
0.92,79,1,0.010250,0.005038,0.015289,0.979248,9.949742e-01
0.92,79,2,0.010196,0.005027,0.015223,0.978271,9.949857e-01
0.92,79,3,0.010091,0.005016,0.015107,0.978274,9.949966e-01
0.92,80,1,0.009724,0.005041,0.014766,0.980713,9.949716e-01
0.92,80,2,0.010231,0.005007,0.015238,0.978271,9.950052e-01
0.92,80,3,0.010669,0.005025,0.015694,0.976786,9.949874e-01
0.92,81,1,0.009463,0.005046,0.014509,0.982910,9.949663e-01
0.92,81,2,0.010396,0.005026,0.015422,0.975342,9.949871e-01
0.92,81,3,0.010764,0.004985,0.015749,0.977679,9.950273e-01
0.92,82,1,0.011017,0.005031,0.016048,0.975586,9.949816e-01
0.92,82,2,0.009331,0.005008,0.014340,0.982178,9.950041e-01
0.92,82,3,0.010147,0.005013,0.015160,0.978571,9.949993e-01
0.92,83,1,0.009770,0.005002,0.014772,0.978516,9.950106e-01
0.92,83,2,0.010658,0.005019,0.015677,0.976074,9.949940e-01
0.92,83,3,0.010028,0.005025,0.015053,0.982440,9.949875e-01
0.92,84,1,0.010442,0.005008,0.015451,0.977539,9.950043e-01
0.92,84,2,0.010497,0.005020,0.015517,0.975342,9.949925e-01
0.92,84,3,0.009384,0.005004,0.014388,0.984524,9.950083e-01
0.92,85,1,0.010194,0.005022,0.015215,0.978760,9.949909e-01
0.92,85,2,0.010187,0.005001,0.015188,0.978271,9.950118e-01
0.92,85,3,0.010043,0.005000,0.015043,0.979762,9.950123e-01
0.92,86,1,0.010679,0.005004,0.015683,0.977295,9.950083e-01
0.92,86,2,0.009954,0.005017,0.014971,0.979004,9.949955e-01
0.92,86,3,0.009715,0.004990,0.014705,0.980655,9.950222e-01
0.92,87,1,0.009886,0.004994,0.014879,0.980713,9.950189e-01
0.92,87,2,0.010233,0.004991,0.015224,0.978027,9.950215e-01
0.92,87,3,0.010322,0.005024,0.015345,0.977679,9.949887e-01
0.92,88,1,0.010275,0.005009,0.015284,0.979492,9.950035e-01
0.92,88,2,0.010131,0.005007,0.015138,0.978271,9.950055e-01
0.92,88,3,0.009951,0.004974,0.014925,0.978869,9.950384e-01
0.92,89,1,0.010666,0.004992,0.015658,0.977783,9.950202e-01
0.92,89,2,0.009637,0.004982,0.014619,0.979736,9.950302e-01
0.92,89,3,0.010055,0.005014,0.015069,0.979464,9.949989e-01
0.92,90,1,0.010037,0.004982,0.015019,0.978027,9.950302e-01
0.92,90,2,0.009779,0.004996,0.014775,0.980957,9.950163e-01
0.92,90,3,0.010628,0.004998,0.015626,0.977679,9.950148e-01
0.92,91,1,0.010463,0.004978,0.015441,0.978516,9.950342e-01
0.92,91,2,0.010287,0.004981,0.015268,0.977539,9.950309e-01
0.92,91,3,0.009469,0.005009,0.014478,0.981250,9.950032e-01
0.92,92,1,0.009634,0.004975,0.014609,0.980957,9.950374e-01
0.92,92,2,0.009602,0.004989,0.014591,0.981445,9.950234e-01
0.92,92,3,0.011295,0.004993,0.016288,0.973512,9.950196e-01
0.92,93,1,0.010102,0.005001,0.015102,0.977783,9.950118e-01
0.92,93,2,0.010225,0.004976,0.015202,0.980957,9.950360e-01
0.92,93,3,0.009944,0.004966,0.014909,0.977976,9.950464e-01
0.92,94,1,0.010046,0.004982,0.015028,0.978271,9.950306e-01
0.92,94,2,0.009800,0.004984,0.014784,0.982178,9.950283e-01
0.92,94,3,0.010510,0.004969,0.015478,0.975893,9.950438e-01
0.92,95,1,0.009365,0.004962,0.014327,0.981689,9.950503e-01
0.92,95,2,0.010865,0.004968,0.015833,0.976074,9.950447e-01
0.92,95,3,0.010022,0.005002,0.015023,0.978869,9.950108e-01
0.92,96,1,0.010283,0.004983,0.015266,0.977783,9.950294e-01
0.92,96,2,0.010144,0.004972,0.015115,0.980957,9.950407e-01
0.92,96,3,0.009761,0.004960,0.014721,0.977976,9.950521e-01
0.92,97,1,0.009935,0.004973,0.014908,0.980713,9.950398e-01
0.92,97,2,0.010427,0.004962,0.015389,0.977783,9.950502e-01
0.92,97,3,0.009821,0.004974,0.014794,0.978571,9.950388e-01
0.92,98,1,0.009825,0.004983,0.014808,0.979492,9.950295e-01
0.92,98,2,0.010617,0.004962,0.015579,0.977539,9.950499e-01
0.92,98,3,0.009704,0.004950,0.014653,0.980357,9.950626e-01
0.92,99,1,0.010365,0.004980,0.015345,0.977051,9.950323e-01
0.92,99,2,0.009973,0.004955,0.014928,0.978516,9.950577e-01
0.92,99,3,0.009810,0.004952,0.014762,0.982143,9.950605e-01
0.92,100,1,0.009419,0.004950,0.014369,0.980957,9.950625e-01
0.92,100,2,0.010771,0.004969,0.015740,0.976807,9.950433e-01
0.92,100,3,0.009970,0.004960,0.014930,0.979464,9.950521e-01
0.93,1,1,0.010743,0.004349,0.015092,0.977295,9.956606e-01
0.93,1,2,0.009967,0.004337,0.014303,0.980713,9.956729e-01
0.93,1,3,0.010442,0.004319,0.014761,0.976488,9.956901e-01
0.93,2,1,0.010839,0.004351,0.015190,0.977295,9.956588e-01
0.93,2,2,0.010163,0.004320,0.014482,0.979004,9.956897e-01
0.93,2,3,0.009985,0.004323,0.014308,0.979762,9.956863e-01
0.93,3,1,0.010807,0.004330,0.015136,0.974121,9.956798e-01
0.93,3,2,0.009780,0.004330,0.014110,0.983887,9.956795e-01
0.93,3,3,0.010460,0.004323,0.014784,0.979167,9.956861e-01
0.93,4,1,0.009899,0.004319,0.014217,0.978760,9.956907e-01
0.93,4,2,0.010662,0.004345,0.015007,0.978760,9.956640e-01
0.93,4,3,0.010493,0.004306,0.014799,0.979464,9.957028e-01
0.93,5,1,0.010245,0.004328,0.014573,0.979492,9.956814e-01
0.93,5,2,0.009674,0.004328,0.014003,0.981445,9.956809e-01
0.93,5,3,0.011252,0.004307,0.015559,0.975298,9.957027e-01
0.93,6,1,0.009961,0.004320,0.014280,0.979248,9.956898e-01
0.93,6,2,0.010112,0.004324,0.014436,0.980225,9.956855e-01
0.93,6,3,0.011036,0.004315,0.015351,0.977083,9.956946e-01
0.93,7,1,0.011366,0.004332,0.015697,0.974365,9.956777e-01
0.93,7,2,0.009650,0.004317,0.013967,0.980469,9.956921e-01
0.93,7,3,0.009855,0.004301,0.014156,0.982738,9.957079e-01
0.93,8,1,0.010531,0.004330,0.014861,0.978516,9.956792e-01
0.93,8,2,0.010128,0.004296,0.014424,0.980225,9.957136e-01
0.93,8,3,0.010264,0.004323,0.014587,0.978274,9.956860e-01
0.93,9,1,0.010467,0.004314,0.014781,0.977051,9.956956e-01
0.93,9,2,0.010638,0.004313,0.014951,0.978271,9.956959e-01
0.93,9,3,0.009689,0.004316,0.014005,0.982143,9.956935e-01
0.93,10,1,0.010296,0.004320,0.014616,0.977051,9.956894e-01
0.93,10,2,0.010179,0.004315,0.014494,0.981445,9.956948e-01
0.93,10,3,0.010430,0.004301,0.014731,0.977976,9.957085e-01
0.93,11,1,0.009971,0.004289,0.014260,0.980957,9.957207e-01
0.93,11,2,0.010489,0.004327,0.014816,0.976318,9.956823e-01
0.93,11,3,0.010427,0.004317,0.014744,0.979167,9.956923e-01
0.93,12,1,0.010481,0.004304,0.014785,0.977295,9.957050e-01
0.93,12,2,0.010659,0.004296,0.014956,0.978516,9.957130e-01
0.93,12,3,0.009575,0.004329,0.013904,0.980952,9.956808e-01
0.93,13,1,0.010656,0.004311,0.014967,0.975586,9.956983e-01
0.93,13,2,0.010151,0.004321,0.014472,0.980957,9.956881e-01
0.93,13,3,0.009959,0.004282,0.014242,0.980060,9.957267e-01
0.93,14,1,0.010122,0.004310,0.014431,0.977783,9.956997e-01
0.93,14,2,0.010426,0.004300,0.014726,0.979736,9.957091e-01
0.93,14,3,0.010253,0.004302,0.014556,0.978571,9.957069e-01
0.93,15,1,0.009685,0.004293,0.013979,0.980957,9.957158e-01
0.93,15,2,0.010473,0.004317,0.014790,0.978760,9.956926e-01
0.93,15,3,0.010705,0.004294,0.014999,0.975595,9.957154e-01
0.93,16,1,0.010739,0.004303,0.015042,0.975342,9.957060e-01
0.93,16,2,0.010474,0.004296,0.014771,0.979492,9.957128e-01
0.93,16,3,0.009397,0.004298,0.013696,0.981845,9.957109e-01
0.93,17,1,0.010680,0.004290,0.014970,0.977295,9.957190e-01
0.93,17,2,0.009932,0.004289,0.014220,0.981689,9.957206e-01
0.93,17,3,0.010108,0.004315,0.014423,0.977083,9.956939e-01
0.93,18,1,0.009738,0.004294,0.014032,0.979736,9.957153e-01
0.93,18,2,0.010583,0.004287,0.014870,0.978027,9.957218e-01
0.93,18,3,0.010441,0.004304,0.014745,0.978869,9.957056e-01
0.93,19,1,0.010295,0.004289,0.014584,0.979736,9.957197e-01
0.93,19,2,0.009946,0.004289,0.014235,0.980225,9.957198e-01
0.93,19,3,0.010517,0.004298,0.014815,0.976190,9.957111e-01
0.93,20,1,0.010567,0.004300,0.014867,0.978516,9.957092e-01
0.93,20,2,0.010112,0.004286,0.014398,0.979980,9.957234e-01
0.93,20,3,0.009965,0.004281,0.014246,0.977976,9.957280e-01
0.93,21,1,0.010261,0.004312,0.014573,0.979736,9.956975e-01
0.93,21,2,0.010324,0.004266,0.014589,0.978760,9.957435e-01
0.93,21,3,0.010061,0.004283,0.014344,0.977976,9.957263e-01
0.93,22,1,0.010077,0.004281,0.014358,0.978760,9.957282e-01
0.93,22,2,0.010282,0.004292,0.014574,0.980469,9.957169e-01
0.93,22,3,0.010317,0.004279,0.014596,0.977083,9.957298e-01
0.93,23,1,0.010005,0.004271,0.014276,0.979980,9.957378e-01
0.93,23,2,0.010216,0.004305,0.014521,0.979004,9.957041e-01
0.93,23,3,0.010466,0.004267,0.014733,0.977381,9.957422e-01
0.93,24,1,0.009828,0.004289,0.014117,0.979980,9.957200e-01
0.93,24,2,0.010540,0.004284,0.014824,0.976807,9.957247e-01
0.93,24,3,0.010266,0.004262,0.014528,0.980060,9.957471e-01
0.93,25,1,0.010320,0.004269,0.014589,0.977539,9.957404e-01
0.93,25,2,0.010446,0.004298,0.014744,0.979004,9.957114e-01
0.93,25,3,0.009760,0.004262,0.014022,0.980357,9.957466e-01
0.93,26,1,0.008973,0.004260,0.013233,0.983398,9.957488e-01
0.93,26,2,0.011245,0.004283,0.015529,0.974121,9.957257e-01
0.93,26,3,0.010405,0.004282,0.014687,0.979167,9.957270e-01
0.93,27,1,0.009950,0.004262,0.014212,0.982422,9.957471e-01
0.93,27,2,0.010030,0.004287,0.014317,0.977539,9.957219e-01
0.93,27,3,0.010673,0.004267,0.014941,0.976190,9.957417e-01
0.93,28,1,0.010060,0.004268,0.014328,0.980713,9.957413e-01
0.93,28,2,0.010169,0.004265,0.014434,0.979736,9.957443e-01
0.93,28,3,0.010348,0.004280,0.014628,0.975595,9.957292e-01
0.93,29,1,0.010329,0.004270,0.014599,0.978027,9.957389e-01
0.93,29,2,0.010177,0.004270,0.014447,0.980713,9.957388e-01
0.93,29,3,0.009990,0.004262,0.014252,0.977976,9.957466e-01
0.93,30,1,0.010337,0.004262,0.014600,0.978027,9.957466e-01
0.93,30,2,0.010012,0.004293,0.014304,0.979004,9.957167e-01
0.93,30,3,0.010161,0.004237,0.014398,0.980060,9.957719e-01
0.93,31,1,0.010550,0.004263,0.014812,0.977539,9.957465e-01
0.93,31,2,0.009846,0.004254,0.014100,0.979248,9.957551e-01
0.93,31,3,0.010083,0.004276,0.014359,0.980952,9.957330e-01
0.93,32,1,0.010144,0.004265,0.014410,0.979980,9.957436e-01
0.93,32,2,0.010429,0.004254,0.014683,0.978271,9.957549e-01
0.93,32,3,0.009848,0.004265,0.014113,0.979167,9.957443e-01
0.93,33,1,0.009916,0.004265,0.014181,0.981445,9.957440e-01
0.93,33,2,0.010501,0.004244,0.014744,0.976074,9.957655e-01
0.93,33,3,0.010018,0.004270,0.014289,0.980060,9.957387e-01
0.93,34,1,0.009629,0.004268,0.013896,0.979492,9.957415e-01
0.93,34,2,0.009971,0.004253,0.014224,0.980469,9.957559e-01
0.93,34,3,0.010995,0.004248,0.015243,0.976786,9.957610e-01
0.93,35,1,0.010511,0.004250,0.014761,0.977783,9.957590e-01
0.93,35,2,0.010531,0.004268,0.014799,0.978760,9.957410e-01
0.93,35,3,0.009219,0.004243,0.013462,0.980952,9.957657e-01
0.93,36,1,0.010309,0.004248,0.014557,0.979004,9.957606e-01
0.93,36,2,0.009627,0.004259,0.013887,0.980957,9.957496e-01
0.93,36,3,0.010546,0.004248,0.014794,0.976488,9.957610e-01
0.93,37,1,0.010429,0.004256,0.014685,0.977539,9.957530e-01
0.93,37,2,0.010167,0.004241,0.014408,0.977783,9.957683e-01
0.93,37,3,0.009723,0.004254,0.013977,0.982143,9.957552e-01
0.93,38,1,0.009742,0.004239,0.013981,0.979492,9.957696e-01
0.93,38,2,0.009527,0.004236,0.013764,0.982910,9.957725e-01
0.93,38,3,0.011321,0.004271,0.015592,0.973810,9.957378e-01
0.93,39,1,0.009944,0.004231,0.014176,0.979736,9.957777e-01
0.93,39,2,0.010289,0.004278,0.014566,0.979248,9.957316e-01
0.93,39,3,0.010126,0.004223,0.014349,0.977976,9.957858e-01
0.93,40,1,0.010222,0.004243,0.014464,0.977539,9.957665e-01
0.93,40,2,0.009945,0.004234,0.014179,0.979248,9.957754e-01
0.93,40,3,0.010188,0.004255,0.014443,0.980952,9.957541e-01
0.93,41,1,0.010705,0.004237,0.014942,0.978027,9.957717e-01
0.93,41,2,0.009844,0.004247,0.014091,0.979248,9.957618e-01
0.93,41,3,0.009703,0.004237,0.013939,0.980655,9.957723e-01
0.93,42,1,0.009982,0.004227,0.014209,0.978271,9.957815e-01
0.93,42,2,0.009468,0.004248,0.013716,0.983154,9.957610e-01
0.93,42,3,0.011023,0.004240,0.015262,0.975595,9.957693e-01
0.93,43,1,0.010352,0.004236,0.014588,0.979980,9.957733e-01
0.93,43,2,0.009935,0.004237,0.014172,0.978516,9.957719e-01
0.93,43,3,0.009982,0.004235,0.014218,0.979167,9.957739e-01
0.93,44,1,0.009901,0.004219,0.014120,0.979004,9.957899e-01
0.93,44,2,0.010538,0.004240,0.014779,0.979248,9.957688e-01
0.93,44,3,0.009778,0.004244,0.014022,0.979464,9.957653e-01
0.93,45,1,0.010043,0.004230,0.014273,0.979736,9.957786e-01
0.93,45,2,0.010062,0.004227,0.014289,0.979248,9.957819e-01
0.93,45,3,0.010167,0.004238,0.014405,0.978869,9.957712e-01
0.93,46,1,0.010164,0.004230,0.014394,0.979736,9.957785e-01
0.93,46,2,0.009970,0.004204,0.014175,0.979248,9.958043e-01
0.93,46,3,0.010113,0.004257,0.014370,0.979167,9.957518e-01
0.93,47,1,0.009793,0.004201,0.013994,0.980225,9.958076e-01
0.93,47,2,0.009969,0.004224,0.014193,0.979980,9.957853e-01
0.93,47,3,0.010548,0.004262,0.014809,0.977679,9.957475e-01
0.93,48,1,0.009969,0.004242,0.014211,0.980713,9.957669e-01
0.93,48,2,0.010507,0.004221,0.014728,0.976074,9.957882e-01
0.93,48,3,0.009660,0.004207,0.013867,0.982143,9.958016e-01
0.93,49,1,0.010869,0.004225,0.015094,0.975830,9.957842e-01
0.93,49,2,0.009616,0.004222,0.013838,0.981445,9.957869e-01
0.93,49,3,0.009629,0.004219,0.013848,0.981548,9.957899e-01
0.93,50,1,0.009808,0.004208,0.014016,0.980469,9.958005e-01
0.93,50,2,0.009587,0.004217,0.013805,0.981934,9.957917e-01
0.93,50,3,0.010941,0.004237,0.015178,0.975595,9.957721e-01
0.93,51,1,0.010746,0.004228,0.014974,0.976074,9.957812e-01
0.93,51,2,0.009243,0.004210,0.013452,0.983398,9.957992e-01
0.93,51,3,0.010199,0.004214,0.014413,0.979167,9.957944e-01
0.93,52,1,0.009467,0.004231,0.013698,0.982666,9.957783e-01
0.93,52,2,0.010357,0.004198,0.014555,0.978760,9.958106e-01
0.93,52,3,0.010381,0.004217,0.014598,0.976488,9.957920e-01
0.93,53,1,0.010670,0.004233,0.014902,0.976074,9.957762e-01
0.93,53,2,0.009021,0.004199,0.013219,0.985596,9.958102e-01
0.93,53,3,0.010526,0.004206,0.014732,0.976190,9.958028e-01
0.93,54,1,0.009028,0.004210,0.013238,0.982422,9.957988e-01
0.93,54,2,0.010421,0.004220,0.014641,0.978271,9.957892e-01
0.93,54,3,0.010801,0.004200,0.015002,0.977381,9.958086e-01
0.93,55,1,0.010362,0.004204,0.014566,0.979980,9.958050e-01
0.93,55,2,0.009826,0.004195,0.014021,0.978516,9.958135e-01
0.93,55,3,0.009883,0.004230,0.014112,0.980060,9.957792e-01
0.93,56,1,0.010029,0.004200,0.014229,0.978760,9.958093e-01
0.93,56,2,0.010242,0.004208,0.014450,0.979004,9.958012e-01
0.93,56,3,0.009762,0.004212,0.013974,0.981548,9.957966e-01
0.93,57,1,0.009686,0.004194,0.013880,0.981934,9.958149e-01
0.93,57,2,0.010187,0.004209,0.014396,0.979492,9.957997e-01
0.93,57,3,0.010229,0.004210,0.014439,0.977083,9.957992e-01
0.93,58,1,0.009714,0.004211,0.013925,0.980713,9.957980e-01
0.93,58,2,0.009775,0.004200,0.013975,0.982178,9.958088e-01
0.93,58,3,0.010681,0.004192,0.014873,0.975298,9.958163e-01
0.93,59,1,0.010164,0.004199,0.014363,0.979736,9.958099e-01
0.93,59,2,0.009726,0.004214,0.013940,0.981445,9.957948e-01
0.93,59,3,0.010173,0.004182,0.014356,0.977381,9.958264e-01
0.93,60,1,0.009857,0.004198,0.014055,0.980713,9.958112e-01
0.93,60,2,0.009861,0.004195,0.014056,0.980469,9.958136e-01
0.93,60,3,0.010364,0.004199,0.014563,0.977381,9.958096e-01
0.93,61,1,0.010800,0.004195,0.014994,0.978027,9.958142e-01
0.93,61,2,0.009095,0.004209,0.013304,0.983887,9.957994e-01
0.93,61,3,0.010132,0.004178,0.014310,0.976488,9.958308e-01
0.93,62,1,0.009611,0.004195,0.013806,0.979736,9.958136e-01
0.93,62,2,0.011000,0.004195,0.015195,0.975342,9.958138e-01
0.93,62,3,0.009240,0.004187,0.013427,0.984821,9.958216e-01
0.93,63,1,0.009773,0.004195,0.013967,0.980713,9.958142e-01
0.93,63,2,0.010080,0.004190,0.014270,0.977295,9.958186e-01
0.93,63,3,0.010148,0.004186,0.014334,0.981250,9.958227e-01
0.93,64,1,0.009762,0.004196,0.013958,0.981201,9.958127e-01
0.93,64,2,0.010204,0.004182,0.014385,0.978271,9.958270e-01
0.93,64,3,0.009993,0.004187,0.014179,0.979464,9.958220e-01
0.93,65,1,0.010518,0.004191,0.014710,0.975342,9.958176e-01
0.93,65,2,0.009872,0.004191,0.014063,0.981201,9.958180e-01
0.93,65,3,0.009458,0.004174,0.013632,0.983333,9.958348e-01
0.93,66,1,0.010009,0.004180,0.014190,0.979492,9.958283e-01
0.93,66,2,0.009743,0.004176,0.013919,0.980957,9.958328e-01
0.93,66,3,0.010218,0.004197,0.014415,0.978571,9.958117e-01
0.93,67,1,0.010439,0.004180,0.014619,0.977051,9.958287e-01
0.93,67,2,0.009285,0.004169,0.013455,0.983643,9.958392e-01
0.93,67,3,0.010235,0.004198,0.014433,0.978274,9.958112e-01
0.93,68,1,0.009601,0.004194,0.013795,0.981201,9.958151e-01
0.93,68,2,0.009833,0.004180,0.014013,0.980957,9.958292e-01
0.93,68,3,0.010571,0.004161,0.014732,0.976488,9.958478e-01
0.93,69,1,0.010531,0.004188,0.014719,0.977783,9.958208e-01
0.93,69,2,0.009495,0.004175,0.013670,0.982178,9.958334e-01
0.93,69,3,0.009833,0.004165,0.013999,0.979167,9.958435e-01
0.93,70,1,0.009992,0.004175,0.014167,0.979492,9.958339e-01
0.93,70,2,0.009807,0.004164,0.013971,0.980469,9.958446e-01
0.93,70,3,0.010093,0.004187,0.014280,0.979167,9.958217e-01
0.93,71,1,0.009687,0.004165,0.013852,0.981201,9.958441e-01
0.93,71,2,0.009657,0.004181,0.013838,0.981689,9.958280e-01
0.93,71,3,0.010630,0.004171,0.014801,0.975595,9.958373e-01
0.93,72,1,0.010347,0.004161,0.014508,0.976807,9.958473e-01
0.93,72,2,0.009904,0.004167,0.014071,0.980957,9.958419e-01
0.93,72,3,0.009508,0.004184,0.013692,0.981845,9.958243e-01
0.93,73,1,0.009850,0.004152,0.014002,0.978760,9.958569e-01
0.93,73,2,0.009795,0.004190,0.013985,0.981201,9.958184e-01
0.93,73,3,0.010231,0.004160,0.014390,0.979167,9.958490e-01
0.93,74,1,0.010121,0.004172,0.014294,0.979004,9.958363e-01
0.93,74,2,0.009878,0.004167,0.014045,0.979492,9.958420e-01
0.93,74,3,0.009782,0.004156,0.013938,0.981250,9.958531e-01
0.93,75,1,0.009924,0.004149,0.014073,0.980469,9.958595e-01
0.93,75,2,0.009981,0.004170,0.014151,0.980469,9.958384e-01
0.93,75,3,0.009881,0.004172,0.014052,0.978274,9.958370e-01
0.93,76,1,0.009887,0.004169,0.014056,0.978516,9.958400e-01
0.93,76,2,0.010000,0.004150,0.014150,0.980469,9.958585e-01
0.93,76,3,0.009885,0.004165,0.014050,0.980655,9.958439e-01
0.93,77,1,0.010478,0.004156,0.014634,0.978027,9.958530e-01
0.93,77,2,0.009324,0.004147,0.013471,0.981934,9.958615e-01
0.93,77,3,0.009973,0.004177,0.014149,0.979464,9.958321e-01
0.93,78,1,0.010055,0.004151,0.014206,0.979004,9.958577e-01
0.93,78,2,0.009952,0.004139,0.014091,0.979736,9.958696e-01
0.93,78,3,0.009707,0.004185,0.013891,0.981250,9.958242e-01
0.93,79,1,0.010470,0.004153,0.014623,0.974609,9.958554e-01
0.93,79,2,0.009545,0.004179,0.013724,0.982178,9.958295e-01
0.93,79,3,0.009682,0.004125,0.013807,0.983631,9.958836e-01
0.93,80,1,0.010188,0.004167,0.014354,0.980225,9.958421e-01
0.93,80,2,0.009117,0.004124,0.013241,0.983643,9.958848e-01
0.93,80,3,0.010530,0.004168,0.014699,0.975000,9.958402e-01
0.93,81,1,0.009699,0.004155,0.013854,0.981689,9.958537e-01
0.93,81,2,0.009959,0.004171,0.014129,0.979248,9.958379e-01
0.93,81,3,0.010084,0.004118,0.014202,0.978869,9.958909e-01
0.93,82,1,0.009754,0.004125,0.013879,0.980225,9.958831e-01
0.93,82,2,0.009672,0.004147,0.013819,0.980713,9.958615e-01
0.93,82,3,0.010351,0.004175,0.014526,0.978869,9.958340e-01
0.93,83,1,0.010297,0.004145,0.014442,0.979736,9.958632e-01
0.93,83,2,0.009840,0.004154,0.013994,0.979736,9.958542e-01
0.93,83,3,0.009468,0.004134,0.013602,0.980952,9.958749e-01
0.93,84,1,0.009938,0.004145,0.014083,0.978760,9.958637e-01
0.93,84,2,0.009791,0.004131,0.013922,0.979492,9.958778e-01
0.93,84,3,0.009949,0.004156,0.014104,0.982143,9.958531e-01
0.93,85,1,0.009759,0.004136,0.013895,0.982422,9.958725e-01
0.93,85,2,0.010204,0.004166,0.014370,0.978760,9.958425e-01
0.93,85,3,0.009648,0.004115,0.013764,0.979167,9.958931e-01
0.93,86,1,0.009603,0.004135,0.013739,0.980713,9.958733e-01
0.93,86,2,0.009552,0.004144,0.013696,0.982666,9.958649e-01
0.93,86,3,0.010616,0.004136,0.014752,0.976488,9.958723e-01
0.93,87,1,0.010048,0.004156,0.014204,0.978271,9.958525e-01
0.93,87,2,0.009897,0.004145,0.014041,0.980713,9.958640e-01
0.93,87,3,0.009639,0.004102,0.013741,0.981845,9.959064e-01
0.93,88,1,0.009641,0.004117,0.013758,0.981445,9.958917e-01
0.93,88,2,0.010240,0.004130,0.014369,0.977051,9.958789e-01
0.93,88,3,0.009700,0.004161,0.013861,0.982440,9.958480e-01
0.93,89,1,0.010144,0.004134,0.014277,0.976074,9.958749e-01
0.93,89,2,0.009857,0.004121,0.013978,0.981445,9.958875e-01
0.93,89,3,0.009539,0.004143,0.013682,0.983631,9.958657e-01
0.93,90,1,0.009858,0.004118,0.013976,0.979736,9.958904e-01
0.93,90,2,0.010298,0.004131,0.014428,0.977539,9.958780e-01
0.93,90,3,0.009334,0.004143,0.013477,0.984226,9.958660e-01
0.93,91,1,0.009381,0.004120,0.013501,0.982178,9.958883e-01
0.93,91,2,0.009618,0.004130,0.013749,0.983154,9.958781e-01
0.93,91,3,0.010729,0.004133,0.014861,0.974405,9.958760e-01
0.93,92,1,0.009373,0.004121,0.013494,0.982422,9.958874e-01
0.93,92,2,0.009876,0.004134,0.014010,0.981201,9.958746e-01
0.93,92,3,0.010409,0.004120,0.014528,0.976488,9.958889e-01
0.93,93,1,0.009364,0.004134,0.013498,0.980713,9.958747e-01
0.93,93,2,0.010068,0.004114,0.014182,0.979980,9.958941e-01
0.93,93,3,0.010170,0.004120,0.014291,0.980060,9.958880e-01
0.93,94,1,0.010378,0.004140,0.014518,0.978271,9.958687e-01
0.93,94,2,0.009606,0.004105,0.013711,0.982666,9.959032e-01
0.93,94,3,0.009482,0.004117,0.013599,0.979762,9.958918e-01
0.93,95,1,0.009164,0.004091,0.013256,0.982666,9.959170e-01
0.93,95,2,0.010079,0.004135,0.014214,0.978760,9.958732e-01
0.93,95,3,0.010369,0.004132,0.014501,0.979167,9.958769e-01
0.93,96,1,0.009624,0.004128,0.013752,0.980713,9.958807e-01
0.93,96,2,0.009979,0.004086,0.014065,0.980225,9.959220e-01
0.93,96,3,0.009915,0.004139,0.014055,0.979762,9.958691e-01
0.93,97,1,0.010128,0.004088,0.014216,0.980713,9.959202e-01
0.93,97,2,0.009634,0.004140,0.013774,0.979736,9.958682e-01
0.93,97,3,0.009708,0.004114,0.013822,0.980357,9.958941e-01
0.93,98,1,0.009164,0.004098,0.013262,0.981689,9.959100e-01
0.93,98,2,0.010629,0.004100,0.014729,0.977051,9.959080e-01
0.93,98,3,0.009654,0.004143,0.013797,0.982440,9.958655e-01
0.93,99,1,0.010348,0.004115,0.014463,0.978271,9.958931e-01
0.93,99,2,0.009495,0.004097,0.013592,0.981689,9.959110e-01
0.93,99,3,0.009578,0.004119,0.013696,0.980952,9.958900e-01
0.93,100,1,0.009816,0.004089,0.013904,0.980225,9.959196e-01
0.93,100,2,0.009717,0.004134,0.013851,0.980713,9.958748e-01
0.93,100,3,0.009942,0.004099,0.014041,0.979762,9.959094e-01
0.94,1,1,0.010097,0.003534,0.013632,0.979492,9.964719e-01
0.94,1,2,0.010088,0.003511,0.013599,0.979736,9.964948e-01
0.94,1,3,0.010286,0.003507,0.013793,0.979167,9.964994e-01
0.94,2,1,0.009754,0.003498,0.013251,0.979004,9.965084e-01
0.94,2,2,0.009890,0.003514,0.013403,0.981934,9.964926e-01
0.94,2,3,0.010846,0.003538,0.014384,0.977083,9.964682e-01
0.94,3,1,0.010281,0.003518,0.013799,0.979980,9.964878e-01
0.94,3,2,0.009892,0.003507,0.013399,0.979736,9.964994e-01
0.94,3,3,0.010166,0.003512,0.013678,0.978274,9.964940e-01
0.94,4,1,0.009936,0.003524,0.013459,0.980225,9.964826e-01
0.94,4,2,0.010169,0.003501,0.013670,0.977295,9.965048e-01
0.94,4,3,0.010250,0.003505,0.013755,0.981250,9.965011e-01
0.94,5,1,0.010540,0.003508,0.014047,0.977539,9.964985e-01
0.94,5,2,0.010054,0.003510,0.013564,0.979492,9.964958e-01
0.94,5,3,0.009639,0.003507,0.013147,0.981845,9.964990e-01
0.94,6,1,0.010406,0.003517,0.013923,0.978271,9.964895e-01
0.94,6,2,0.009947,0.003507,0.013454,0.979736,9.964987e-01
0.94,6,3,0.009909,0.003495,0.013404,0.980655,9.965111e-01
0.94,7,1,0.010825,0.003517,0.014342,0.978027,9.964896e-01
0.94,7,2,0.010115,0.003505,0.013619,0.979492,9.965014e-01
0.94,7,3,0.009164,0.003494,0.012659,0.981250,9.965117e-01
0.94,8,1,0.010556,0.003503,0.014058,0.978760,9.965035e-01
0.94,8,2,0.010116,0.003499,0.013615,0.979004,9.965066e-01
0.94,8,3,0.009469,0.003514,0.012984,0.981250,9.964920e-01
0.94,9,1,0.010373,0.003502,0.013874,0.978516,9.965045e-01
0.94,9,2,0.009994,0.003504,0.013497,0.979004,9.965025e-01
0.94,9,3,0.009815,0.003507,0.013322,0.981845,9.964993e-01
0.94,10,1,0.010571,0.003499,0.014070,0.980225,9.965071e-01
0.94,10,2,0.009869,0.003523,0.013392,0.980225,9.964835e-01
0.94,10,3,0.009705,0.003483,0.013188,0.978274,9.965229e-01
0.94,11,1,0.009670,0.003514,0.013184,0.982178,9.964919e-01
0.94,11,2,0.010272,0.003497,0.013769,0.977051,9.965087e-01
0.94,11,3,0.010294,0.003492,0.013786,0.979762,9.965145e-01
0.94,12,1,0.010634,0.003503,0.014137,0.976562,9.965035e-01
0.94,12,2,0.009272,0.003503,0.012775,0.983398,9.965031e-01
0.94,12,3,0.010321,0.003495,0.013816,0.978571,9.965113e-01
0.94,13,1,0.010216,0.003490,0.013706,0.979736,9.965162e-01
0.94,13,2,0.009551,0.003518,0.013069,0.979980,9.964884e-01
0.94,13,3,0.010471,0.003488,0.013959,0.978274,9.965184e-01
0.94,14,1,0.009826,0.003482,0.013308,0.979248,9.965236e-01
0.94,14,2,0.009679,0.003514,0.013193,0.981201,9.964919e-01
0.94,14,3,0.010774,0.003496,0.014270,0.977679,9.965100e-01
0.94,15,1,0.010475,0.003491,0.013967,0.977295,9.965149e-01
0.94,15,2,0.009471,0.003500,0.012971,0.981934,9.965057e-01
0.94,15,3,0.010219,0.003497,0.013716,0.979167,9.965088e-01
0.94,1,1,0.009356,0.003480,0.012835,0.979736,9.965265e-01
0.94,1,2,0.010699,0.003500,0.014199,0.979248,9.965058e-01
0.94,1,3,0.010090,0.003508,0.013597,0.978869,9.964984e-01
0.94,2,1,0.010552,0.003495,0.014048,0.978027,9.965110e-01
0.94,2,2,0.009801,0.003487,0.013288,0.979736,9.965192e-01
0.94,2,3,0.009688,0.003498,0.013186,0.981250,9.965079e-01
0.94,3,1,0.010156,0.003505,0.013661,0.979248,9.965007e-01
0.94,3,2,0.010413,0.003475,0.013888,0.978760,9.965314e-01
0.94,3,3,0.009405,0.003493,0.012898,0.981845,9.965131e-01
0.94,4,1,0.010460,0.003490,0.013950,0.979980,9.965156e-01
0.94,4,2,0.009817,0.003475,0.013292,0.980469,9.965313e-01
0.94,4,3,0.009749,0.003505,0.013254,0.979167,9.965014e-01
0.94,5,1,0.009573,0.003465,0.013037,0.981445,9.965414e-01
0.94,5,2,0.010134,0.003505,0.013639,0.978760,9.965007e-01
0.94,5,3,0.010427,0.003493,0.013921,0.979167,9.965127e-01
0.94,6,1,0.009703,0.003487,0.013189,0.980469,9.965194e-01
0.94,6,2,0.010360,0.003494,0.013854,0.977051,9.965120e-01
0.94,6,3,0.009973,0.003475,0.013448,0.982440,9.965309e-01
0.94,7,1,0.009294,0.003471,0.012766,0.982422,9.965347e-01
0.94,7,2,0.010975,0.003488,0.014463,0.976074,9.965180e-01
0.94,7,3,0.009702,0.003497,0.013199,0.981250,9.965095e-01
0.94,8,1,0.009543,0.003481,0.013024,0.983398,9.965248e-01
0.94,8,2,0.010224,0.003480,0.013704,0.977051,9.965261e-01
0.94,8,3,0.010297,0.003490,0.013786,0.978869,9.965164e-01
0.94,9,1,0.009604,0.003482,0.013086,0.979492,9.965239e-01
0.94,9,2,0.010090,0.003472,0.013561,0.980225,9.965345e-01
0.94,9,3,0.010368,0.003494,0.013862,0.979464,9.965120e-01
0.94,10,1,0.010073,0.003470,0.013543,0.979248,9.965357e-01
0.94,10,2,0.010344,0.003498,0.013842,0.979248,9.965081e-01
0.94,10,3,0.009470,0.003471,0.012942,0.981250,9.965345e-01
0.94,11,1,0.010253,0.003485,0.013739,0.979004,9.965208e-01
0.94,11,2,0.010123,0.003488,0.013611,0.979736,9.965179e-01
0.94,11,3,0.009503,0.003460,0.012963,0.980952,9.965461e-01
0.94,12,1,0.009259,0.003486,0.012746,0.983154,9.965196e-01
0.94,12,2,0.009945,0.003467,0.013412,0.979492,9.965387e-01
0.94,12,3,0.010916,0.003478,0.014394,0.976190,9.965276e-01
0.94,13,1,0.009690,0.003486,0.013176,0.980469,9.965201e-01
0.94,13,2,0.009754,0.003468,0.013221,0.981689,9.965384e-01
0.94,13,3,0.010607,0.003473,0.014080,0.976786,9.965330e-01
0.94,14,1,0.010321,0.003470,0.013791,0.979492,9.965359e-01
0.94,14,2,0.009551,0.003478,0.013030,0.980469,9.965276e-01
0.94,14,3,0.010069,0.003473,0.013542,0.979167,9.965327e-01
0.94,15,1,0.010124,0.003487,0.013611,0.980713,9.965190e-01
0.94,15,2,0.010347,0.003464,0.013811,0.977295,9.965420e-01
0.94,15,3,0.009323,0.003465,0.012787,0.981845,9.965415e-01
0.94,16,1,0.010344,0.003493,0.013837,0.977783,9.965128e-01
0.94,16,2,0.009293,0.003448,0.012742,0.984131,9.965577e-01
0.94,16,3,0.010324,0.003470,0.013794,0.977083,9.965359e-01
0.94,17,1,0.010015,0.003490,0.013504,0.980469,9.965164e-01
0.94,17,2,0.009771,0.003473,0.013244,0.981201,9.965335e-01
0.94,17,3,0.010125,0.003439,0.013564,0.977679,9.965668e-01
0.94,18,1,0.009623,0.003468,0.013091,0.981689,9.965380e-01
0.94,18,2,0.010020,0.003462,0.013481,0.980225,9.965444e-01
0.94,18,3,0.010285,0.003473,0.013758,0.977976,9.965331e-01
0.94,19,1,0.009437,0.003475,0.012911,0.983398,9.965312e-01
0.94,19,2,0.010063,0.003473,0.013536,0.979980,9.965332e-01
0.94,19,3,0.010445,0.003445,0.013890,0.976190,9.965610e-01
0.94,20,1,0.010401,0.003472,0.013873,0.976562,9.965339e-01
0.94,20,2,0.009912,0.003456,0.013368,0.981445,9.965498e-01
0.94,20,3,0.009438,0.003463,0.012901,0.983333,9.965431e-01
0.94,21,1,0.009756,0.003447,0.013203,0.978516,9.965589e-01
0.94,21,2,0.009765,0.003469,0.013234,0.982666,9.965370e-01
0.94,21,3,0.010388,0.003472,0.013860,0.979464,9.965340e-01
0.94,22,1,0.010183,0.003471,0.013653,0.979736,9.965353e-01
0.94,22,2,0.009843,0.003438,0.013281,0.979736,9.965674e-01
0.94,22,3,0.009758,0.003475,0.013233,0.981845,9.965312e-01
0.94,23,1,0.010714,0.003459,0.014172,0.976074,9.965474e-01
0.94,23,2,0.009735,0.003443,0.013178,0.981201,9.965628e-01
0.94,23,3,0.009227,0.003478,0.012705,0.984524,9.965276e-01
0.94,24,1,0.009889,0.003451,0.013340,0.980713,9.965552e-01
0.94,24,2,0.009837,0.003467,0.013304,0.981689,9.965391e-01
0.94,24,3,0.010091,0.003454,0.013544,0.978274,9.965524e-01
0.94,25,1,0.009813,0.003428,0.013241,0.980469,9.965783e-01
0.94,25,2,0.010139,0.003478,0.013618,0.978760,9.965278e-01
0.94,25,3,0.009800,0.003463,0.013262,0.982143,9.965435e-01
0.94,26,1,0.009499,0.003478,0.012978,0.980957,9.965279e-01
0.94,26,2,0.010506,0.003439,0.013945,0.978516,9.965673e-01
0.94,26,3,0.009720,0.003444,0.013164,0.981845,9.965621e-01
0.94,27,1,0.009823,0.003450,0.013273,0.981934,9.965555e-01
0.94,27,2,0.009496,0.003447,0.012943,0.980469,9.965587e-01
0.94,27,3,0.010541,0.003462,0.014003,0.977976,9.965442e-01
0.94,28,1,0.010279,0.003447,0.013726,0.978271,9.965586e-01
0.94,28,2,0.010146,0.003450,0.013595,0.979492,9.965563e-01
0.94,28,3,0.009178,0.003457,0.012636,0.983631,9.965488e-01
0.94,29,1,0.009559,0.003451,0.013010,0.981201,9.965548e-01
0.94,29,2,0.010487,0.003452,0.013939,0.979492,9.965542e-01
0.94,29,3,0.009624,0.003445,0.013069,0.980060,9.965612e-01
0.94,30,1,0.009731,0.003457,0.013189,0.980469,9.965486e-01
0.94,30,2,0.010037,0.003433,0.013471,0.980957,9.965725e-01
0.94,30,3,0.009947,0.003454,0.013401,0.979167,9.965517e-01
0.94,31,1,0.010371,0.003444,0.013814,0.979492,9.965620e-01
0.94,31,2,0.009852,0.003451,0.013303,0.980713,9.965554e-01
0.94,31,3,0.009378,0.003444,0.012822,0.980952,9.965615e-01
0.94,32,1,0.009185,0.003435,0.012621,0.983398,9.965706e-01
0.94,32,2,0.010039,0.003447,0.013486,0.980469,9.965588e-01
0.94,32,3,0.010581,0.003454,0.014035,0.976488,9.965522e-01
0.94,33,1,0.010224,0.003459,0.013683,0.978027,9.965466e-01
0.94,33,2,0.009392,0.003415,0.012808,0.982666,9.965903e-01
0.94,33,3,0.010089,0.003458,0.013547,0.980357,9.965481e-01
0.94,34,1,0.010208,0.003451,0.013659,0.979248,9.965547e-01
0.94,34,2,0.009847,0.003449,0.013297,0.979248,9.965566e-01
0.94,34,3,0.009538,0.003421,0.012959,0.983333,9.965847e-01
0.94,35,1,0.010153,0.003453,0.013606,0.977539,9.965529e-01
0.94,35,2,0.009332,0.003436,0.012768,0.983154,9.965702e-01
0.94,35,3,0.010219,0.003430,0.013650,0.980060,9.965755e-01
0.94,36,1,0.009585,0.003446,0.013031,0.982178,9.965596e-01
0.94,36,2,0.010719,0.003436,0.014154,0.977783,9.965702e-01
0.94,36,3,0.009207,0.003433,0.012640,0.980952,9.965725e-01
0.94,37,1,0.009997,0.003424,0.013422,0.981201,9.965814e-01
0.94,37,2,0.009775,0.003445,0.013220,0.980225,9.965608e-01
0.94,37,3,0.009840,0.003443,0.013283,0.979167,9.965627e-01
0.94,38,1,0.009878,0.003433,0.013311,0.980713,9.965729e-01
0.94,38,2,0.010501,0.003433,0.013935,0.977539,9.965725e-01
0.94,38,3,0.009085,0.003442,0.012527,0.983333,9.965642e-01
0.94,39,1,0.009695,0.003417,0.013112,0.981934,9.965889e-01
0.94,39,2,0.009684,0.003437,0.013121,0.979492,9.965687e-01
0.94,39,3,0.010290,0.003451,0.013741,0.979762,9.965548e-01
0.94,40,1,0.009656,0.003439,0.013095,0.980713,9.965665e-01
0.94,40,2,0.010089,0.003409,0.013499,0.979980,9.965964e-01
0.94,40,3,0.009831,0.003452,0.013283,0.980655,9.965539e-01
0.94,41,1,0.009991,0.003432,0.013423,0.979980,9.965740e-01
0.94,41,2,0.009890,0.003420,0.013310,0.978760,9.965856e-01
0.94,41,3,0.009650,0.003442,0.013092,0.983036,9.965635e-01
0.94,42,1,0.009659,0.003457,0.013116,0.980957,9.965493e-01
0.94,42,2,0.010626,0.003430,0.014056,0.977783,9.965755e-01
0.94,42,3,0.009143,0.003394,0.012538,0.982738,9.966114e-01
0.94,43,1,0.009840,0.003410,0.013250,0.981201,9.965958e-01
0.94,43,2,0.009470,0.003425,0.012895,0.981689,9.965805e-01
0.94,43,3,0.010319,0.003452,0.013770,0.977679,9.965543e-01
0.94,44,1,0.010045,0.003435,0.013480,0.980957,9.965708e-01
0.94,44,2,0.010512,0.003418,0.013930,0.977295,9.965879e-01
0.94,44,3,0.008784,0.003425,0.012209,0.983333,9.965812e-01
0.94,45,1,0.009688,0.003427,0.013116,0.981445,9.965784e-01
0.94,45,2,0.009780,0.003413,0.013193,0.979248,9.965932e-01
0.94,45,3,0.010097,0.003435,0.013532,0.980357,9.965710e-01
0.94,46,1,0.009569,0.003432,0.013001,0.980469,9.965741e-01
0.94,46,2,0.010215,0.003437,0.013652,0.977783,9.965686e-01
0.94,46,3,0.009699,0.003394,0.013093,0.983333,9.966118e-01
0.94,47,1,0.010250,0.003424,0.013674,0.977783,9.965814e-01
0.94,47,2,0.009785,0.003421,0.013206,0.980469,9.965848e-01
0.94,47,3,0.009379,0.003417,0.012797,0.983333,9.965883e-01
0.94,48,1,0.010036,0.003402,0.013438,0.980225,9.966034e-01
0.94,48,2,0.009416,0.003436,0.012852,0.980713,9.965700e-01
0.94,48,3,0.010076,0.003421,0.013497,0.980357,9.965850e-01
0.94,49,1,0.009907,0.003416,0.013323,0.979248,9.965895e-01
0.94,49,2,0.009611,0.003415,0.013026,0.980957,9.965904e-01
0.94,49,3,0.009982,0.003423,0.013405,0.981250,9.965824e-01
0.94,50,1,0.009552,0.003398,0.012949,0.982178,9.966083e-01
0.94,50,2,0.009323,0.003423,0.012746,0.983398,9.965831e-01
0.94,50,3,0.010751,0.003432,0.014183,0.974702,9.965738e-01
0.94,51,1,0.009645,0.003412,0.013057,0.980713,9.965940e-01
0.94,51,2,0.010161,0.003420,0.013581,0.978027,9.965860e-01
0.94,51,3,0.009602,0.003413,0.013015,0.983036,9.965928e-01
0.94,52,1,0.009579,0.003417,0.012996,0.981201,9.965888e-01
0.94,52,2,0.009727,0.003417,0.013144,0.979492,9.965890e-01
0.94,52,3,0.010197,0.003405,0.013602,0.980952,9.966007e-01
0.94,53,1,0.009598,0.003418,0.013017,0.980713,9.965877e-01
0.94,53,2,0.009537,0.003396,0.012933,0.981934,9.966096e-01
0.94,53,3,0.010392,0.003424,0.013816,0.978571,9.965822e-01
0.94,54,1,0.009629,0.003410,0.013039,0.980713,9.965954e-01
0.94,54,2,0.009535,0.003405,0.012939,0.981934,9.966013e-01
0.94,54,3,0.010344,0.003418,0.013761,0.978274,9.965882e-01
0.94,55,1,0.009923,0.003399,0.013322,0.981445,9.966066e-01
0.94,55,2,0.009598,0.003416,0.013014,0.980225,9.965902e-01
0.94,55,3,0.009895,0.003412,0.013307,0.979464,9.965933e-01
0.94,56,1,0.009674,0.003409,0.013083,0.982178,9.965968e-01
0.94,56,2,0.009800,0.003396,0.013196,0.980225,9.966094e-01
0.94,56,3,0.009939,0.003419,0.013358,0.978571,9.965871e-01
0.94,57,1,0.009836,0.003417,0.013253,0.979736,9.965890e-01
0.94,57,2,0.009549,0.003398,0.012946,0.982178,9.966083e-01
0.94,57,3,0.010034,0.003403,0.013436,0.979167,9.966031e-01
0.94,58,1,0.010012,0.003408,0.013420,0.980469,9.965976e-01
0.94,58,2,0.009704,0.003402,0.013106,0.980469,9.966037e-01
0.94,58,3,0.009617,0.003402,0.013019,0.980357,9.966033e-01
0.94,59,1,0.010139,0.003399,0.013538,0.979004,9.966067e-01
0.94,59,2,0.009493,0.003405,0.012897,0.982422,9.966012e-01
0.94,59,3,0.009706,0.003405,0.013111,0.980060,9.966005e-01
0.94,60,1,0.009319,0.003402,0.012721,0.982666,9.966035e-01
0.94,60,2,0.010025,0.003390,0.013415,0.979004,9.966154e-01
0.94,60,3,0.010043,0.003414,0.013457,0.979762,9.965923e-01
0.94,61,1,0.009507,0.003394,0.012901,0.983887,9.966120e-01
0.94,61,2,0.009709,0.003404,0.013113,0.980469,9.966022e-01
0.94,61,3,0.010186,0.003402,0.013588,0.976488,9.966033e-01
0.94,62,1,0.010145,0.003395,0.013540,0.980713,9.966103e-01
0.94,62,2,0.009720,0.003395,0.013115,0.979980,9.966109e-01
0.94,62,3,0.009382,0.003406,0.012788,0.980952,9.966000e-01
0.94,63,1,0.009735,0.003390,0.013125,0.981445,9.966158e-01
0.94,63,2,0.009603,0.003398,0.013000,0.981201,9.966082e-01
0.94,63,3,0.010011,0.003404,0.013415,0.978869,9.966018e-01
0.94,64,1,0.009672,0.003391,0.013063,0.981445,9.966151e-01
0.94,64,2,0.009843,0.003400,0.013243,0.979736,9.966055e-01
0.94,64,3,0.009782,0.003395,0.013177,0.980655,9.966112e-01
0.94,65,1,0.010063,0.003385,0.013449,0.979248,9.966206e-01
0.94,65,2,0.009646,0.003397,0.013043,0.980957,9.966088e-01
0.94,65,3,0.009532,0.003400,0.012932,0.981845,9.966058e-01
0.94,66,1,0.009751,0.003402,0.013153,0.979248,9.966041e-01
0.94,66,2,0.009852,0.003389,0.013241,0.980469,9.966172e-01
0.94,66,3,0.009649,0.003385,0.013034,0.982440,9.966210e-01
0.94,67,1,0.009519,0.003395,0.012914,0.980957,9.966107e-01
0.94,67,2,0.009637,0.003387,0.013024,0.982178,9.966185e-01
0.94,67,3,0.010181,0.003389,0.013570,0.978274,9.966167e-01
0.94,68,1,0.009849,0.003400,0.013248,0.980713,9.966063e-01
0.94,68,2,0.009784,0.003371,0.013155,0.979980,9.966345e-01
0.94,68,3,0.009587,0.003398,0.012985,0.981250,9.966078e-01
0.94,69,1,0.010058,0.003367,0.013425,0.979980,9.966387e-01
0.94,69,2,0.009162,0.003410,0.012571,0.983643,9.965962e-01
0.94,69,3,0.010078,0.003385,0.013464,0.977679,9.966202e-01
0.94,70,1,0.009962,0.003387,0.013350,0.979248,9.966184e-01
0.94,70,2,0.009458,0.003384,0.012842,0.981201,9.966219e-01
0.94,70,3,0.009820,0.003387,0.013206,0.981548,9.966191e-01
0.94,71,1,0.009145,0.003394,0.012539,0.982178,9.966118e-01
0.94,71,2,0.010377,0.003367,0.013743,0.980225,9.966390e-01
0.94,71,3,0.009684,0.003394,0.013078,0.979167,9.966114e-01
0.94,72,1,0.009982,0.003380,0.013362,0.979736,9.966256e-01
0.94,72,2,0.009761,0.003367,0.013127,0.979492,9.966388e-01
0.94,72,3,0.009402,0.003406,0.012808,0.983036,9.966000e-01
0.94,73,1,0.009350,0.003377,0.012727,0.981934,9.966292e-01
0.94,73,2,0.009765,0.003380,0.013145,0.981201,9.966260e-01
0.94,73,3,0.010153,0.003389,0.013543,0.978274,9.966165e-01
0.94,74,1,0.009437,0.003353,0.012791,0.981689,9.966525e-01
0.94,74,2,0.009306,0.003400,0.012706,0.980469,9.966059e-01
0.94,74,3,0.010594,0.003388,0.013982,0.979167,9.966178e-01
0.94,75,1,0.009830,0.003385,0.013214,0.979980,9.966209e-01
0.94,75,2,0.009154,0.003383,0.012538,0.984619,9.966225e-01
0.94,75,3,0.010288,0.003364,0.013653,0.976488,9.966413e-01
0.94,76,1,0.010245,0.003383,0.013628,0.979492,9.966232e-01
0.94,76,2,0.009003,0.003353,0.012355,0.982910,9.966530e-01
0.94,76,3,0.009954,0.003399,0.013353,0.979167,9.966065e-01
0.94,77,1,0.010521,0.003378,0.013900,0.977295,9.966275e-01
0.94,77,2,0.009270,0.003382,0.012651,0.981689,9.966240e-01
0.94,77,3,0.009279,0.003364,0.012643,0.983333,9.966418e-01
0.94,78,1,0.009033,0.003374,0.012408,0.985352,9.966313e-01
0.94,78,2,0.010417,0.003385,0.013802,0.977783,9.966203e-01
0.94,78,3,0.009683,0.003359,0.013042,0.978274,9.966467e-01
0.94,79,1,0.009678,0.003378,0.013056,0.980469,9.966282e-01
0.94,79,2,0.010025,0.003380,0.013405,0.979004,9.966261e-01
0.94,79,3,0.009362,0.003357,0.012719,0.982738,9.966486e-01
0.94,80,1,0.009346,0.003366,0.012712,0.981689,9.966399e-01
0.94,80,2,0.010022,0.003378,0.013400,0.978760,9.966281e-01
0.94,80,3,0.009757,0.003369,0.013125,0.981548,9.966371e-01
0.94,81,1,0.009565,0.003356,0.012921,0.982422,9.966494e-01
0.94,81,2,0.010016,0.003378,0.013394,0.979736,9.966276e-01
0.94,81,3,0.009487,0.003374,0.012861,0.979464,9.966312e-01
0.94,82,1,0.009711,0.003372,0.013084,0.980469,9.966335e-01
0.94,82,2,0.009779,0.003364,0.013143,0.979736,9.966418e-01
0.94,82,3,0.009583,0.003367,0.012950,0.981845,9.966384e-01
0.94,83,1,0.009849,0.003359,0.013207,0.979980,9.966470e-01
0.94,83,2,0.009269,0.003392,0.012661,0.982178,9.966134e-01
0.94,83,3,0.010025,0.003344,0.013369,0.979464,9.966616e-01
0.94,84,1,0.009955,0.003354,0.013308,0.979736,9.966519e-01
0.94,84,2,0.009208,0.003372,0.012580,0.983887,9.966332e-01
0.94,84,3,0.009959,0.003369,0.013328,0.977679,9.966366e-01
0.94,85,1,0.009734,0.003373,0.013106,0.981689,9.966331e-01
0.94,85,2,0.009647,0.003361,0.013008,0.979736,9.966447e-01
0.94,85,3,0.009681,0.003355,0.013036,0.980357,9.966508e-01
0.94,86,1,0.009802,0.003367,0.013169,0.978760,9.966385e-01
0.94,86,2,0.009324,0.003346,0.012671,0.982910,9.966593e-01
0.94,86,3,0.009979,0.003374,0.013353,0.980060,9.966314e-01
0.94,87,1,0.009728,0.003365,0.013094,0.979492,9.966404e-01
0.94,87,2,0.009537,0.003358,0.012895,0.982178,9.966476e-01
0.94,87,3,0.009797,0.003357,0.013154,0.980357,9.966484e-01
0.94,88,1,0.009687,0.003346,0.013032,0.982178,9.966597e-01
0.94,88,2,0.009583,0.003362,0.012945,0.979980,9.966441e-01
0.94,88,3,0.009780,0.003371,0.013151,0.979762,9.966343e-01
0.94,89,1,0.009757,0.003365,0.013122,0.979492,9.966405e-01
0.94,89,2,0.010346,0.003371,0.013717,0.978516,9.966352e-01
0.94,89,3,0.008752,0.003332,0.012084,0.984821,9.966737e-01
0.94,90,1,0.010078,0.003365,0.013442,0.979736,9.966408e-01
0.94,90,2,0.009566,0.003363,0.012929,0.979736,9.966427e-01
0.94,90,3,0.009300,0.003336,0.012637,0.983036,9.966694e-01
0.94,91,1,0.009436,0.003361,0.012796,0.981201,9.966450e-01
0.94,91,2,0.009764,0.003346,0.013110,0.979980,9.966601e-01
0.94,91,3,0.009828,0.003357,0.013186,0.980952,9.966482e-01
0.94,92,1,0.009455,0.003361,0.012815,0.982666,9.966451e-01
0.94,92,2,0.009697,0.003347,0.013045,0.980225,9.966585e-01
0.94,92,3,0.009875,0.003351,0.013226,0.978869,9.966551e-01
0.94,93,1,0.009836,0.003342,0.013178,0.978271,9.966638e-01
0.94,93,2,0.009979,0.003361,0.013339,0.980225,9.966451e-01
0.94,93,3,0.009055,0.003352,0.012407,0.984226,9.966536e-01
0.94,94,1,0.009666,0.003366,0.013033,0.980225,9.966394e-01
0.94,94,2,0.009731,0.003333,0.013063,0.982910,9.966728e-01
0.94,94,3,0.009553,0.003351,0.012904,0.978571,9.966548e-01
0.94,95,1,0.009748,0.003348,0.013096,0.979004,9.966578e-01
0.94,95,2,0.009092,0.003336,0.012428,0.983887,9.966696e-01
0.94,95,3,0.010220,0.003364,0.013584,0.978869,9.966414e-01
0.94,96,1,0.009350,0.003349,0.012699,0.980957,9.966566e-01
0.94,96,2,0.009681,0.003354,0.013035,0.979736,9.966512e-01
0.94,96,3,0.009976,0.003335,0.013312,0.981548,9.966704e-01
0.94,97,1,0.009828,0.003362,0.013190,0.979736,9.966439e-01
0.94,97,2,0.009627,0.003332,0.012959,0.981201,9.966736e-01
0.94,97,3,0.009447,0.003342,0.012789,0.981250,9.966638e-01
0.94,98,1,0.009591,0.003363,0.012954,0.980957,9.966422e-01
0.94,98,2,0.010059,0.003342,0.013401,0.978516,9.966639e-01
0.94,98,3,0.009198,0.003323,0.012521,0.983036,9.966829e-01
0.94,99,1,0.009665,0.003340,0.013005,0.980469,9.966651e-01
0.94,99,2,0.009361,0.003350,0.012711,0.980225,9.966555e-01
0.94,99,3,0.009948,0.003335,0.013283,0.981845,9.966704e-01
0.94,100,1,0.010051,0.003345,0.013395,0.979492,9.966607e-01
0.94,100,2,0.009847,0.003333,0.013180,0.980225,9.966725e-01
0.94,100,3,0.008874,0.003346,0.012219,0.983036,9.966601e-01
0.95,1,1,0.010177,0.002772,0.012949,0.979492,9.972320e-01
0.95,1,2,0.009511,0.002778,0.012289,0.981934,9.972254e-01
0.95,1,3,0.010288,0.002799,0.013087,0.977976,9.972047e-01
0.95,2,1,0.010241,0.002783,0.013024,0.978760,9.972211e-01
0.95,2,2,0.009836,0.002784,0.012621,0.979004,9.972197e-01
0.95,2,3,0.009727,0.002772,0.012498,0.981845,9.972323e-01
0.95,3,1,0.010061,0.002785,0.012846,0.978271,9.972188e-01
0.95,3,2,0.009670,0.002787,0.012457,0.982666,9.972165e-01
0.95,3,3,0.010125,0.002759,0.012884,0.978869,9.972448e-01
0.95,4,1,0.010172,0.002769,0.012941,0.979248,9.972351e-01
0.95,4,2,0.009638,0.002776,0.012415,0.981934,9.972277e-01
0.95,4,3,0.010028,0.002788,0.012816,0.978571,9.972156e-01
0.95,5,1,0.009931,0.002778,0.012709,0.979736,9.972257e-01
0.95,5,2,0.009885,0.002776,0.012660,0.981201,9.972283e-01
0.95,5,3,0.010010,0.002774,0.012784,0.980655,9.972299e-01
0.95,6,1,0.009882,0.002761,0.012643,0.980469,9.972427e-01
0.95,6,2,0.010229,0.002784,0.013013,0.979004,9.972198e-01
0.95,6,3,0.009631,0.002782,0.012412,0.982143,9.972223e-01
0.95,7,1,0.010405,0.002772,0.013177,0.977051,9.972318e-01
0.95,7,2,0.009867,0.002779,0.012646,0.981689,9.972246e-01
0.95,7,3,0.009412,0.002772,0.012184,0.981845,9.972320e-01
0.95,8,1,0.009954,0.002772,0.012726,0.980469,9.972314e-01
0.95,8,2,0.010114,0.002773,0.012887,0.978760,9.972309e-01
0.95,8,3,0.009637,0.002777,0.012414,0.981548,9.972269e-01
0.95,9,1,0.009989,0.002775,0.012764,0.981201,9.972291e-01
0.95,9,2,0.009859,0.002779,0.012637,0.981201,9.972253e-01
0.95,9,3,0.009889,0.002766,0.012655,0.977679,9.972383e-01
0.95,10,1,0.009972,0.002767,0.012739,0.979248,9.972364e-01
0.95,10,2,0.010246,0.002769,0.013015,0.978760,9.972351e-01
0.95,10,3,0.009420,0.002785,0.012204,0.982143,9.972193e-01
0.95,11,1,0.009166,0.002764,0.011930,0.981445,9.972401e-01
0.95,11,2,0.009885,0.002773,0.012658,0.980713,9.972309e-01
0.95,11,3,0.010831,0.002782,0.013613,0.976786,9.972220e-01
0.95,12,1,0.009562,0.002763,0.012326,0.982666,9.972403e-01
0.95,12,2,0.009870,0.002784,0.012654,0.982422,9.972200e-01
0.95,12,3,0.010355,0.002767,0.013122,0.973512,9.972370e-01
0.95,13,1,0.009546,0.002768,0.012315,0.981201,9.972354e-01
0.95,13,2,0.010269,0.002764,0.013032,0.977783,9.972401e-01
0.95,13,3,0.009874,0.002783,0.012657,0.981250,9.972209e-01
0.95,14,1,0.010287,0.002772,0.013059,0.980225,9.972316e-01
0.95,14,2,0.009493,0.002774,0.012266,0.979980,9.972300e-01
0.95,14,3,0.009904,0.002763,0.012668,0.979464,9.972405e-01
0.95,15,1,0.010180,0.002774,0.012955,0.978516,9.972295e-01
0.95,15,2,0.010180,0.002774,0.012954,0.979248,9.972301e-01
0.95,15,3,0.009181,0.002758,0.011939,0.982440,9.972457e-01
0.95,16,1,0.010012,0.002780,0.012791,0.979004,9.972241e-01
0.95,16,2,0.009576,0.002761,0.012337,0.981689,9.972424e-01
0.95,16,3,0.010110,0.002763,0.012874,0.979464,9.972404e-01
0.95,17,1,0.010040,0.002772,0.012811,0.979492,9.972322e-01
0.95,17,2,0.009807,0.002763,0.012570,0.980957,9.972410e-01
0.95,17,3,0.009780,0.002768,0.012548,0.980060,9.972355e-01
0.95,18,1,0.009936,0.002757,0.012693,0.978271,9.972467e-01
0.95,18,2,0.009785,0.002772,0.012557,0.981201,9.972321e-01
0.95,18,3,0.009920,0.002772,0.012692,0.982143,9.972320e-01
0.95,19,1,0.009806,0.002769,0.012575,0.979492,9.972347e-01
0.95,19,2,0.009661,0.002768,0.012429,0.980713,9.972362e-01
0.95,19,3,0.010214,0.002759,0.012973,0.980655,9.972448e-01
0.95,20,1,0.010179,0.002751,0.012930,0.976562,9.972524e-01
0.95,20,2,0.009787,0.002772,0.012560,0.981201,9.972316e-01
0.95,20,3,0.009595,0.002772,0.012366,0.983333,9.972321e-01
0.95,21,1,0.010370,0.002777,0.013147,0.977295,9.972267e-01
0.95,21,2,0.009672,0.002760,0.012433,0.982422,9.972433e-01
0.95,21,3,0.009492,0.002751,0.012243,0.981250,9.972523e-01
0.95,22,1,0.009696,0.002771,0.012467,0.982666,9.972324e-01
0.95,22,2,0.010500,0.002765,0.013265,0.978516,9.972388e-01
0.95,22,3,0.009291,0.002749,0.012041,0.979762,9.972543e-01
0.95,23,1,0.009644,0.002765,0.012409,0.981201,9.972393e-01
0.95,23,2,0.010103,0.002763,0.012867,0.977783,9.972407e-01
0.95,23,3,0.009826,0.002757,0.012583,0.982440,9.972467e-01
0.95,24,1,0.009563,0.002757,0.012320,0.980957,9.972465e-01
0.95,24,2,0.009633,0.002748,0.012381,0.982666,9.972556e-01
0.95,24,3,0.010486,0.002781,0.013267,0.976786,9.972228e-01
0.95,25,1,0.009595,0.002763,0.012358,0.982178,9.972409e-01
0.95,25,2,0.010473,0.002755,0.013228,0.976074,9.972485e-01
0.95,25,3,0.009410,0.002763,0.012173,0.983333,9.972413e-01
0.95,26,1,0.010027,0.002760,0.012788,0.980225,9.972436e-01
0.95,26,2,0.009896,0.002752,0.012648,0.979492,9.972517e-01
0.95,26,3,0.009572,0.002767,0.012339,0.981548,9.972370e-01
0.95,27,1,0.010136,0.002759,0.012896,0.980225,9.972444e-01
0.95,27,2,0.009928,0.002755,0.012684,0.979248,9.972483e-01
0.95,27,3,0.009387,0.002761,0.012148,0.981845,9.972430e-01
0.95,28,1,0.010511,0.002767,0.013278,0.978271,9.972367e-01
0.95,28,2,0.008874,0.002744,0.011617,0.983643,9.972602e-01
0.95,28,3,0.010202,0.002763,0.012966,0.978869,9.972407e-01
0.95,29,1,0.009550,0.002751,0.012301,0.982178,9.972528e-01
0.95,29,2,0.010327,0.002768,0.013095,0.979004,9.972355e-01
0.95,29,3,0.009589,0.002750,0.012338,0.979762,9.972540e-01
0.95,30,1,0.009753,0.002730,0.012483,0.978271,9.972740e-01
0.95,30,2,0.010512,0.002782,0.013294,0.979492,9.972217e-01
0.95,30,3,0.009104,0.002756,0.011860,0.984226,9.972476e-01
0.95,31,1,0.009994,0.002768,0.012762,0.979248,9.972359e-01
0.95,31,2,0.010157,0.002755,0.012912,0.979492,9.972493e-01
0.95,31,3,0.009229,0.002741,0.011969,0.983036,9.972630e-01
0.95,32,1,0.010124,0.002747,0.012872,0.981201,9.972564e-01
0.95,32,2,0.009416,0.002750,0.012166,0.980225,9.972538e-01
0.95,32,3,0.009960,0.002769,0.012729,0.979762,9.972352e-01
0.95,33,1,0.010077,0.002773,0.012851,0.979248,9.972307e-01
0.95,33,2,0.009362,0.002741,0.012103,0.982666,9.972630e-01
0.95,33,3,0.010071,0.002746,0.012817,0.978869,9.972580e-01
0.95,34,1,0.009957,0.002751,0.012708,0.978760,9.972530e-01
0.95,34,2,0.009784,0.002761,0.012545,0.980957,9.972431e-01
0.95,34,3,0.009692,0.002746,0.012438,0.981548,9.972578e-01
0.95,35,1,0.009674,0.002755,0.012430,0.981445,9.972484e-01
0.95,35,2,0.009817,0.002764,0.012581,0.979736,9.972400e-01
0.95,35,3,0.009985,0.002734,0.012719,0.979762,9.972699e-01
0.95,36,1,0.010223,0.002761,0.012984,0.979492,9.972428e-01
0.95,36,2,0.009645,0.002743,0.012388,0.980225,9.972608e-01
0.95,36,3,0.009515,0.002750,0.012264,0.981548,9.972541e-01
0.95,37,1,0.009627,0.002767,0.012394,0.980713,9.972369e-01
0.95,37,2,0.009739,0.002741,0.012480,0.981445,9.972630e-01
0.95,37,3,0.010115,0.002742,0.012857,0.978869,9.972614e-01
0.95,38,1,0.009482,0.002749,0.012231,0.981445,9.972543e-01
0.95,38,2,0.009899,0.002740,0.012638,0.980225,9.972638e-01
0.95,38,3,0.010084,0.002762,0.012846,0.979464,9.972421e-01
0.95,39,1,0.010476,0.002752,0.013228,0.977295,9.972522e-01
0.95,39,2,0.009315,0.002755,0.012070,0.981445,9.972484e-01
0.95,39,3,0.009571,0.002737,0.012309,0.982738,9.972665e-01
0.95,40,1,0.009707,0.002766,0.012473,0.981201,9.972378e-01
0.95,40,2,0.009416,0.002738,0.012153,0.981934,9.972661e-01
0.95,40,3,0.010373,0.002738,0.013112,0.977381,9.972654e-01
0.95,41,1,0.009737,0.002752,0.012489,0.979492,9.972519e-01
0.95,41,2,0.009727,0.002732,0.012458,0.980713,9.972719e-01
0.95,41,3,0.009946,0.002760,0.012706,0.980952,9.972441e-01
0.95,42,1,0.010154,0.002756,0.012910,0.976807,9.972483e-01
0.95,42,2,0.009996,0.002748,0.012744,0.980957,9.972558e-01
0.95,42,3,0.009097,0.002732,0.011829,0.983929,9.972713e-01
0.95,43,1,0.009880,0.002745,0.012625,0.982178,9.972592e-01
0.95,43,2,0.010032,0.002737,0.012769,0.978516,9.972665e-01
0.95,43,3,0.009376,0.002756,0.012132,0.980655,9.972480e-01
0.95,44,1,0.009319,0.002728,0.012047,0.982666,9.972760e-01
0.95,44,2,0.009893,0.002755,0.012647,0.978516,9.972492e-01
0.95,44,3,0.010218,0.002752,0.012970,0.979762,9.972515e-01
0.95,45,1,0.009732,0.002729,0.012461,0.979980,9.972746e-01
0.95,45,2,0.009397,0.002748,0.012146,0.982178,9.972554e-01
0.95,45,3,0.010307,0.002755,0.013062,0.978571,9.972487e-01
0.95,46,1,0.009930,0.002740,0.012670,0.979004,9.972636e-01
0.95,46,2,0.009333,0.002747,0.012080,0.980957,9.972565e-01
0.95,46,3,0.010132,0.002740,0.012872,0.981250,9.972637e-01
0.95,47,1,0.009641,0.002723,0.012364,0.979980,9.972808e-01
0.95,47,2,0.009557,0.002737,0.012294,0.981201,9.972664e-01
0.95,47,3,0.010200,0.002770,0.012970,0.979762,9.972337e-01
0.95,48,1,0.009765,0.002743,0.012508,0.980225,9.972611e-01
0.95,48,2,0.009643,0.002744,0.012388,0.980713,9.972594e-01
0.95,48,3,0.009932,0.002735,0.012667,0.980060,9.972692e-01
0.95,49,1,0.009567,0.002734,0.012300,0.978760,9.972700e-01
0.95,49,2,0.009744,0.002744,0.012488,0.981934,9.972597e-01
0.95,49,3,0.010039,0.002743,0.012782,0.980357,9.972608e-01
0.95,50,1,0.009888,0.002752,0.012639,0.981934,9.972523e-01
0.95,50,2,0.009296,0.002728,0.012023,0.981689,9.972759e-01
0.95,50,3,0.010183,0.002738,0.012921,0.976786,9.972657e-01
0.95,51,1,0.009976,0.002765,0.012741,0.980713,9.972390e-01
0.95,51,2,0.009693,0.002727,0.012420,0.979492,9.972770e-01
0.95,51,3,0.009580,0.002720,0.012300,0.980952,9.972834e-01
0.95,52,1,0.010164,0.002731,0.012894,0.978516,9.972728e-01
0.95,52,2,0.010042,0.002750,0.012792,0.979248,9.972537e-01
0.95,52,3,0.008913,0.002730,0.011643,0.983929,9.972735e-01
0.95,53,1,0.009689,0.002717,0.012406,0.981201,9.972865e-01
0.95,53,2,0.009569,0.002760,0.012329,0.981934,9.972441e-01
0.95,53,3,0.010056,0.002732,0.012789,0.977381,9.972713e-01
0.95,54,1,0.009865,0.002728,0.012593,0.978271,9.972753e-01
0.95,54,2,0.010130,0.002745,0.012875,0.979004,9.972585e-01
0.95,54,3,0.009146,0.002734,0.011880,0.984524,9.972701e-01
0.95,55,1,0.009070,0.002743,0.011813,0.984131,9.972608e-01
0.95,55,2,0.010168,0.002741,0.012909,0.977539,9.972631e-01
0.95,55,3,0.010057,0.002719,0.012776,0.979167,9.972851e-01
0.95,56,1,0.009119,0.002715,0.011834,0.982422,9.972886e-01
0.95,56,2,0.010139,0.002742,0.012880,0.979004,9.972622e-01
0.95,56,3,0.010022,0.002749,0.012770,0.979464,9.972552e-01
0.95,57,1,0.009499,0.002740,0.012239,0.981445,9.972641e-01
0.95,57,2,0.010359,0.002728,0.013086,0.977051,9.972758e-01
0.95,57,3,0.009278,0.002732,0.012011,0.983036,9.972713e-01
0.95,58,1,0.009527,0.002742,0.012269,0.979980,9.972621e-01
0.95,58,2,0.009717,0.002731,0.012449,0.981689,9.972723e-01
0.95,58,3,0.010015,0.002723,0.012738,0.979167,9.972808e-01
0.95,59,1,0.009606,0.002716,0.012322,0.978516,9.972880e-01
0.95,59,2,0.009713,0.002736,0.012449,0.981445,9.972680e-01
0.95,59,3,0.009913,0.002746,0.012659,0.981250,9.972573e-01
0.95,60,1,0.009645,0.002733,0.012378,0.981445,9.972704e-01
0.95,60,2,0.009688,0.002731,0.012419,0.980469,9.972727e-01
0.95,60,3,0.009885,0.002728,0.012613,0.978571,9.972759e-01
0.95,61,1,0.010243,0.002738,0.012982,0.976562,9.972653e-01
0.95,61,2,0.009177,0.002733,0.011909,0.983887,9.972712e-01
0.95,61,3,0.009767,0.002717,0.012484,0.980357,9.972868e-01
0.95,62,1,0.009770,0.002723,0.012493,0.979248,9.972809e-01
0.95,62,2,0.009510,0.002728,0.012238,0.979736,9.972756e-01
0.95,62,3,0.009927,0.002739,0.012665,0.982440,9.972652e-01
0.95,63,1,0.009208,0.002725,0.011933,0.982910,9.972784e-01
0.95,63,2,0.010149,0.002734,0.012883,0.979736,9.972698e-01
0.95,63,3,0.009822,0.002725,0.012547,0.977976,9.972783e-01
0.95,64,1,0.009154,0.002722,0.011876,0.984375,9.972820e-01
0.95,64,2,0.009929,0.002723,0.012651,0.977051,9.972811e-01
0.95,64,3,0.010144,0.002741,0.012885,0.979464,9.972631e-01
0.95,65,1,0.009374,0.002735,0.012109,0.982666,9.972684e-01
0.95,65,2,0.009865,0.002715,0.012580,0.978760,9.972886e-01
0.95,65,3,0.009943,0.002730,0.012673,0.979762,9.972735e-01
0.95,66,1,0.009940,0.002726,0.012665,0.982178,9.972782e-01
0.95,66,2,0.009624,0.002720,0.012344,0.979736,9.972842e-01
0.95,66,3,0.009535,0.002734,0.012269,0.979167,9.972699e-01
0.95,67,1,0.009311,0.002717,0.012027,0.983887,9.972870e-01
0.95,67,2,0.009622,0.002728,0.012350,0.979736,9.972758e-01
0.95,67,3,0.010293,0.002731,0.013025,0.977083,9.972724e-01
0.95,68,1,0.010022,0.002729,0.012751,0.980957,9.972745e-01
0.95,68,2,0.009727,0.002716,0.012443,0.979004,9.972874e-01
0.95,68,3,0.009287,0.002727,0.012015,0.981845,9.972765e-01
0.95,69,1,0.009854,0.002718,0.012572,0.978271,9.972856e-01
0.95,69,2,0.009238,0.002720,0.011959,0.983398,9.972833e-01
0.95,69,3,0.010077,0.002733,0.012810,0.979464,9.972710e-01
0.95,70,1,0.009348,0.002716,0.012064,0.982910,9.972879e-01
0.95,70,2,0.010281,0.002726,0.013007,0.978027,9.972779e-01
0.95,70,3,0.009413,0.002726,0.012138,0.980655,9.972780e-01
0.95,71,1,0.008973,0.002732,0.011705,0.981201,9.972720e-01
0.95,71,2,0.009841,0.002727,0.012567,0.981201,9.972769e-01
0.95,71,3,0.010395,0.002702,0.013097,0.978869,9.973016e-01
0.95,72,1,0.009768,0.002712,0.012480,0.979736,9.972914e-01
0.95,72,2,0.009423,0.002740,0.012163,0.982910,9.972636e-01
0.95,72,3,0.009925,0.002706,0.012632,0.978571,9.972974e-01
0.95,73,1,0.009593,0.002725,0.012318,0.981201,9.972786e-01
0.95,73,2,0.009633,0.002728,0.012361,0.980713,9.972758e-01
0.95,73,3,0.009872,0.002702,0.012574,0.979464,9.973013e-01
0.95,74,1,0.009438,0.002725,0.012163,0.979980,9.972786e-01
0.95,74,2,0.009234,0.002719,0.011953,0.982178,9.972851e-01
0.95,74,3,0.010537,0.002711,0.013247,0.979167,9.972931e-01
0.95,75,1,0.009369,0.002720,0.012089,0.982178,9.972841e-01
0.95,75,2,0.009817,0.002727,0.012544,0.979248,9.972767e-01
0.95,75,3,0.009900,0.002704,0.012604,0.980060,9.972998e-01
0.95,76,1,0.009339,0.002720,0.012059,0.983398,9.972839e-01
0.95,76,2,0.010065,0.002715,0.012780,0.978516,9.972886e-01
0.95,76,3,0.009623,0.002715,0.012338,0.979762,9.972886e-01
0.95,77,1,0.009881,0.002712,0.012594,0.980225,9.972914e-01
0.95,77,2,0.009936,0.002726,0.012662,0.980225,9.972775e-01
0.95,77,3,0.009109,0.002707,0.011816,0.981548,9.972962e-01
0.95,78,1,0.009615,0.002714,0.012328,0.979980,9.972899e-01
0.95,78,2,0.010040,0.002725,0.012765,0.979736,9.972790e-01
0.95,78,3,0.009297,0.002704,0.012001,0.982440,9.972993e-01
0.95,79,1,0.009944,0.002714,0.012658,0.979004,9.972899e-01
0.95,79,2,0.009199,0.002712,0.011911,0.982422,9.972917e-01
0.95,79,3,0.009910,0.002717,0.012627,0.980357,9.972869e-01
0.95,80,1,0.009653,0.002702,0.012355,0.982910,9.973013e-01
0.95,80,2,0.009899,0.002717,0.012616,0.977539,9.972862e-01
0.95,80,3,0.009401,0.002721,0.012122,0.981548,9.972828e-01
0.95,81,1,0.009788,0.002705,0.012493,0.979004,9.972989e-01
0.95,81,2,0.009943,0.002724,0.012667,0.978516,9.972800e-01
0.95,81,3,0.009172,0.002707,0.011879,0.985417,9.972964e-01
0.95,82,1,0.010306,0.002723,0.013029,0.978516,9.972809e-01
0.95,82,2,0.009275,0.002703,0.011977,0.981934,9.973010e-01
0.95,82,3,0.009345,0.002708,0.012053,0.981845,9.972958e-01
0.95,83,1,0.008742,0.002704,0.011446,0.985107,9.972994e-01
0.95,83,2,0.010234,0.002720,0.012954,0.978516,9.972838e-01
0.95,83,3,0.010072,0.002706,0.012778,0.977976,9.972973e-01
0.95,84,1,0.009368,0.002718,0.012086,0.981445,9.972861e-01
0.95,84,2,0.009682,0.002694,0.012376,0.981445,9.973099e-01
0.95,84,3,0.009970,0.002719,0.012689,0.978869,9.972847e-01
0.95,85,1,0.009319,0.002705,0.012024,0.983154,9.972988e-01
0.95,85,2,0.010127,0.002716,0.012843,0.977051,9.972875e-01
0.95,85,3,0.009478,0.002704,0.012182,0.982143,9.972997e-01
0.95,86,1,0.009456,0.002697,0.012152,0.981201,9.973068e-01
0.95,86,2,0.009463,0.002714,0.012177,0.981201,9.972894e-01
0.95,86,3,0.010110,0.002713,0.012823,0.979464,9.972907e-01
0.95,87,1,0.009691,0.002710,0.012401,0.981201,9.972940e-01
0.95,87,2,0.010165,0.002708,0.012873,0.978760,9.972956e-01
0.95,87,3,0.008957,0.002702,0.011659,0.982440,9.973018e-01
0.95,88,1,0.009501,0.002705,0.012206,0.982422,9.972982e-01
0.95,88,2,0.009548,0.002699,0.012247,0.980957,9.973048e-01
0.95,88,3,0.009932,0.002715,0.012647,0.978274,9.972886e-01
0.95,89,1,0.009285,0.002699,0.011983,0.981689,9.973051e-01
0.95,89,2,0.009492,0.002707,0.012199,0.982178,9.972963e-01
0.95,89,3,0.010253,0.002710,0.012963,0.977679,9.972936e-01
0.95,90,1,0.009536,0.002712,0.012248,0.981934,9.972920e-01
0.95,90,2,0.010359,0.002705,0.013064,0.978760,9.972986e-01
0.95,90,3,0.008880,0.002694,0.011574,0.981548,9.973098e-01
0.95,91,1,0.009317,0.002709,0.012025,0.983643,9.972950e-01
0.95,91,2,0.009251,0.002681,0.011931,0.981934,9.973229e-01
0.95,91,3,0.010488,0.002724,0.013212,0.975893,9.972797e-01
0.95,92,1,0.009962,0.002703,0.012664,0.979248,9.973011e-01
0.95,92,2,0.009401,0.002707,0.012108,0.981934,9.972966e-01
0.95,92,3,0.009509,0.002696,0.012205,0.981250,9.973074e-01
0.95,93,1,0.009554,0.002712,0.012266,0.983643,9.972921e-01
0.95,93,2,0.009323,0.002697,0.012020,0.980469,9.973069e-01
0.95,93,3,0.010090,0.002695,0.012785,0.977679,9.973089e-01
0.95,94,1,0.009274,0.002696,0.011970,0.982422,9.973072e-01
0.95,94,2,0.009797,0.002708,0.012505,0.979980,9.972953e-01
0.95,94,3,0.009844,0.002696,0.012540,0.979762,9.973078e-01
0.95,95,1,0.009612,0.002709,0.012321,0.979736,9.972943e-01
0.95,95,2,0.009441,0.002696,0.012137,0.981934,9.973079e-01
0.95,95,3,0.009857,0.002692,0.012549,0.980952,9.973113e-01
0.95,96,1,0.009545,0.002684,0.012230,0.981934,9.973191e-01
0.95,96,2,0.009192,0.002696,0.011889,0.982422,9.973072e-01
0.95,96,3,0.010231,0.002719,0.012949,0.977679,9.972849e-01
0.95,97,1,0.010028,0.002699,0.012727,0.979492,9.973045e-01
0.95,97,2,0.010043,0.002697,0.012740,0.978760,9.973067e-01
0.95,97,3,0.008595,0.002697,0.011292,0.985417,9.973065e-01
0.95,98,1,0.009336,0.002706,0.012042,0.983154,9.972974e-01
0.95,98,2,0.009645,0.002685,0.012330,0.981445,9.973184e-01
0.95,98,3,0.009915,0.002700,0.012615,0.977679,9.973040e-01
0.95,99,1,0.009375,0.002703,0.012078,0.981445,9.973002e-01
0.95,99,2,0.009694,0.002701,0.012395,0.981445,9.973028e-01
0.95,99,3,0.009797,0.002681,0.012478,0.980060,9.973227e-01
0.95,100,1,0.009943,0.002691,0.012634,0.979736,9.973126e-01
0.95,100,2,0.009550,0.002697,0.012246,0.981689,9.973068e-01
0.95,100,3,0.009271,0.002698,0.011969,0.981845,9.973060e-01
0.96,1,1,0.010280,0.002150,0.012430,0.978027,9.978522e-01
0.96,1,2,0.009944,0.002164,0.012107,0.980225,9.978386e-01
0.96,1,3,0.009607,0.002150,0.011757,0.980655,9.978526e-01
0.96,2,1,0.010015,0.002147,0.012162,0.979736,9.978550e-01
0.96,2,2,0.009657,0.002151,0.011808,0.982178,9.978513e-01
0.96,2,3,0.010204,0.002163,0.012367,0.977679,9.978392e-01
0.96,3,1,0.009486,0.002150,0.011636,0.981201,9.978523e-01
0.96,3,2,0.010795,0.002156,0.012951,0.978271,9.978465e-01
0.96,3,3,0.009447,0.002150,0.011597,0.981250,9.978527e-01
0.96,4,1,0.009629,0.002150,0.011779,0.979004,9.978520e-01
0.96,4,2,0.010285,0.002159,0.012444,0.981445,9.978432e-01
0.96,4,3,0.009899,0.002142,0.012041,0.980952,9.978605e-01
0.96,5,1,0.009794,0.002144,0.011938,0.979736,9.978579e-01
0.96,5,2,0.010471,0.002157,0.012628,0.979492,9.978453e-01
0.96,5,3,0.009455,0.002150,0.011605,0.982738,9.978528e-01
0.96,6,1,0.009812,0.002148,0.011960,0.981689,9.978545e-01
0.96,6,2,0.010124,0.002141,0.012265,0.978760,9.978617e-01
0.96,6,3,0.009833,0.002164,0.011997,0.980952,9.978384e-01
0.96,7,1,0.009928,0.002145,0.012072,0.981934,9.978575e-01
0.96,7,2,0.009799,0.002153,0.011952,0.980469,9.978489e-01
0.96,7,3,0.010069,0.002151,0.012220,0.978571,9.978511e-01
0.96,8,1,0.009879,0.002147,0.012026,0.981201,9.978557e-01
0.96,8,2,0.010157,0.002153,0.012310,0.978760,9.978496e-01
0.96,8,3,0.009672,0.002149,0.011822,0.980952,9.978531e-01
0.96,9,1,0.010176,0.002157,0.012332,0.979004,9.978457e-01
0.96,9,2,0.009699,0.002144,0.011843,0.981934,9.978580e-01
0.96,9,3,0.009848,0.002147,0.011995,0.980060,9.978558e-01
0.96,10,1,0.009818,0.002150,0.011968,0.978271,9.978524e-01
0.96,10,2,0.010463,0.002142,0.012605,0.977783,9.978607e-01
0.96,10,3,0.009340,0.002157,0.011497,0.986012,9.978453e-01
0.96,11,1,0.010187,0.002145,0.012332,0.980713,9.978575e-01
0.96,11,2,0.009724,0.002153,0.011877,0.979248,9.978491e-01
0.96,11,3,0.009782,0.002148,0.011930,0.980952,9.978541e-01
0.96,12,1,0.009742,0.002149,0.011891,0.980469,9.978535e-01
0.96,12,2,0.009962,0.002147,0.012109,0.980225,9.978550e-01
0.96,12,3,0.010022,0.002149,0.012171,0.979464,9.978530e-01
0.96,13,1,0.009458,0.002146,0.011603,0.980957,9.978567e-01
0.96,13,2,0.010579,0.002157,0.012735,0.978027,9.978458e-01
0.96,13,3,0.009606,0.002141,0.011747,0.981845,9.978615e-01
0.96,14,1,0.009737,0.002132,0.011869,0.981445,9.978698e-01
0.96,14,2,0.009948,0.002166,0.012113,0.979736,9.978365e-01
0.96,14,3,0.010023,0.002144,0.012167,0.978869,9.978583e-01
0.96,15,1,0.009031,0.002154,0.011185,0.984375,9.978484e-01
0.96,15,2,0.009738,0.002136,0.011874,0.979736,9.978663e-01
0.96,15,3,0.011127,0.002153,0.013279,0.975298,9.978497e-01
0.96,16,1,0.009852,0.002163,0.012015,0.980469,9.978392e-01
0.96,16,2,0.010118,0.002142,0.012260,0.978760,9.978604e-01
0.96,16,3,0.009650,0.002133,0.011783,0.981845,9.978697e-01
0.96,17,1,0.010330,0.002140,0.012470,0.977051,9.978624e-01
0.96,17,2,0.009786,0.002146,0.011932,0.982178,9.978564e-01
0.96,17,3,0.009458,0.002154,0.011612,0.981845,9.978482e-01
0.96,18,1,0.009620,0.002154,0.011773,0.979492,9.978484e-01
0.96,18,2,0.009958,0.002140,0.012098,0.983154,9.978625e-01
0.96,18,3,0.010101,0.002143,0.012244,0.978571,9.978597e-01
0.96,19,1,0.010359,0.002146,0.012505,0.979492,9.978560e-01
0.96,19,2,0.009705,0.002150,0.011855,0.981689,9.978519e-01
0.96,19,3,0.009496,0.002137,0.011634,0.980655,9.978651e-01
0.96,20,1,0.009495,0.002158,0.011653,0.981934,9.978439e-01
0.96,20,2,0.010156,0.002140,0.012296,0.979492,9.978621e-01
0.96,20,3,0.009989,0.002133,0.012122,0.980952,9.978693e-01
0.96,21,1,0.009772,0.002157,0.011929,0.982178,9.978452e-01
0.96,21,2,0.010077,0.002137,0.012214,0.980225,9.978655e-01
0.96,21,3,0.009738,0.002137,0.011875,0.979762,9.978654e-01
0.96,22,1,0.009996,0.002145,0.012142,0.979736,9.978571e-01
0.96,22,2,0.009679,0.002145,0.011824,0.982422,9.978569e-01
0.96,22,3,0.009940,0.002139,0.012079,0.980060,9.978633e-01
0.96,23,1,0.009668,0.002149,0.011817,0.980469,9.978536e-01
0.96,23,2,0.009980,0.002134,0.012114,0.982178,9.978680e-01
0.96,23,3,0.009963,0.002147,0.012110,0.979464,9.978557e-01
0.96,24,1,0.010393,0.002140,0.012533,0.976562,9.978622e-01
0.96,24,2,0.009555,0.002148,0.011703,0.983154,9.978546e-01
0.96,24,3,0.009586,0.002139,0.011725,0.982738,9.978635e-01
0.96,25,1,0.009826,0.002137,0.011963,0.980713,9.978653e-01
0.96,25,2,0.010340,0.002150,0.012490,0.978760,9.978522e-01
0.96,25,3,0.009310,0.002138,0.011448,0.983036,9.978644e-01
0.96,26,1,0.009954,0.002141,0.012095,0.979736,9.978617e-01
0.96,26,2,0.010067,0.002133,0.012200,0.979980,9.978694e-01
0.96,26,3,0.009476,0.002153,0.011629,0.982738,9.978493e-01
0.96,27,1,0.009837,0.002132,0.011969,0.981689,9.978698e-01
0.96,27,2,0.009849,0.002148,0.011997,0.979980,9.978548e-01
0.96,27,3,0.009873,0.002143,0.012016,0.980060,9.978590e-01
0.96,28,1,0.009853,0.002133,0.011986,0.979492,9.978691e-01
0.96,28,2,0.009727,0.002150,0.011877,0.980713,9.978523e-01
0.96,28,3,0.009989,0.002138,0.012127,0.981250,9.978645e-01
0.96,29,1,0.009891,0.002138,0.012029,0.981445,9.978642e-01
0.96,29,2,0.009744,0.002141,0.011886,0.979736,9.978609e-01
0.96,29,3,0.009908,0.002141,0.012049,0.980060,9.978614e-01
0.96,30,1,0.009240,0.002139,0.011379,0.982178,9.978628e-01
0.96,30,2,0.009892,0.002146,0.012038,0.980713,9.978561e-01
0.96,30,3,0.010511,0.002132,0.012642,0.977976,9.978705e-01
0.96,31,1,0.009870,0.002145,0.012015,0.980713,9.978577e-01
0.96,31,2,0.009257,0.002140,0.011397,0.982178,9.978623e-01
0.96,31,3,0.010504,0.002131,0.012635,0.977976,9.978708e-01
0.96,32,1,0.009817,0.002143,0.011960,0.979980,9.978594e-01
0.96,32,2,0.009892,0.002123,0.012015,0.980469,9.978789e-01
0.96,32,3,0.009784,0.002152,0.011937,0.980952,9.978499e-01
0.96,33,1,0.010164,0.002126,0.012291,0.979736,9.978758e-01
0.96,33,2,0.009407,0.002145,0.011552,0.980713,9.978571e-01
0.96,33,3,0.009941,0.002144,0.012086,0.980952,9.978581e-01
0.96,34,1,0.009630,0.002134,0.011764,0.979980,9.978682e-01
0.96,34,2,0.009302,0.002144,0.011446,0.984375,9.978580e-01
0.96,34,3,0.010712,0.002135,0.012847,0.976190,9.978677e-01
0.96,35,1,0.009661,0.002156,0.011817,0.980225,9.978464e-01
0.96,35,2,0.010282,0.002127,0.012409,0.977051,9.978755e-01
0.96,35,3,0.009468,0.002128,0.011596,0.984821,9.978744e-01
0.96,36,1,0.009542,0.002144,0.011686,0.981201,9.978583e-01
0.96,36,2,0.010012,0.002127,0.012139,0.978516,9.978750e-01
0.96,36,3,0.009934,0.002140,0.012074,0.981845,9.978619e-01
0.96,37,1,0.009176,0.002123,0.011300,0.981689,9.978791e-01
0.96,37,2,0.010366,0.002136,0.012502,0.979248,9.978664e-01
0.96,37,3,0.009938,0.002154,0.012091,0.980357,9.978486e-01
0.96,38,1,0.010325,0.002152,0.012477,0.976807,9.978506e-01
0.96,38,2,0.009232,0.002132,0.011363,0.984131,9.978706e-01
0.96,38,3,0.009909,0.002122,0.012032,0.980357,9.978799e-01
0.96,39,1,0.009465,0.002133,0.011598,0.980225,9.978694e-01
0.96,39,2,0.010250,0.002134,0.012385,0.979492,9.978682e-01
0.96,39,3,0.009705,0.002141,0.011846,0.981845,9.978614e-01
0.96,40,1,0.010012,0.002146,0.012157,0.979980,9.978567e-01
0.96,40,2,0.009554,0.002134,0.011687,0.981934,9.978687e-01
0.96,40,3,0.009878,0.002124,0.012002,0.979167,9.978780e-01
0.96,41,1,0.009671,0.002133,0.011804,0.980713,9.978692e-01
0.96,41,2,0.009701,0.002141,0.011842,0.979980,9.978613e-01
0.96,41,3,0.010102,0.002129,0.012231,0.980655,9.978735e-01
0.96,42,1,0.009506,0.002120,0.011626,0.983643,9.978823e-01
0.96,42,2,0.010176,0.002133,0.012309,0.979492,9.978694e-01
0.96,42,3,0.009714,0.002153,0.011867,0.977679,9.978493e-01
0.96,43,1,0.010393,0.002134,0.012527,0.977295,9.978681e-01
0.96,43,2,0.009738,0.002131,0.011869,0.982422,9.978713e-01
0.96,43,3,0.009156,0.002136,0.011292,0.981845,9.978660e-01
0.96,44,1,0.009698,0.002137,0.011835,0.979492,9.978649e-01
0.96,44,2,0.009895,0.002130,0.012025,0.980713,9.978727e-01
0.96,44,3,0.009800,0.002132,0.011933,0.981250,9.978700e-01
0.96,45,1,0.009657,0.002130,0.011787,0.980957,9.978721e-01
0.96,45,2,0.010226,0.002133,0.012359,0.978760,9.978694e-01
0.96,45,3,0.009437,0.002135,0.011573,0.981845,9.978669e-01
0.96,46,1,0.009579,0.002131,0.011710,0.981934,9.978709e-01
0.96,46,2,0.009885,0.002131,0.012016,0.979004,9.978716e-01
0.96,46,3,0.009938,0.002135,0.012073,0.980357,9.978675e-01
0.96,47,1,0.010131,0.002130,0.012261,0.977783,9.978721e-01
0.96,47,2,0.008917,0.002141,0.011058,0.986328,9.978612e-01
0.96,47,3,0.010437,0.002122,0.012559,0.976488,9.978805e-01
0.96,48,1,0.010273,0.002133,0.012406,0.978271,9.978694e-01
0.96,48,2,0.009685,0.002133,0.011819,0.979980,9.978688e-01
0.96,48,3,0.009316,0.002126,0.011442,0.983929,9.978764e-01
0.96,49,1,0.010266,0.002126,0.012393,0.980225,9.978759e-01
0.96,49,2,0.009956,0.002132,0.012088,0.978516,9.978699e-01
0.96,49,3,0.008984,0.002133,0.011117,0.983333,9.978688e-01
0.96,50,1,0.009976,0.002129,0.012104,0.979980,9.978737e-01
0.96,50,2,0.009739,0.002132,0.011871,0.981689,9.978701e-01
0.96,50,3,0.009593,0.002129,0.011723,0.979762,9.978729e-01
0.96,51,1,0.009429,0.002129,0.011559,0.982422,9.978730e-01
0.96,51,2,0.009545,0.002118,0.011663,0.981445,9.978844e-01
0.96,51,3,0.010485,0.002144,0.012629,0.977381,9.978581e-01
0.96,52,1,0.009748,0.002122,0.011870,0.980469,9.978799e-01
0.96,52,2,0.009840,0.002133,0.011973,0.981445,9.978696e-01
0.96,52,3,0.009727,0.002133,0.011860,0.979762,9.978693e-01
0.96,53,1,0.009697,0.002128,0.011825,0.979980,9.978744e-01
0.96,53,2,0.010009,0.002139,0.012148,0.981934,9.978630e-01
0.96,53,3,0.009573,0.002116,0.011689,0.980060,9.978858e-01
0.96,54,1,0.009601,0.002111,0.011713,0.979980,9.978908e-01
0.96,54,2,0.010097,0.002143,0.012240,0.979736,9.978589e-01
0.96,54,3,0.009573,0.002130,0.011702,0.983036,9.978724e-01
0.96,55,1,0.009747,0.002135,0.011883,0.982910,9.978668e-01
0.96,55,2,0.009483,0.002121,0.011604,0.981934,9.978812e-01
0.96,55,3,0.010133,0.002126,0.012259,0.976786,9.978761e-01
0.96,56,1,0.009035,0.002123,0.011158,0.981445,9.978791e-01
0.96,56,2,0.009986,0.002136,0.012121,0.982422,9.978666e-01
0.96,56,3,0.010378,0.002122,0.012500,0.977976,9.978804e-01
0.96,57,1,0.010630,0.002129,0.012760,0.976807,9.978728e-01
0.96,57,2,0.009414,0.002130,0.011544,0.983154,9.978722e-01
0.96,57,3,0.009120,0.002119,0.011240,0.982440,9.978830e-01
0.96,58,1,0.010016,0.002120,0.012137,0.979736,9.978819e-01
0.96,58,2,0.009304,0.002124,0.011428,0.984131,9.978786e-01
0.96,58,3,0.009993,0.002137,0.012130,0.977679,9.978657e-01
0.96,59,1,0.010012,0.002124,0.012136,0.978271,9.978779e-01
0.96,59,2,0.009650,0.002125,0.011776,0.981445,9.978770e-01
0.96,59,3,0.009567,0.002128,0.011695,0.982738,9.978742e-01
0.96,60,1,0.010006,0.002130,0.012136,0.980713,9.978718e-01
0.96,60,2,0.009621,0.002121,0.011742,0.982422,9.978812e-01
0.96,60,3,0.009600,0.002124,0.011724,0.978274,9.978780e-01
0.96,61,1,0.009835,0.002126,0.011962,0.980713,9.978759e-01
0.96,61,2,0.009380,0.002118,0.011498,0.981445,9.978838e-01
0.96,61,3,0.010093,0.002131,0.012223,0.979464,9.978716e-01
0.96,62,1,0.009859,0.002126,0.011985,0.980713,9.978761e-01
0.96,62,2,0.009887,0.002125,0.012012,0.979492,9.978772e-01
0.96,62,3,0.009436,0.002121,0.011558,0.981845,9.978811e-01
0.96,63,1,0.009532,0.002127,0.011660,0.982666,9.978749e-01
0.96,63,2,0.009694,0.002127,0.011821,0.979980,9.978757e-01
0.96,63,3,0.010059,0.002116,0.012175,0.978869,9.978862e-01
0.96,64,1,0.009954,0.002128,0.012082,0.980469,9.978740e-01
0.96,64,2,0.009646,0.002122,0.011768,0.980469,9.978802e-01
0.96,64,3,0.009594,0.002119,0.011713,0.980952,9.978835e-01
0.96,65,1,0.009971,0.002128,0.012099,0.976318,9.978738e-01
0.96,65,2,0.010206,0.002125,0.012331,0.980957,9.978777e-01
0.96,65,3,0.008881,0.002114,0.010995,0.985417,9.978885e-01
0.96,66,1,0.010148,0.002120,0.012268,0.978516,9.978822e-01
0.96,66,2,0.009459,0.002127,0.011586,0.983398,9.978748e-01
0.96,66,3,0.009565,0.002119,0.011684,0.979762,9.978837e-01
0.96,67,1,0.010343,0.002125,0.012469,0.978760,9.978768e-01
0.96,67,2,0.009193,0.002114,0.011307,0.982666,9.978878e-01
0.96,67,3,0.009643,0.002126,0.011769,0.980357,9.978763e-01
0.96,68,1,0.009863,0.002124,0.011987,0.980713,9.978786e-01
0.96,68,2,0.009285,0.002112,0.011397,0.983154,9.978901e-01
0.96,68,3,0.010106,0.002129,0.012235,0.977679,9.978730e-01
0.96,69,1,0.009666,0.002112,0.011777,0.981445,9.978906e-01
0.96,69,2,0.010010,0.002122,0.012132,0.978027,9.978805e-01
0.96,69,3,0.009454,0.002130,0.011584,0.983036,9.978719e-01
0.96,70,1,0.009864,0.002128,0.011992,0.979492,9.978743e-01
0.96,70,2,0.009672,0.002133,0.011805,0.982910,9.978695e-01
0.96,70,3,0.009615,0.002095,0.011710,0.979464,9.979071e-01
0.96,71,1,0.009923,0.002116,0.012040,0.978027,9.978859e-01
0.96,71,2,0.009737,0.002116,0.011854,0.982422,9.978858e-01
0.96,71,3,0.009453,0.002127,0.011580,0.981845,9.978749e-01
0.96,72,1,0.009716,0.002123,0.011839,0.980713,9.978797e-01
0.96,72,2,0.009856,0.002118,0.011973,0.978760,9.978846e-01
0.96,72,3,0.009552,0.002117,0.011669,0.983036,9.978857e-01
0.96,73,1,0.009445,0.002125,0.011570,0.982910,9.978777e-01
0.96,73,2,0.009405,0.002117,0.011522,0.980713,9.978851e-01
0.96,73,3,0.010422,0.002113,0.012535,0.977976,9.978895e-01
0.96,74,1,0.009736,0.002118,0.011854,0.979248,9.978843e-01
0.96,74,2,0.009191,0.002115,0.011306,0.983154,9.978872e-01
0.96,74,3,0.010321,0.002121,0.012442,0.979762,9.978808e-01
0.96,75,1,0.010077,0.002122,0.012200,0.979248,9.978798e-01
0.96,75,2,0.009801,0.002107,0.011908,0.979492,9.978957e-01
0.96,75,3,0.009152,0.002124,0.011276,0.984226,9.978778e-01
0.96,76,1,0.009821,0.002129,0.011949,0.979248,9.978737e-01
0.96,76,2,0.009526,0.002106,0.011633,0.983643,9.978959e-01
0.96,76,3,0.009790,0.002115,0.011905,0.979464,9.978869e-01
0.96,77,1,0.009565,0.002127,0.011692,0.981201,9.978751e-01
0.96,77,2,0.009868,0.002104,0.011971,0.980957,9.978986e-01
0.96,77,3,0.009676,0.002118,0.011795,0.980357,9.978837e-01
0.96,78,1,0.010264,0.002124,0.012388,0.980225,9.978782e-01
0.96,78,2,0.010027,0.002107,0.012134,0.978516,9.978953e-01
0.96,78,3,0.008621,0.002116,0.010737,0.984524,9.978859e-01
0.96,79,1,0.009364,0.002124,0.011488,0.981934,9.978784e-01
0.96,79,2,0.010272,0.002110,0.012382,0.978760,9.978927e-01
0.96,79,3,0.009410,0.002111,0.011521,0.982143,9.978908e-01
0.96,80,1,0.009730,0.002125,0.011855,0.982666,9.978772e-01
0.96,80,2,0.009342,0.002112,0.011454,0.980957,9.978903e-01
0.96,80,3,0.010089,0.002105,0.012194,0.978869,9.978970e-01
0.96,81,1,0.009936,0.002113,0.012049,0.978516,9.978892e-01
0.96,81,2,0.009433,0.002109,0.011542,0.982178,9.978930e-01
0.96,81,3,0.009718,0.002121,0.011839,0.982440,9.978811e-01
0.96,82,1,0.009963,0.002104,0.012067,0.977783,9.978983e-01
0.96,82,2,0.009537,0.002104,0.011640,0.981201,9.978986e-01
0.96,82,3,0.009549,0.002137,0.011686,0.984524,9.978650e-01
0.96,83,1,0.009182,0.002110,0.011292,0.982666,9.978922e-01
0.96,83,2,0.009768,0.002110,0.011878,0.981201,9.978921e-01
0.96,83,3,0.010209,0.002120,0.012329,0.978869,9.978823e-01
0.96,84,1,0.009454,0.002118,0.011572,0.981445,9.978841e-01
0.96,84,2,0.009915,0.002112,0.012026,0.980957,9.978906e-01
0.96,84,3,0.009690,0.002107,0.011797,0.980655,9.978957e-01
0.96,85,1,0.009519,0.002111,0.011630,0.979980,9.978915e-01
0.96,85,2,0.009902,0.002103,0.012005,0.979980,9.978997e-01
0.96,85,3,0.009617,0.002125,0.011742,0.983631,9.978776e-01
0.96,86,1,0.009137,0.002111,0.011248,0.985107,9.978915e-01
0.96,86,2,0.009586,0.002114,0.011700,0.980957,9.978880e-01
0.96,86,3,0.010460,0.002109,0.012569,0.976190,9.978936e-01
0.96,87,1,0.009471,0.002106,0.011578,0.981689,9.978958e-01
0.96,87,2,0.010206,0.002101,0.012308,0.978516,9.979007e-01
0.96,87,3,0.009287,0.002128,0.011414,0.983333,9.978747e-01
0.96,88,1,0.009482,0.002115,0.011597,0.980957,9.978871e-01
0.96,88,2,0.009876,0.002103,0.011979,0.980469,9.978991e-01
0.96,88,3,0.009669,0.002113,0.011782,0.981845,9.978892e-01
0.96,89,1,0.009673,0.002117,0.011790,0.981689,9.978853e-01
0.96,89,2,0.009638,0.002102,0.011740,0.980225,9.979005e-01
0.96,89,3,0.009716,0.002111,0.011827,0.981250,9.978915e-01
0.96,90,1,0.009240,0.002115,0.011355,0.982422,9.978876e-01
0.96,90,2,0.010141,0.002109,0.012250,0.978516,9.978931e-01
0.96,90,3,0.009622,0.002103,0.011724,0.982440,9.978996e-01
0.96,91,1,0.008862,0.002112,0.010974,0.985107,9.978899e-01
0.96,91,2,0.010610,0.002107,0.012717,0.975098,9.978952e-01
0.96,91,3,0.009503,0.002106,0.011609,0.983333,9.978962e-01
0.96,92,1,0.009531,0.002111,0.011642,0.979248,9.978913e-01
0.96,92,2,0.010210,0.002098,0.012308,0.979980,9.979038e-01
0.96,92,3,0.009166,0.002116,0.011282,0.984821,9.978858e-01
0.96,93,1,0.009455,0.002118,0.011572,0.980713,9.978846e-01
0.96,93,2,0.009525,0.002098,0.011624,0.982178,9.979039e-01
0.96,93,3,0.010085,0.002107,0.012191,0.980357,9.978957e-01
0.96,94,1,0.009356,0.002100,0.011457,0.982666,9.979020e-01
0.96,94,2,0.009813,0.002123,0.011936,0.979004,9.978794e-01
0.96,94,3,0.009845,0.002096,0.011940,0.981845,9.979063e-01
0.96,95,1,0.009830,0.002109,0.011939,0.981445,9.978932e-01
0.96,95,2,0.009528,0.002111,0.011639,0.982666,9.978917e-01
0.96,95,3,0.009607,0.002098,0.011705,0.978869,9.979040e-01
0.96,96,1,0.009830,0.002100,0.011931,0.981201,9.979018e-01
0.96,96,2,0.009695,0.002102,0.011797,0.979736,9.979005e-01
0.96,96,3,0.009394,0.002118,0.011512,0.982738,9.978847e-01
0.96,97,1,0.009447,0.002113,0.011560,0.981934,9.978891e-01
0.96,97,2,0.009338,0.002094,0.011433,0.982422,9.979077e-01
0.96,97,3,0.010287,0.002109,0.012396,0.978571,9.978933e-01
0.96,98,1,0.010288,0.002106,0.012393,0.979004,9.978967e-01
0.96,98,2,0.009558,0.002105,0.011662,0.981934,9.978977e-01
0.96,98,3,0.008987,0.002104,0.011091,0.982440,9.978983e-01
0.96,99,1,0.009861,0.002110,0.011971,0.981201,9.978924e-01
0.96,99,2,0.009174,0.002100,0.011274,0.982178,9.979023e-01
0.96,99,3,0.009966,0.002102,0.012069,0.979464,9.978998e-01
0.96,100,1,0.009869,0.002104,0.011973,0.980957,9.978986e-01
0.96,100,2,0.009550,0.002107,0.011658,0.982178,9.978948e-01
0.96,100,3,0.009489,0.002099,0.011588,0.979464,9.979033e-01
0.97,1,1,0.009753,0.001572,0.011325,0.983154,9.984291e-01
0.97,1,2,0.010154,0.001583,0.011737,0.977295,9.984184e-01
0.97,1,3,0.010212,0.001576,0.011788,0.979167,9.984257e-01
0.97,2,1,0.010174,0.001573,0.011746,0.978027,9.984285e-01
0.97,2,2,0.010075,0.001578,0.011653,0.979980,9.984230e-01
0.97,2,3,0.009739,0.001576,0.011316,0.981250,9.984249e-01
0.97,3,1,0.010225,0.001579,0.011805,0.978027,9.984220e-01
0.97,3,2,0.009439,0.001575,0.011014,0.981934,9.984263e-01
0.97,3,3,0.010433,0.001570,0.012003,0.980357,9.984315e-01
0.97,4,1,0.009946,0.001572,0.011518,0.979004,9.984293e-01
0.97,4,2,0.010121,0.001572,0.011693,0.981201,9.984288e-01
0.97,4,3,0.009935,0.001580,0.011515,0.980357,9.984211e-01
0.97,5,1,0.009869,0.001569,0.011438,0.980225,9.984322e-01
0.97,5,2,0.009796,0.001570,0.011367,0.980957,9.984308e-01
0.97,5,3,0.010410,0.001585,0.011995,0.979762,9.984161e-01
0.97,6,1,0.009870,0.001579,0.011449,0.983154,9.984227e-01
0.97,6,2,0.010200,0.001577,0.011777,0.977051,9.984240e-01
0.97,6,3,0.009895,0.001565,0.011459,0.980952,9.984366e-01
0.97,7,1,0.010024,0.001587,0.011611,0.980713,9.984139e-01
0.97,7,2,0.010810,0.001569,0.012379,0.975098,9.984323e-01
0.97,7,3,0.008949,0.001564,0.010513,0.985119,9.984373e-01
0.97,8,1,0.010537,0.001578,0.012115,0.978027,9.984230e-01
0.97,8,2,0.009877,0.001576,0.011453,0.978760,9.984250e-01
0.97,8,3,0.009440,0.001566,0.011006,0.984821,9.984352e-01
0.97,9,1,0.009883,0.001567,0.011450,0.980225,9.984344e-01
0.97,9,2,0.009700,0.001573,0.011272,0.980713,9.984286e-01
0.97,9,3,0.010440,0.001584,0.012024,0.979167,9.984171e-01
0.97,10,1,0.009109,0.001572,0.010680,0.985107,9.984294e-01
0.97,10,2,0.010217,0.001576,0.011794,0.977783,9.984251e-01
0.97,10,3,0.010741,0.001573,0.012315,0.976786,9.984278e-01
0.97,11,1,0.009779,0.001577,0.011356,0.981445,9.984245e-01
0.97,11,2,0.010236,0.001574,0.011810,0.977295,9.984273e-01
0.97,11,3,0.009892,0.001570,0.011462,0.982143,9.984314e-01
0.97,12,1,0.009878,0.001571,0.011449,0.977295,9.984307e-01
0.97,12,2,0.010063,0.001576,0.011639,0.980713,9.984253e-01
0.97,12,3,0.009972,0.001574,0.011546,0.982738,9.984269e-01
0.97,13,1,0.009824,0.001570,0.011395,0.980957,9.984309e-01
0.97,13,2,0.010104,0.001578,0.011682,0.978271,9.984235e-01
0.97,13,3,0.009977,0.001572,0.011549,0.981250,9.984294e-01
0.97,14,1,0.009741,0.001575,0.011315,0.979736,9.984263e-01
0.97,14,2,0.009681,0.001573,0.011254,0.982178,9.984286e-01
0.97,14,3,0.010585,0.001572,0.012157,0.977976,9.984295e-01
0.97,15,1,0.010030,0.001570,0.011600,0.979492,9.984309e-01
0.97,15,2,0.010501,0.001572,0.012074,0.978760,9.984290e-01
0.97,15,3,0.009220,0.001577,0.010797,0.983036,9.984243e-01
0.97,16,1,0.009584,0.001570,0.011154,0.981445,9.984309e-01
0.97,16,2,0.009891,0.001572,0.011463,0.979248,9.984291e-01
0.97,16,3,0.010497,0.001576,0.012074,0.980060,9.984250e-01
0.97,17,1,0.010395,0.001572,0.011967,0.978516,9.984290e-01
0.97,17,2,0.009924,0.001577,0.011501,0.980713,9.984247e-01
0.97,17,3,0.009456,0.001568,0.011024,0.982440,9.984336e-01
0.97,18,1,0.009906,0.001568,0.011474,0.979492,9.984336e-01
0.97,18,2,0.009821,0.001571,0.011392,0.982178,9.984302e-01
0.97,18,3,0.010169,0.001579,0.011748,0.979167,9.984223e-01
0.97,19,1,0.009933,0.001568,0.011501,0.982178,9.984329e-01
0.97,19,2,0.009807,0.001580,0.011387,0.981445,9.984209e-01
0.97,19,3,0.010144,0.001566,0.011710,0.976786,9.984354e-01
0.97,20,1,0.009907,0.001562,0.011469,0.979248,9.984394e-01
0.97,20,2,0.009844,0.001571,0.011415,0.980469,9.984304e-01
0.97,20,3,0.010120,0.001584,0.011705,0.981250,9.984168e-01
0.97,21,1,0.009514,0.001567,0.011081,0.979736,9.984342e-01
0.97,21,2,0.010436,0.001571,0.012006,0.979736,9.984306e-01
0.97,21,3,0.009869,0.001577,0.011446,0.982143,9.984240e-01
0.97,22,1,0.010066,0.001576,0.011641,0.979980,9.984257e-01
0.97,22,2,0.009773,0.001566,0.011339,0.980957,9.984350e-01
0.97,22,3,0.009997,0.001571,0.011568,0.980357,9.984298e-01
0.97,23,1,0.009725,0.001575,0.011300,0.980957,9.984262e-01
0.97,23,2,0.010000,0.001570,0.011570,0.979736,9.984308e-01
0.97,23,3,0.010125,0.001566,0.011691,0.980357,9.984353e-01
0.97,24,1,0.009751,0.001572,0.011324,0.981689,9.984290e-01
0.97,24,2,0.009698,0.001570,0.011267,0.981445,9.984316e-01
0.97,24,3,0.010452,0.001570,0.012022,0.977381,9.984316e-01
0.97,25,1,0.010177,0.001570,0.011747,0.979004,9.984310e-01
0.97,25,2,0.009604,0.001575,0.011179,0.982178,9.984267e-01
0.97,25,3,0.010036,0.001565,0.011602,0.979762,9.984359e-01
0.97,26,1,0.009913,0.001568,0.011480,0.980713,9.984336e-01
0.97,26,2,0.010644,0.001571,0.012216,0.976807,9.984300e-01
0.97,26,3,0.009080,0.001572,0.010651,0.984226,9.984295e-01
0.97,27,1,0.010213,0.001578,0.011791,0.979248,9.984231e-01
0.97,27,2,0.009230,0.001562,0.010792,0.982666,9.984390e-01
0.97,27,3,0.010428,0.001569,0.011997,0.978571,9.984320e-01
0.97,28,1,0.010098,0.001572,0.011670,0.979004,9.984289e-01
0.97,28,2,0.010161,0.001567,0.011727,0.977783,9.984344e-01
0.97,28,3,0.009421,0.001570,0.010991,0.984524,9.984313e-01
0.97,29,1,0.009695,0.001568,0.011263,0.979980,9.984329e-01
0.97,29,2,0.009874,0.001567,0.011442,0.980469,9.984341e-01
0.97,29,3,0.010252,0.001574,0.011825,0.980060,9.984277e-01
0.97,30,1,0.009835,0.001577,0.011412,0.980713,9.984243e-01
0.97,30,2,0.009963,0.001561,0.011524,0.979736,9.984406e-01
0.97,30,3,0.009964,0.001570,0.011534,0.980357,9.984309e-01
0.97,31,1,0.009108,0.001565,0.010674,0.982910,9.984357e-01
0.97,31,2,0.010476,0.001577,0.012053,0.978516,9.984240e-01
0.97,31,3,0.010215,0.001563,0.011779,0.979167,9.984381e-01
0.97,32,1,0.010309,0.001568,0.011878,0.978516,9.984328e-01
0.97,32,2,0.009902,0.001565,0.011467,0.980469,9.984362e-01
0.97,32,3,0.009442,0.001574,0.011015,0.981845,9.984275e-01
0.97,33,1,0.009336,0.001570,0.010907,0.981201,9.984310e-01
0.97,33,2,0.009955,0.001570,0.011524,0.980225,9.984315e-01
0.97,33,3,0.010556,0.001565,0.012121,0.979464,9.984362e-01
0.97,34,1,0.009689,0.001567,0.011256,0.981934,9.984343e-01
0.97,34,2,0.010348,0.001572,0.011920,0.978760,9.984296e-01
0.97,34,3,0.009639,0.001566,0.011205,0.980060,9.984352e-01
0.97,35,1,0.009323,0.001565,0.010887,0.984863,9.984367e-01
0.97,35,2,0.010587,0.001579,0.012166,0.977783,9.984220e-01
0.97,35,3,0.009785,0.001559,0.011344,0.977976,9.984425e-01
0.97,36,1,0.009898,0.001570,0.011468,0.980957,9.984310e-01
0.97,36,2,0.010140,0.001561,0.011702,0.979980,9.984398e-01
0.97,36,3,0.009620,0.001573,0.011192,0.980060,9.984284e-01
0.97,37,1,0.009795,0.001573,0.011368,0.980713,9.984282e-01
0.97,37,2,0.010359,0.001566,0.011925,0.977783,9.984355e-01
0.97,37,3,0.009470,0.001563,0.011034,0.983333,9.984378e-01
0.97,38,1,0.009866,0.001571,0.011437,0.979248,9.984303e-01
0.97,38,2,0.010317,0.001566,0.011884,0.979980,9.984348e-01
0.97,38,3,0.009425,0.001564,0.010989,0.982440,9.984369e-01
0.97,39,1,0.009871,0.001569,0.011440,0.980225,9.984322e-01
0.97,39,2,0.009758,0.001555,0.011313,0.980469,9.984458e-01
0.97,39,3,0.010091,0.001579,0.011670,0.980655,9.984220e-01
0.97,40,1,0.009665,0.001566,0.011232,0.981201,9.984347e-01
0.97,40,2,0.010083,0.001560,0.011643,0.979736,9.984411e-01
0.97,40,3,0.009935,0.001576,0.011511,0.980357,9.984255e-01
0.97,41,1,0.009753,0.001567,0.011321,0.980469,9.984337e-01
0.97,41,2,0.010139,0.001564,0.011703,0.980713,9.984374e-01
0.97,41,3,0.009750,0.001569,0.011319,0.980060,9.984320e-01
0.97,42,1,0.009967,0.001573,0.011541,0.981201,9.984279e-01
0.97,42,2,0.010056,0.001570,0.011626,0.979004,9.984317e-01
0.97,42,3,0.009582,0.001554,0.011136,0.981250,9.984470e-01
0.97,43,1,0.010091,0.001563,0.011653,0.979980,9.984385e-01
0.97,43,2,0.009786,0.001565,0.011350,0.979736,9.984366e-01
0.97,43,3,0.009751,0.001572,0.011323,0.981845,9.984290e-01
0.97,44,1,0.009801,0.001567,0.011368,0.980713,9.984341e-01
0.97,44,2,0.009846,0.001563,0.011409,0.982910,9.984381e-01
0.97,44,3,0.010022,0.001568,0.011590,0.977083,9.984334e-01
0.97,45,1,0.009314,0.001567,0.010881,0.983398,9.984339e-01
0.97,45,2,0.010019,0.001570,0.011589,0.980469,9.984308e-01
0.97,45,3,0.010397,0.001558,0.011955,0.976786,9.984433e-01
0.97,46,1,0.009681,0.001564,0.011245,0.981445,9.984369e-01
0.97,46,2,0.010157,0.001563,0.011721,0.979248,9.984378e-01
0.97,46,3,0.009772,0.001569,0.011341,0.980952,9.984320e-01
0.97,47,1,0.009831,0.001563,0.011394,0.982178,9.984384e-01
0.97,47,2,0.010278,0.001568,0.011846,0.979004,9.984331e-01
0.97,47,3,0.009434,0.001565,0.010999,0.980655,9.984367e-01
0.97,48,1,0.009409,0.001561,0.010970,0.981934,9.984398e-01
0.97,48,2,0.010371,0.001563,0.011934,0.978760,9.984387e-01
0.97,48,3,0.009826,0.001572,0.011398,0.981250,9.984291e-01
0.97,49,1,0.010077,0.001563,0.011640,0.978760,9.984383e-01
0.97,49,2,0.009958,0.001568,0.011525,0.979980,9.984336e-01
0.97,49,3,0.009507,0.001563,0.011070,0.983631,9.984379e-01
0.97,50,1,0.010037,0.001559,0.011596,0.981201,9.984422e-01
0.97,50,2,0.009504,0.001570,0.011074,0.982178,9.984314e-01
0.97,50,3,0.010102,0.001565,0.011666,0.977976,9.984367e-01
0.97,51,1,0.009501,0.001565,0.011066,0.981934,9.984364e-01
0.97,51,2,0.010005,0.001569,0.011573,0.979736,9.984326e-01
0.97,51,3,0.010135,0.001558,0.011693,0.980357,9.984430e-01
0.97,52,1,0.009416,0.001574,0.010989,0.983398,9.984277e-01
0.97,52,2,0.009976,0.001562,0.011538,0.978516,9.984392e-01
0.97,52,3,0.010264,0.001555,0.011819,0.980060,9.984464e-01
0.97,53,1,0.009618,0.001560,0.011178,0.982666,9.984411e-01
0.97,53,2,0.009939,0.001569,0.011507,0.979492,9.984326e-01
0.97,53,3,0.010055,0.001562,0.011617,0.979464,9.984389e-01
0.97,54,1,0.008993,0.001562,0.010555,0.983154,9.984395e-01
0.97,54,2,0.010098,0.001562,0.011660,0.980713,9.984395e-01
0.97,54,3,0.010613,0.001568,0.012181,0.977679,9.984333e-01
0.97,55,1,0.010038,0.001564,0.011602,0.980957,9.984370e-01
0.97,55,2,0.010284,0.001564,0.011847,0.979736,9.984374e-01
0.97,55,3,0.009105,0.001561,0.010667,0.981548,9.984397e-01
0.97,56,1,0.009789,0.001560,0.011348,0.981201,9.984417e-01
0.97,56,2,0.009713,0.001564,0.011277,0.981689,9.984370e-01
0.97,56,3,0.010096,0.001566,0.011662,0.978869,9.984352e-01
0.97,57,1,0.009869,0.001567,0.011436,0.978516,9.984346e-01
0.97,57,2,0.010005,0.001554,0.011560,0.981689,9.984469e-01
0.97,57,3,0.009632,0.001569,0.011201,0.982440,9.984326e-01
0.97,58,1,0.010549,0.001575,0.012124,0.980225,9.984263e-01
0.97,58,2,0.009484,0.001559,0.011044,0.982910,9.984418e-01
0.97,58,3,0.009431,0.001551,0.010983,0.979167,9.984498e-01
0.97,59,1,0.010047,0.001568,0.011615,0.979736,9.984332e-01
0.97,59,2,0.009480,0.001551,0.011031,0.982666,9.984499e-01
0.97,59,3,0.010040,0.001569,0.011609,0.980060,9.984325e-01
0.97,60,1,0.009823,0.001558,0.011382,0.980957,9.984427e-01
0.97,60,2,0.010315,0.001566,0.011881,0.980225,9.984354e-01
0.97,60,3,0.009286,0.001562,0.010848,0.981548,9.984393e-01
0.97,61,1,0.009811,0.001561,0.011371,0.982422,9.984407e-01
0.97,61,2,0.009858,0.001568,0.011426,0.979980,9.984328e-01
0.97,61,3,0.009851,0.001555,0.011406,0.980060,9.984459e-01
0.97,62,1,0.010560,0.001561,0.012121,0.978271,9.984404e-01
0.97,62,2,0.009610,0.001575,0.011185,0.982910,9.984260e-01
0.97,62,3,0.009231,0.001546,0.010777,0.981548,9.984554e-01
0.97,63,1,0.009576,0.001561,0.011137,0.981934,9.984402e-01
0.97,63,2,0.010096,0.001560,0.011656,0.979492,9.984413e-01
0.97,63,3,0.009829,0.001563,0.011393,0.981250,9.984379e-01
0.97,64,1,0.010042,0.001566,0.011608,0.980469,9.984349e-01
0.97,64,2,0.009842,0.001556,0.011398,0.980713,9.984448e-01
0.97,64,3,0.009563,0.001560,0.011123,0.981548,9.984410e-01
0.97,65,1,0.009806,0.001554,0.011360,0.980713,9.984472e-01
0.97,65,2,0.009510,0.001559,0.011069,0.981934,9.984423e-01
0.97,65,3,0.010247,0.001571,0.011818,0.979762,9.984299e-01
0.97,66,1,0.009794,0.001567,0.011362,0.980957,9.984338e-01
0.97,66,2,0.009580,0.001551,0.011130,0.981201,9.984506e-01
0.97,66,3,0.010167,0.001564,0.011732,0.980357,9.984370e-01
0.97,67,1,0.009441,0.001561,0.011001,0.983887,9.984406e-01
0.97,67,2,0.010026,0.001560,0.011586,0.980225,9.984412e-01
0.97,67,3,0.010047,0.001560,0.011607,0.977976,9.984412e-01
0.97,68,1,0.009377,0.001559,0.010936,0.982422,9.984424e-01
0.97,68,2,0.010114,0.001561,0.011675,0.979492,9.984398e-01
0.97,68,3,0.010008,0.001560,0.011568,0.980655,9.984417e-01
0.97,69,1,0.009833,0.001560,0.011393,0.979004,9.984414e-01
0.97,69,2,0.009465,0.001558,0.011022,0.983398,9.984435e-01
0.97,69,3,0.010237,0.001562,0.011799,0.980060,9.984394e-01
0.97,70,1,0.010212,0.001566,0.011778,0.977539,9.984349e-01
0.97,70,2,0.009634,0.001554,0.011188,0.981689,9.984474e-01
0.97,70,3,0.009560,0.001558,0.011117,0.983929,9.984435e-01
0.97,71,1,0.010036,0.001548,0.011584,0.980713,9.984531e-01
0.97,71,2,0.009993,0.001570,0.011563,0.980957,9.984311e-01
0.97,71,3,0.009329,0.001559,0.010888,0.981250,9.984424e-01
0.97,72,1,0.010554,0.001560,0.012114,0.975830,9.984414e-01
0.97,72,2,0.009839,0.001562,0.011402,0.982666,9.984389e-01
0.97,72,3,0.008877,0.001553,0.010430,0.985119,9.984481e-01
0.97,73,1,0.010383,0.001552,0.011934,0.978760,9.984495e-01
0.97,73,2,0.009351,0.001563,0.010914,0.982666,9.984383e-01
0.97,73,3,0.009673,0.001561,0.011234,0.981548,9.984399e-01
0.97,74,1,0.009528,0.001555,0.011083,0.981689,9.984458e-01
0.97,74,2,0.009716,0.001556,0.011272,0.982178,9.984449e-01
0.97,74,3,0.010262,0.001564,0.011826,0.978869,9.984375e-01
0.97,75,1,0.009491,0.001558,0.011049,0.982666,9.984432e-01
0.97,75,2,0.010239,0.001559,0.011798,0.980225,9.984427e-01
0.97,75,3,0.009661,0.001557,0.011217,0.980357,9.984444e-01
0.97,76,1,0.010186,0.001562,0.011749,0.978516,9.984388e-01
0.97,76,2,0.009809,0.001560,0.011368,0.980957,9.984415e-01
0.97,76,3,0.009330,0.001549,0.010879,0.984524,9.984522e-01
0.97,77,1,0.010343,0.001558,0.011900,0.979736,9.984435e-01
0.97,77,2,0.009590,0.001554,0.011144,0.981201,9.984472e-01
0.97,77,3,0.009398,0.001561,0.010959,0.982738,9.984406e-01
0.97,78,1,0.009806,0.001548,0.011354,0.982178,9.984531e-01
0.97,78,2,0.009945,0.001563,0.011508,0.978516,9.984380e-01
0.97,78,3,0.009612,0.001560,0.011172,0.983036,9.984412e-01
0.97,79,1,0.010324,0.001566,0.011890,0.980469,9.984349e-01
0.97,79,2,0.009364,0.001555,0.010919,0.982910,9.984464e-01
0.97,79,3,0.009681,0.001547,0.011228,0.979762,9.984542e-01
0.97,80,1,0.010502,0.001560,0.012062,0.979004,9.984413e-01
0.97,80,2,0.009288,0.001555,0.010844,0.982666,9.984458e-01
0.97,80,3,0.009548,0.001553,0.011102,0.981845,9.984481e-01
0.97,81,1,0.009833,0.001556,0.011389,0.979980,9.984449e-01
0.97,81,2,0.009854,0.001553,0.011407,0.982422,9.984482e-01
0.97,81,3,0.009666,0.001559,0.011225,0.980952,9.984418e-01
0.97,82,1,0.009229,0.001549,0.010778,0.982666,9.984526e-01
0.97,82,2,0.010411,0.001559,0.011970,0.978027,9.984421e-01
0.97,82,3,0.009715,0.001560,0.011275,0.983036,9.984408e-01
0.97,83,1,0.009796,0.001558,0.011354,0.982422,9.984432e-01
0.97,83,2,0.010258,0.001548,0.011806,0.978027,9.984532e-01
0.97,83,3,0.009203,0.001561,0.010764,0.983333,9.984398e-01
0.97,84,1,0.009495,0.001548,0.011043,0.982178,9.984535e-01
0.97,84,2,0.009962,0.001564,0.011526,0.980469,9.984370e-01
0.97,84,3,0.009923,0.001553,0.011476,0.980655,9.984480e-01
0.97,85,1,0.009621,0.001545,0.011166,0.980957,9.984567e-01
0.97,85,2,0.009810,0.001556,0.011365,0.980957,9.984455e-01
0.97,85,3,0.009947,0.001566,0.011513,0.981548,9.984347e-01
0.97,86,1,0.009951,0.001557,0.011508,0.980957,9.984443e-01
0.97,86,2,0.009260,0.001551,0.010811,0.983154,9.984501e-01
0.97,86,3,0.010207,0.001556,0.011763,0.978869,9.984452e-01
0.97,87,1,0.009233,0.001558,0.010791,0.982910,9.984428e-01
0.97,87,2,0.010289,0.001549,0.011838,0.979248,9.984519e-01
0.97,87,3,0.009820,0.001555,0.011375,0.981250,9.984459e-01
0.97,88,1,0.009678,0.001553,0.011231,0.981934,9.984483e-01
0.97,88,2,0.009568,0.001562,0.011130,0.982178,9.984394e-01
0.97,88,3,0.010149,0.001546,0.011695,0.978571,9.984554e-01
0.97,89,1,0.009816,0.001548,0.011364,0.980469,9.984533e-01
0.97,89,2,0.009957,0.001555,0.011511,0.980957,9.984466e-01
0.97,89,3,0.009498,0.001560,0.011058,0.981845,9.984416e-01
0.97,90,1,0.009508,0.001555,0.011062,0.981201,9.984467e-01
0.97,90,2,0.010401,0.001550,0.011950,0.979004,9.984514e-01
0.97,90,3,0.009325,0.001556,0.010882,0.983333,9.984447e-01
0.97,91,1,0.009750,0.001547,0.011297,0.981934,9.984541e-01
0.97,91,2,0.010032,0.001555,0.011587,0.980469,9.984466e-01
0.97,91,3,0.009472,0.001559,0.011030,0.980357,9.984426e-01
0.97,92,1,0.009388,0.001549,0.010937,0.983643,9.984521e-01
0.97,92,2,0.010488,0.001543,0.012031,0.978027,9.984583e-01
0.97,92,3,0.009350,0.001570,0.010920,0.981250,9.984317e-01
0.97,93,1,0.009852,0.001550,0.011401,0.980713,9.984515e-01
0.97,93,2,0.010135,0.001560,0.011695,0.980957,9.984413e-01
0.97,93,3,0.009207,0.001547,0.010754,0.981250,9.984541e-01
0.97,94,1,0.009185,0.001548,0.010733,0.983398,9.984529e-01
0.97,94,2,0.010001,0.001551,0.011551,0.980713,9.984505e-01
0.97,94,3,0.010177,0.001559,0.011736,0.978274,9.984422e-01
0.97,95,1,0.009658,0.001547,0.011206,0.980957,9.984540e-01
0.97,95,2,0.009789,0.001553,0.011342,0.980225,9.984481e-01
0.97,95,3,0.009851,0.001556,0.011407,0.981845,9.984449e-01
0.97,96,1,0.009740,0.001546,0.011286,0.982178,9.984553e-01
0.97,96,2,0.009762,0.001555,0.011316,0.980713,9.984465e-01
0.97,96,3,0.009776,0.001555,0.011331,0.979762,9.984462e-01
0.97,97,1,0.009552,0.001542,0.011094,0.981934,9.984594e-01
0.97,97,2,0.009643,0.001552,0.011195,0.981445,9.984491e-01
0.97,97,3,0.010143,0.001562,0.011705,0.979167,9.984391e-01
0.97,98,1,0.010067,0.001551,0.011618,0.980225,9.984502e-01
0.97,98,2,0.009892,0.001552,0.011444,0.981201,9.984494e-01
0.97,98,3,0.009203,0.001550,0.010753,0.981548,9.984511e-01
0.97,99,1,0.010211,0.001548,0.011758,0.982178,9.984536e-01
0.97,99,2,0.009861,0.001549,0.011410,0.978760,9.984527e-01
0.97,99,3,0.009059,0.001557,0.010616,0.982440,9.984440e-01
0.97,100,1,0.009336,0.001544,0.010880,0.982422,9.984568e-01
0.97,100,2,0.010005,0.001556,0.011561,0.980469,9.984450e-01
0.97,100,3,0.009943,0.001551,0.011493,0.980060,9.984506e-01
0.98,1,1,0.010315,0.001036,0.011352,0.979736,9.989642e-01
0.98,1,2,0.009934,0.001030,0.010964,0.980225,9.989709e-01
0.98,1,3,0.010286,0.001034,0.011320,0.978274,9.989667e-01
0.98,2,1,0.010154,0.001037,0.011190,0.977051,9.989640e-01
0.98,2,2,0.010427,0.001032,0.011459,0.979248,9.989681e-01
0.98,2,3,0.009811,0.001028,0.010839,0.983333,9.989724e-01
0.98,3,1,0.010202,0.001033,0.011235,0.979980,9.989679e-01
0.98,3,2,0.009458,0.001028,0.010486,0.981689,9.989724e-01
0.98,3,3,0.010899,0.001037,0.011936,0.977679,9.989639e-01
0.98,4,1,0.010030,0.001038,0.011068,0.981201,9.989625e-01
0.98,4,2,0.009774,0.001028,0.010802,0.981445,9.989730e-01
0.98,4,3,0.010721,0.001030,0.011751,0.976786,9.989704e-01
0.98,5,1,0.009874,0.001031,0.010906,0.980713,9.989693e-01
0.98,5,2,0.010303,0.001038,0.011341,0.980713,9.989630e-01
0.98,5,3,0.010253,0.001026,0.011279,0.978869,9.989749e-01
0.98,6,1,0.010347,0.001031,0.011378,0.979492,9.989698e-01
0.98,6,2,0.010136,0.001034,0.011171,0.980225,9.989661e-01
0.98,6,3,0.009863,0.001030,0.010893,0.980357,9.989707e-01
0.98,7,1,0.010321,0.001033,0.011353,0.981201,9.989675e-01
0.98,7,2,0.010239,0.001030,0.011270,0.977783,9.989701e-01
0.98,7,3,0.009749,0.001032,0.010781,0.981250,9.989685e-01
0.98,8,1,0.009870,0.001034,0.010904,0.981934,9.989667e-01
0.98,8,2,0.010040,0.001034,0.011074,0.981445,9.989662e-01
0.98,8,3,0.010526,0.001026,0.011552,0.976190,9.989744e-01
0.98,9,1,0.009609,0.001029,0.010638,0.981934,9.989717e-01
0.98,9,2,0.009787,0.001036,0.010822,0.981689,9.989648e-01
0.98,9,3,0.011138,0.001031,0.012169,0.976190,9.989698e-01
0.98,10,1,0.009884,0.001026,0.010911,0.979248,9.989742e-01
0.98,10,2,0.010042,0.001030,0.011072,0.982422,9.989704e-01
0.98,10,3,0.010484,0.001041,0.011524,0.977976,9.989600e-01
0.98,11,1,0.010079,0.001032,0.011111,0.980713,9.989690e-01
0.98,11,2,0.009953,0.001033,0.010985,0.979492,9.989679e-01
0.98,11,3,0.010344,0.001031,0.011375,0.979762,9.989695e-01
0.98,12,1,0.009788,0.001031,0.010819,0.981689,9.989692e-01
0.98,12,2,0.010452,0.001032,0.011484,0.976807,9.989683e-01
0.98,12,3,0.010083,0.001032,0.011115,0.981548,9.989688e-01
0.98,13,1,0.010374,0.001035,0.011409,0.978027,9.989656e-01
0.98,13,2,0.009911,0.001030,0.010940,0.979736,9.989710e-01
0.98,13,3,0.010018,0.001030,0.011049,0.982440,9.989702e-01
0.98,14,1,0.010723,0.001032,0.011755,0.975098,9.989686e-01
0.98,14,2,0.010568,0.001032,0.011601,0.979492,9.989683e-01
0.98,14,3,0.008782,0.001030,0.009812,0.986310,9.989702e-01
0.98,15,1,0.010345,0.001031,0.011377,0.980713,9.989692e-01
0.98,15,2,0.009690,0.001028,0.010717,0.981689,9.989728e-01
0.98,15,3,0.010304,0.001036,0.011340,0.977083,9.989644e-01
0.98,16,1,0.009858,0.001028,0.010886,0.982422,9.989721e-01
0.98,16,2,0.010331,0.001039,0.011370,0.977539,9.989619e-01
0.98,16,3,0.010105,0.001026,0.011131,0.980357,9.989743e-01
0.98,17,1,0.009976,0.001035,0.011011,0.980469,9.989659e-01
0.98,17,2,0.009811,0.001031,0.010842,0.980469,9.989695e-01
0.98,17,3,0.010584,0.001027,0.011611,0.979167,9.989731e-01
0.98,18,1,0.009847,0.001036,0.010883,0.980713,9.989647e-01
0.98,18,2,0.009754,0.001028,0.010783,0.981689,9.989723e-01
0.98,18,3,0.010804,0.001029,0.011833,0.977976,9.989716e-01
0.98,19,1,0.009947,0.001030,0.010977,0.981689,9.989706e-01
0.98,19,2,0.010307,0.001030,0.011337,0.979004,9.989703e-01
0.98,19,3,0.009997,0.001033,0.011031,0.980060,9.989674e-01
0.98,20,1,0.009577,0.001031,0.010608,0.983398,9.989698e-01
0.98,20,2,0.009986,0.001029,0.011014,0.980957,9.989719e-01
0.98,20,3,0.010832,0.001034,0.011866,0.975595,9.989667e-01
0.98,21,1,0.009987,0.001025,0.011013,0.979980,9.989753e-01
0.98,21,2,0.010224,0.001035,0.011258,0.979492,9.989658e-01
0.98,21,3,0.010034,0.001033,0.011067,0.982440,9.989680e-01
0.98,22,1,0.009419,0.001030,0.010449,0.984375,9.989703e-01
0.98,22,2,0.010209,0.001026,0.011235,0.978516,9.989743e-01
0.98,22,3,0.010737,0.001036,0.011773,0.978274,9.989641e-01
0.98,23,1,0.009945,0.001037,0.010983,0.980957,9.989632e-01
0.98,23,2,0.010309,0.001031,0.011341,0.979492,9.989693e-01
0.98,23,3,0.009964,0.001021,0.010985,0.981250,9.989792e-01
0.98,24,1,0.010459,0.001030,0.011489,0.979004,9.989704e-01
0.98,24,2,0.010222,0.001033,0.011255,0.979248,9.989678e-01
0.98,24,3,0.009436,0.001028,0.010464,0.983333,9.989726e-01
0.98,25,1,0.009537,0.001031,0.010567,0.983398,9.989698e-01
0.98,25,2,0.010347,0.001032,0.011379,0.978760,9.989682e-01
0.98,25,3,0.010397,0.001027,0.011424,0.978571,9.989732e-01
0.98,26,1,0.010109,0.001029,0.011138,0.981445,9.989718e-01
0.98,26,2,0.009704,0.001026,0.010730,0.981689,9.989743e-01
0.98,26,3,0.010473,0.001037,0.011510,0.977381,9.989636e-01
0.98,27,1,0.010546,0.001030,0.011576,0.979004,9.989709e-01
0.98,27,2,0.010236,0.001034,0.011270,0.980469,9.989668e-01
0.98,27,3,0.009281,0.001026,0.010307,0.981548,9.989741e-01
0.98,28,1,0.009585,0.001025,0.010609,0.980957,9.989756e-01
0.98,28,2,0.011207,0.001036,0.012244,0.976562,9.989641e-01
0.98,28,3,0.009259,0.001029,0.010287,0.983929,9.989719e-01
0.98,29,1,0.010258,0.001036,0.011294,0.980957,9.989642e-01
0.98,29,2,0.009808,0.001028,0.010836,0.979980,9.989725e-01
0.98,29,3,0.010135,0.001025,0.011160,0.979762,9.989759e-01
0.98,30,1,0.009802,0.001032,0.010834,0.979980,9.989681e-01
0.98,30,2,0.009834,0.001027,0.010861,0.981934,9.989734e-01
0.98,30,3,0.010650,0.001030,0.011681,0.978274,9.989703e-01
0.98,31,1,0.009488,0.001032,0.010520,0.980957,9.989685e-01
0.98,31,2,0.010359,0.001025,0.011384,0.979248,9.989752e-01
0.98,31,3,0.010386,0.001033,0.011419,0.980357,9.989678e-01
0.98,32,1,0.010681,0.001032,0.011714,0.977295,9.989681e-01
0.98,32,2,0.009962,0.001023,0.010984,0.980713,9.989778e-01
0.98,32,3,0.009407,0.001035,0.010442,0.983036,9.989654e-01
0.98,33,1,0.010331,0.001032,0.011362,0.979492,9.989688e-01
0.98,33,2,0.009687,0.001033,0.010720,0.981934,9.989678e-01
0.98,33,3,0.010160,0.001024,0.011184,0.978869,9.989770e-01
0.98,34,1,0.010239,0.001030,0.011269,0.979248,9.989708e-01
0.98,34,2,0.010092,0.001034,0.011126,0.980713,9.989670e-01
0.98,34,3,0.009770,0.001025,0.010795,0.980655,9.989758e-01
0.98,35,1,0.010063,0.001029,0.011092,0.977783,9.989716e-01
0.98,35,2,0.009816,0.001027,0.010843,0.982666,9.989736e-01
0.98,35,3,0.010313,0.001034,0.011347,0.979762,9.989670e-01
0.98,36,1,0.010178,0.001033,0.011211,0.980713,9.989676e-01
0.98,36,2,0.010295,0.001024,0.011319,0.980469,9.989769e-01
0.98,36,3,0.009581,0.001032,0.010613,0.978869,9.989681e-01
0.98,37,1,0.009762,0.001023,0.010785,0.981201,9.989775e-01
0.98,37,2,0.010518,0.001033,0.011551,0.976562,9.989677e-01
0.98,37,3,0.009807,0.001033,0.010840,0.983333,9.989676e-01
0.98,38,1,0.009690,0.001028,0.010717,0.982910,9.989730e-01
0.98,38,2,0.010329,0.001029,0.011358,0.977051,9.989716e-01
0.98,38,3,0.010116,0.001032,0.011148,0.980655,9.989687e-01
0.98,39,1,0.009930,0.001035,0.010965,0.980469,9.989656e-01
0.98,39,2,0.010497,0.001026,0.011523,0.980225,9.989748e-01
0.98,39,3,0.009610,0.001026,0.010636,0.979762,9.989741e-01
0.98,40,1,0.009737,0.001032,0.010769,0.980225,9.989685e-01
0.98,40,2,0.010461,0.001026,0.011486,0.977539,9.989749e-01
0.98,40,3,0.009880,0.001030,0.010910,0.983333,9.989708e-01
0.98,41,1,0.009847,0.001025,0.010873,0.982422,9.989751e-01
0.98,41,2,0.009903,0.001033,0.010937,0.981201,9.989672e-01
0.98,41,3,0.010417,0.001028,0.011445,0.976190,9.989724e-01
0.98,42,1,0.010084,0.001030,0.011114,0.978027,9.989704e-01
0.98,42,2,0.009705,0.001033,0.010739,0.982422,9.989671e-01
0.98,42,3,0.010361,0.001022,0.011383,0.980060,9.989787e-01
0.98,43,1,0.010140,0.001031,0.011171,0.981934,9.989694e-01
0.98,43,2,0.010146,0.001029,0.011174,0.979736,9.989717e-01
0.98,43,3,0.009749,0.001026,0.010775,0.978571,9.989746e-01
0.98,44,1,0.009755,0.001029,0.010783,0.980469,9.989720e-01
0.98,44,2,0.009757,0.001027,0.010785,0.980713,9.989731e-01
0.98,44,3,0.010683,0.001030,0.011714,0.978869,9.989701e-01
0.98,45,1,0.010296,0.001025,0.011321,0.979492,9.989757e-01
0.98,45,2,0.009664,0.001032,0.010696,0.980713,9.989685e-01
0.98,45,3,0.010129,0.001029,0.011158,0.980060,9.989715e-01
0.98,46,1,0.009827,0.001031,0.010858,0.981689,9.989696e-01
0.98,46,2,0.010245,0.001026,0.011271,0.979004,9.989746e-01
0.98,46,3,0.009985,0.001029,0.011014,0.979464,9.989719e-01
0.98,47,1,0.009742,0.001029,0.010771,0.980957,9.989716e-01
0.98,47,2,0.009863,0.001029,0.010891,0.981934,9.989719e-01
0.98,47,3,0.010547,0.001027,0.011575,0.976488,9.989731e-01
0.98,48,1,0.009879,0.001026,0.010906,0.980713,9.989741e-01
0.98,48,2,0.010179,0.001033,0.011213,0.979248,9.989672e-01
0.98,48,3,0.009985,0.001024,0.011010,0.980060,9.989761e-01
0.98,49,1,0.009379,0.001028,0.010407,0.981934,9.989725e-01
0.98,49,2,0.010591,0.001029,0.011620,0.976807,9.989717e-01
0.98,49,3,0.010085,0.001028,0.011113,0.981548,9.989729e-01
0.98,50,1,0.009762,0.001029,0.010791,0.980713,9.989714e-01
0.98,50,2,0.009885,0.001028,0.010914,0.980957,9.989723e-01
0.98,50,3,0.010471,0.001027,0.011498,0.977976,9.989739e-01
0.98,51,1,0.010752,0.001030,0.011782,0.975586,9.989709e-01
0.98,51,2,0.009587,0.001027,0.010614,0.981201,9.989737e-01
0.98,51,3,0.009619,0.001027,0.010647,0.983929,9.989732e-01
0.98,52,1,0.009824,0.001027,0.010851,0.980225,9.989739e-01
0.98,52,2,0.009999,0.001025,0.011024,0.978516,9.989759e-01
0.98,52,3,0.010240,0.001033,0.011274,0.981548,9.989670e-01
0.98,53,1,0.009729,0.001031,0.010761,0.981201,9.989691e-01
0.98,53,2,0.010374,0.001021,0.011395,0.978027,9.989797e-01
0.98,53,3,0.009890,0.001032,0.010922,0.980952,9.989687e-01
0.98,54,1,0.010315,0.001031,0.011346,0.978760,9.989698e-01
0.98,54,2,0.009522,0.001021,0.010544,0.980957,9.989793e-01
0.98,54,3,0.010206,0.001032,0.011238,0.980357,9.989687e-01
0.98,55,1,0.009642,0.001035,0.010678,0.979980,9.989655e-01
0.98,55,2,0.009998,0.001027,0.011025,0.981934,9.989735e-01
0.98,55,3,0.010440,0.001019,0.011459,0.977679,9.989812e-01
0.98,56,1,0.010272,0.001030,0.011302,0.976074,9.989707e-01
0.98,56,2,0.009820,0.001027,0.010847,0.982666,9.989733e-01
0.98,56,3,0.009881,0.001025,0.010906,0.981845,9.989754e-01
0.98,57,1,0.009902,0.001027,0.010930,0.979736,9.989731e-01
0.98,57,2,0.009981,0.001027,0.011008,0.981934,9.989733e-01
0.98,57,3,0.010127,0.001028,0.011155,0.978571,9.989729e-01
0.98,58,1,0.010290,0.001024,0.011314,0.978760,9.989770e-01
0.98,58,2,0.010269,0.001036,0.011304,0.978271,9.989650e-01
0.98,58,3,0.009295,0.001022,0.010317,0.984226,9.989786e-01
0.98,59,1,0.010179,0.001023,0.011202,0.978760,9.989776e-01
0.98,59,2,0.009949,0.001031,0.010980,0.980225,9.989694e-01
0.98,59,3,0.009811,0.001028,0.010839,0.981845,9.989728e-01
0.98,60,1,0.010144,0.001019,0.011163,0.981934,9.989816e-01
0.98,60,2,0.009748,0.001028,0.010776,0.979492,9.989723e-01
0.98,60,3,0.010091,0.001036,0.011127,0.978869,9.989648e-01
0.98,61,1,0.009607,0.001028,0.010635,0.982666,9.989721e-01
0.98,61,2,0.009968,0.001025,0.010992,0.980225,9.989759e-01
0.98,61,3,0.010471,0.001028,0.011499,0.977083,9.989724e-01
0.98,62,1,0.009932,0.001030,0.010963,0.981689,9.989704e-01
0.98,62,2,0.010247,0.001026,0.011274,0.978271,9.989742e-01
0.98,62,3,0.009725,0.001024,0.010749,0.980655,9.989770e-01
0.98,63,1,0.010526,0.001023,0.011550,0.978027,9.989771e-01
0.98,63,2,0.009682,0.001029,0.010710,0.982910,9.989720e-01
0.98,63,3,0.009683,0.001029,0.010711,0.979464,9.989719e-01
0.98,64,1,0.009531,0.001025,0.010556,0.981934,9.989756e-01
0.98,64,2,0.010630,0.001028,0.011658,0.977295,9.989723e-01
0.98,64,3,0.009732,0.001027,0.010759,0.981548,9.989737e-01
0.98,65,1,0.010295,0.001026,0.011321,0.978271,9.989744e-01
0.98,65,2,0.010105,0.001030,0.011135,0.980713,9.989706e-01
0.98,65,3,0.009433,0.001023,0.010456,0.981845,9.989777e-01
0.98,66,1,0.009896,0.001025,0.010921,0.981445,9.989754e-01
0.98,66,2,0.009716,0.001023,0.010738,0.978760,9.989778e-01
0.98,66,3,0.010387,0.001032,0.011419,0.980357,9.989681e-01
0.98,67,1,0.009816,0.001020,0.010836,0.980713,9.989808e-01
0.98,67,2,0.010105,0.001030,0.011135,0.981445,9.989707e-01
0.98,67,3,0.010003,0.001030,0.011033,0.977976,9.989706e-01
0.98,68,1,0.009923,0.001021,0.010944,0.980225,9.989794e-01
0.98,68,2,0.009948,0.001027,0.010975,0.980225,9.989736e-01
0.98,68,3,0.010055,0.001031,0.011087,0.980060,9.989693e-01
0.98,69,1,0.010149,0.001028,0.011177,0.978027,9.989730e-01
0.98,69,2,0.010067,0.001018,0.011086,0.980225,9.989821e-01
0.98,69,3,0.009628,0.001033,0.010661,0.982738,9.989671e-01
0.98,70,1,0.010576,0.001031,0.011607,0.978271,9.989697e-01
0.98,70,2,0.009695,0.001025,0.010720,0.982666,9.989753e-01
0.98,70,3,0.009553,0.001021,0.010574,0.979464,9.989799e-01
0.98,71,1,0.010091,0.001028,0.011119,0.977295,9.989723e-01
0.98,71,2,0.010011,0.001030,0.011042,0.979980,9.989701e-01
0.98,71,3,0.009751,0.001017,0.010768,0.984226,9.989836e-01
0.98,72,1,0.009777,0.001026,0.010803,0.980713,9.989747e-01
0.98,72,2,0.010448,0.001027,0.011475,0.978516,9.989735e-01
0.98,72,3,0.009594,0.001024,0.010617,0.982143,9.989770e-01
0.98,73,1,0.009764,0.001016,0.010780,0.981445,9.989843e-01
0.98,73,2,0.010168,0.001027,0.011195,0.978516,9.989735e-01
0.98,73,3,0.009945,0.001035,0.010980,0.981548,9.989657e-01
0.98,74,1,0.010093,0.001025,0.011118,0.979736,9.989756e-01
0.98,74,2,0.009986,0.001027,0.011013,0.980469,9.989736e-01
0.98,74,3,0.009756,0.001024,0.010780,0.981548,9.989766e-01
0.98,75,1,0.010275,0.001031,0.011306,0.980469,9.989697e-01
0.98,75,2,0.009408,0.001021,0.010429,0.981201,9.989798e-01
0.98,75,3,0.010231,0.001024,0.011255,0.979762,9.989767e-01
0.98,76,1,0.010199,0.001018,0.011217,0.980225,9.989830e-01
0.98,76,2,0.009887,0.001028,0.010916,0.979248,9.989724e-01
0.98,76,3,0.009733,0.001031,0.010763,0.982143,9.989700e-01
0.98,77,1,0.009676,0.001023,0.010699,0.979492,9.989775e-01
0.98,77,2,0.009629,0.001020,0.010649,0.982178,9.989808e-01
0.98,77,3,0.010678,0.001034,0.011712,0.979464,9.989668e-01
0.98,78,1,0.010161,0.001019,0.011180,0.977783,9.989818e-01
0.98,78,2,0.009343,0.001025,0.010368,0.983643,9.989759e-01
0.98,78,3,0.010429,0.001032,0.011461,0.979762,9.989682e-01
0.98,79,1,0.009766,0.001021,0.010787,0.981445,9.989791e-01
0.98,79,2,0.010505,0.001030,0.011535,0.978027,9.989709e-01
0.98,79,3,0.009486,0.001023,0.010509,0.982143,9.989779e-01
0.98,80,1,0.009939,0.001023,0.010963,0.980225,9.989770e-01
0.98,80,2,0.009312,0.001025,0.010337,0.983643,9.989753e-01
0.98,80,3,0.010722,0.001025,0.011747,0.976786,9.989755e-01
0.98,81,1,0.009734,0.001019,0.010753,0.983154,9.989816e-01
0.98,81,2,0.009657,0.001029,0.010686,0.980225,9.989714e-01
0.98,81,3,0.010543,0.001025,0.011569,0.977381,9.989750e-01
0.98,82,1,0.009926,0.001020,0.010946,0.981445,9.989806e-01
0.98,82,2,0.009885,0.001022,0.010907,0.980957,9.989787e-01
0.98,82,3,0.010025,0.001033,0.011057,0.978869,9.989678e-01
0.98,83,1,0.009532,0.001029,0.010561,0.983398,9.989711e-01
0.98,83,2,0.009864,0.001018,0.010882,0.979248,9.989825e-01
0.98,83,3,0.010523,0.001025,0.011548,0.977976,9.989753e-01
0.98,84,1,0.010199,0.001019,0.011218,0.980713,9.989814e-01
0.98,84,2,0.010331,0.001030,0.011361,0.977295,9.989701e-01
0.98,84,3,0.009134,0.001022,0.010156,0.983333,9.989782e-01
0.98,85,1,0.010019,0.001023,0.011043,0.978027,9.989772e-01
0.98,85,2,0.010046,0.001022,0.011067,0.981445,9.989788e-01
0.98,85,3,0.009692,0.001027,0.010720,0.981845,9.989731e-01
0.98,86,1,0.010326,0.001029,0.011355,0.977783,9.989716e-01
0.98,86,2,0.009603,0.001021,0.010624,0.980469,9.989795e-01
0.98,86,3,0.009851,0.001021,0.010872,0.983333,9.989795e-01
0.98,87,1,0.009820,0.001022,0.010842,0.981934,9.989782e-01
0.98,87,2,0.010041,0.001024,0.011065,0.979736,9.989765e-01
0.98,87,3,0.009927,0.001025,0.010952,0.979167,9.989754e-01
0.98,88,1,0.010119,0.001022,0.011141,0.979492,9.989782e-01
0.98,88,2,0.009519,0.001026,0.010545,0.982422,9.989745e-01
0.98,88,3,0.010192,0.001022,0.011214,0.978869,9.989784e-01
0.98,89,1,0.010524,0.001023,0.011547,0.978760,9.989771e-01
0.98,89,2,0.009679,0.001022,0.010701,0.980957,9.989784e-01
0.98,89,3,0.009497,0.001025,0.010522,0.981845,9.989754e-01
0.98,90,1,0.009726,0.001027,0.010753,0.981201,9.989735e-01
0.98,90,2,0.010165,0.001015,0.011181,0.978516,9.989852e-01
0.98,90,3,0.009868,0.001029,0.010897,0.981845,9.989720e-01
0.98,91,1,0.010699,0.001028,0.011727,0.979004,9.989721e-01
0.98,91,2,0.009780,0.001018,0.010798,0.980957,9.989825e-01
0.98,91,3,0.009145,0.001023,0.010168,0.981548,9.989773e-01
0.98,92,1,0.009654,0.001022,0.010676,0.980225,9.989782e-01
0.98,92,2,0.010147,0.001028,0.011175,0.979492,9.989722e-01
0.98,92,3,0.009965,0.001018,0.010982,0.981548,9.989830e-01
0.98,93,1,0.010226,0.001030,0.011256,0.979248,9.989704e-01
0.98,93,2,0.010253,0.001017,0.011270,0.979004,9.989832e-01
0.98,93,3,0.009131,0.001021,0.010152,0.983333,9.989795e-01
0.98,94,1,0.009917,0.001024,0.010941,0.978271,9.989764e-01
0.98,94,2,0.009671,0.001021,0.010692,0.982422,9.989799e-01
0.98,94,3,0.010209,0.001024,0.011233,0.980357,9.989767e-01
0.98,95,1,0.009850,0.001021,0.010871,0.980225,9.989792e-01
0.98,95,2,0.009372,0.001015,0.010387,0.982178,9.989855e-01
0.98,95,3,0.010649,0.001034,0.011683,0.978274,9.989669e-01
0.98,96,1,0.010002,0.001019,0.011021,0.981934,9.989814e-01
0.98,96,2,0.010426,0.001027,0.011453,0.977051,9.989733e-01
0.98,96,3,0.009172,0.001021,0.010193,0.982440,9.989796e-01
0.98,97,1,0.009609,0.001017,0.010627,0.979248,9.989833e-01
0.98,97,2,0.010242,0.001027,0.011269,0.979736,9.989737e-01
0.98,97,3,0.009867,0.001023,0.010891,0.982440,9.989772e-01
0.98,98,1,0.009860,0.001017,0.010877,0.982910,9.989836e-01
0.98,98,2,0.009318,0.001018,0.010335,0.980469,9.989827e-01
0.98,98,3,0.010682,0.001034,0.011716,0.977381,9.989664e-01
0.98,99,1,0.009747,0.001024,0.010771,0.981445,9.989765e-01
0.98,99,2,0.009498,0.001021,0.010518,0.983154,9.989799e-01
0.98,99,3,0.010593,0.001022,0.011614,0.975893,9.989790e-01
0.98,100,1,0.010348,0.001019,0.011367,0.979492,9.989814e-01
0.98,100,2,0.009867,0.001026,0.010893,0.980469,9.989744e-01
0.98,100,3,0.009403,0.001020,0.010423,0.981548,9.989801e-01
0.99,1,1,0.009681,0.000511,0.010193,0.982178,9.994889e-01
0.99,1,2,0.010270,0.000513,0.010783,0.978760,9.994870e-01
0.99,1,3,0.011319,0.000508,0.011827,0.976190,9.994925e-01
0.99,2,1,0.010389,0.000510,0.010900,0.979492,9.994897e-01
0.99,2,2,0.009987,0.000509,0.010497,0.980469,9.994907e-01
0.99,2,3,0.010688,0.000512,0.011201,0.977976,9.994878e-01
0.99,3,1,0.010244,0.000508,0.010752,0.980713,9.994925e-01
0.99,3,2,0.009794,0.000510,0.010304,0.979980,9.994901e-01
0.99,3,3,0.011094,0.000514,0.011608,0.977679,9.994857e-01
0.99,4,1,0.010187,0.000513,0.010700,0.981201,9.994874e-01
0.99,4,2,0.010895,0.000509,0.011404,0.977783,9.994909e-01
0.99,4,3,0.009815,0.000509,0.010324,0.980655,9.994913e-01
0.99,5,1,0.010483,0.000508,0.010991,0.978516,9.994921e-01
0.99,5,2,0.010192,0.000508,0.010700,0.982422,9.994924e-01
0.99,5,3,0.010303,0.000516,0.010819,0.978869,9.994839e-01
0.99,6,1,0.010496,0.000510,0.011007,0.979736,9.994901e-01
0.99,6,2,0.009705,0.000510,0.010215,0.981934,9.994898e-01
0.99,6,3,0.010861,0.000510,0.011372,0.977976,9.994897e-01
0.99,7,1,0.009930,0.000512,0.010442,0.981201,9.994884e-01
0.99,7,2,0.010290,0.000508,0.010798,0.980713,9.994918e-01
0.99,7,3,0.010820,0.000511,0.011331,0.977679,9.994891e-01
0.99,8,1,0.011148,0.000512,0.011661,0.975342,9.994878e-01
0.99,8,2,0.009553,0.000510,0.010063,0.984863,9.994901e-01
0.99,8,3,0.010213,0.000508,0.010721,0.979167,9.994919e-01
0.99,9,1,0.009984,0.000511,0.010494,0.980713,9.994895e-01
0.99,9,2,0.010180,0.000511,0.010691,0.980469,9.994893e-01
0.99,9,3,0.010853,0.000509,0.011362,0.977083,9.994907e-01
0.99,10,1,0.010224,0.000511,0.010735,0.981201,9.994888e-01
0.99,10,2,0.010595,0.000511,0.011106,0.979736,9.994893e-01
0.99,10,3,0.010046,0.000509,0.010554,0.978274,9.994914e-01
0.99,11,1,0.010088,0.000511,0.010599,0.980469,9.994887e-01
0.99,11,2,0.009929,0.000509,0.010438,0.980225,9.994912e-01
0.99,11,3,0.011019,0.000511,0.011531,0.977976,9.994889e-01
0.99,12,1,0.010363,0.000509,0.010872,0.979248,9.994907e-01
0.99,12,2,0.010443,0.000508,0.010951,0.977783,9.994917e-01
0.99,12,3,0.010052,0.000514,0.010567,0.982143,9.994859e-01
0.99,13,1,0.010515,0.000508,0.011023,0.977539,9.994920e-01
0.99,13,2,0.010361,0.000512,0.010873,0.979736,9.994880e-01
0.99,13,3,0.009957,0.000511,0.010469,0.981845,9.994888e-01
0.99,14,1,0.010434,0.000510,0.010944,0.978760,9.994902e-01
0.99,14,2,0.010189,0.000512,0.010701,0.979736,9.994885e-01
0.99,14,3,0.010256,0.000510,0.010765,0.980655,9.994904e-01
0.99,15,1,0.010120,0.000509,0.010628,0.981201,9.994916e-01
0.99,15,2,0.010213,0.000514,0.010726,0.980713,9.994863e-01
0.99,15,3,0.010601,0.000509,0.011110,0.976786,9.994915e-01
0.99,16,1,0.009750,0.000511,0.010261,0.982910,9.994890e-01
0.99,16,2,0.010379,0.000511,0.010890,0.978516,9.994889e-01
0.99,16,3,0.010837,0.000509,0.011346,0.978274,9.994916e-01
0.99,17,1,0.010253,0.000508,0.010761,0.980225,9.994923e-01
0.99,17,2,0.010096,0.000509,0.010605,0.979492,9.994909e-01
0.99,17,3,0.010557,0.000515,0.011072,0.980060,9.994852e-01
0.99,18,1,0.010400,0.000508,0.010908,0.980225,9.994922e-01
0.99,18,2,0.010340,0.000511,0.010851,0.977539,9.994887e-01
0.99,18,3,0.010073,0.000512,0.010585,0.982143,9.994881e-01
0.99,19,1,0.010174,0.000510,0.010684,0.979492,9.994897e-01
0.99,19,2,0.010585,0.000512,0.011097,0.977051,9.994881e-01
0.99,19,3,0.010040,0.000508,0.010548,0.983333,9.994921e-01
0.99,20,1,0.009686,0.000510,0.010196,0.980469,9.994906e-01
0.99,20,2,0.009794,0.000511,0.010304,0.982422,9.994895e-01
0.99,20,3,0.011592,0.000511,0.012103,0.975595,9.994894e-01
0.99,21,1,0.010229,0.000512,0.010741,0.981934,9.994885e-01
0.99,21,2,0.010683,0.000510,0.011192,0.977783,9.994904e-01
0.99,21,3,0.009840,0.000509,0.010349,0.979762,9.994910e-01
0.99,22,1,0.010236,0.000512,0.010748,0.978027,9.994880e-01
0.99,22,2,0.010372,0.000510,0.010883,0.979492,9.994897e-01
0.99,22,3,0.010202,0.000508,0.010710,0.982440,9.994925e-01
0.99,23,1,0.010563,0.000511,0.011073,0.977783,9.994894e-01
0.99,23,2,0.009932,0.000510,0.010441,0.981934,9.994903e-01
0.99,23,3,0.010335,0.000510,0.010845,0.979762,9.994901e-01
0.99,24,1,0.010770,0.000509,0.011280,0.977295,9.994907e-01
0.99,24,2,0.009948,0.000508,0.010456,0.979980,9.994923e-01
0.99,24,3,0.010053,0.000514,0.010567,0.983036,9.994863e-01
0.99,25,1,0.010637,0.000512,0.011149,0.978271,9.994884e-01
0.99,25,2,0.010280,0.000508,0.010788,0.980713,9.994923e-01
0.99,25,3,0.009802,0.000511,0.010313,0.980655,9.994891e-01
0.99,26,1,0.010647,0.000511,0.011158,0.977539,9.994895e-01
0.99,26,2,0.009992,0.000511,0.010503,0.982422,9.994893e-01
0.99,26,3,0.010130,0.000509,0.010639,0.979464,9.994914e-01
0.99,27,1,0.010488,0.000514,0.011001,0.980469,9.994865e-01
0.99,27,2,0.009857,0.000505,0.010362,0.979980,9.994947e-01
0.99,27,3,0.010479,0.000512,0.010990,0.979167,9.994886e-01
0.99,28,1,0.010197,0.000510,0.010706,0.980713,9.994904e-01
0.99,28,2,0.010647,0.000509,0.011156,0.978271,9.994910e-01
0.99,28,3,0.009862,0.000512,0.010374,0.980357,9.994883e-01
0.99,29,1,0.010228,0.000508,0.010736,0.979248,9.994921e-01
0.99,29,2,0.010389,0.000511,0.010900,0.978760,9.994887e-01
0.99,29,3,0.010128,0.000511,0.010639,0.981845,9.994891e-01
0.99,30,1,0.010381,0.000510,0.010891,0.979004,9.994902e-01
0.99,30,2,0.009840,0.000511,0.010351,0.981689,9.994893e-01
0.99,30,3,0.010603,0.000509,0.011113,0.978571,9.994906e-01
0.99,31,1,0.010325,0.000509,0.010834,0.977539,9.994907e-01
0.99,31,2,0.010343,0.000511,0.010854,0.980469,9.994889e-01
0.99,31,3,0.010052,0.000510,0.010561,0.981548,9.994906e-01
0.99,32,1,0.009985,0.000509,0.010494,0.981689,9.994909e-01
0.99,32,2,0.010217,0.000511,0.010728,0.980225,9.994895e-01
0.99,32,3,0.010612,0.000511,0.011122,0.977381,9.994896e-01
0.99,33,1,0.010195,0.000509,0.010704,0.980225,9.994914e-01
0.99,33,2,0.010381,0.000513,0.010893,0.980469,9.994876e-01
0.99,33,3,0.010148,0.000509,0.010657,0.978869,9.994913e-01
0.99,34,1,0.010491,0.000512,0.011003,0.977051,9.994882e-01
0.99,34,2,0.010016,0.000509,0.010525,0.981934,9.994913e-01
0.99,34,3,0.010224,0.000509,0.010734,0.980952,9.994907e-01
0.99,35,1,0.010519,0.000510,0.011029,0.979980,9.994897e-01
0.99,35,2,0.009661,0.000511,0.010172,0.982422,9.994887e-01
0.99,35,3,0.010617,0.000508,0.011125,0.976488,9.994920e-01
0.99,36,1,0.010256,0.000511,0.010767,0.981201,9.994896e-01
0.99,36,2,0.010325,0.000510,0.010835,0.978027,9.994900e-01
0.99,36,3,0.010119,0.000510,0.010629,0.980655,9.994906e-01
0.99,37,1,0.010163,0.000513,0.010676,0.979004,9.994868e-01
0.99,37,2,0.010067,0.000509,0.010575,0.980713,9.994914e-01
0.99,37,3,0.010541,0.000508,0.011048,0.980060,9.994924e-01
0.99,38,1,0.010454,0.000509,0.010963,0.978271,9.994913e-01
0.99,38,2,0.009490,0.000511,0.010001,0.982666,9.994894e-01
0.99,38,3,0.010880,0.000511,0.011391,0.978571,9.994894e-01
0.99,39,1,0.010185,0.000509,0.010694,0.979736,9.994914e-01
0.99,39,2,0.010352,0.000509,0.010861,0.979248,9.994912e-01
0.99,39,3,0.010149,0.000513,0.010663,0.980952,9.994871e-01
0.99,40,1,0.010244,0.000509,0.010753,0.980957,9.994911e-01
0.99,40,2,0.010569,0.000511,0.011080,0.979248,9.994891e-01
0.99,40,3,0.009804,0.000510,0.010314,0.979167,9.994902e-01
0.99,41,1,0.010484,0.000510,0.010994,0.979736,9.994900e-01
0.99,41,2,0.010287,0.000512,0.010799,0.979736,9.994880e-01
0.99,41,3,0.009848,0.000507,0.010355,0.980060,9.994929e-01
0.99,42,1,0.009797,0.000509,0.010306,0.981201,9.994912e-01
0.99,42,2,0.010544,0.000509,0.011053,0.980225,9.994914e-01
0.99,42,3,0.010363,0.000513,0.010876,0.977381,9.994874e-01
0.99,43,1,0.010264,0.000508,0.010772,0.979004,9.994925e-01
0.99,43,2,0.010477,0.000511,0.010989,0.978760,9.994887e-01
0.99,43,3,0.009867,0.000511,0.010378,0.981845,9.994892e-01
0.99,44,1,0.010556,0.000509,0.011065,0.978760,9.994911e-01
0.99,44,2,0.010260,0.000508,0.010769,0.979004,9.994917e-01
0.99,44,3,0.009769,0.000513,0.010282,0.981548,9.994873e-01
0.99,45,1,0.009923,0.000512,0.010435,0.979736,9.994880e-01
0.99,45,2,0.009821,0.000507,0.010327,0.981201,9.994936e-01
0.99,45,3,0.011068,0.000511,0.011580,0.977976,9.994889e-01
0.99,46,1,0.009755,0.000511,0.010266,0.984619,9.994894e-01
0.99,46,2,0.010269,0.000509,0.010777,0.976318,9.994916e-01
0.99,46,3,0.010720,0.000510,0.011230,0.977976,9.994897e-01
0.99,47,1,0.010216,0.000508,0.010724,0.981445,9.994918e-01
0.99,47,2,0.010196,0.000509,0.010705,0.980225,9.994914e-01
0.99,47,3,0.010240,0.000513,0.010753,0.977083,9.994871e-01
0.99,48,1,0.010439,0.000509,0.010948,0.980469,9.994908e-01
0.99,48,2,0.009690,0.000511,0.010201,0.981934,9.994887e-01
0.99,48,3,0.010578,0.000508,0.011087,0.976190,9.994917e-01
0.99,49,1,0.010883,0.000512,0.011395,0.977783,9.994882e-01
0.99,49,2,0.009589,0.000509,0.010098,0.982178,9.994912e-01
0.99,49,3,0.010151,0.000508,0.010660,0.979167,9.994919e-01
0.99,50,1,0.009954,0.000510,0.010464,0.982910,9.994905e-01
0.99,50,2,0.010990,0.000511,0.011500,0.975342,9.994895e-01
0.99,50,3,0.009570,0.000509,0.010079,0.981250,9.994914e-01
0.99,51,1,0.010220,0.000509,0.010729,0.981689,9.994907e-01
0.99,51,2,0.010055,0.000511,0.010566,0.977783,9.994895e-01
0.99,51,3,0.010377,0.000509,0.010886,0.979762,9.994911e-01
0.99,52,1,0.009809,0.000510,0.010318,0.982178,9.994902e-01
0.99,52,2,0.010447,0.000507,0.010954,0.979004,9.994933e-01
0.99,52,3,0.010393,0.000513,0.010906,0.977679,9.994872e-01
0.99,53,1,0.010759,0.000514,0.011273,0.976074,9.994862e-01
0.99,53,2,0.009954,0.000508,0.010462,0.981689,9.994918e-01
0.99,53,3,0.009827,0.000506,0.010333,0.981845,9.994939e-01
0.99,54,1,0.009653,0.000509,0.010163,0.982422,9.994907e-01
0.99,54,2,0.010598,0.000509,0.011107,0.978760,9.994910e-01
0.99,54,3,0.010382,0.000511,0.010892,0.977679,9.994894e-01
0.99,55,1,0.010651,0.000510,0.011161,0.977783,9.994905e-01
0.99,55,2,0.010008,0.000509,0.010517,0.980713,9.994909e-01
0.99,55,3,0.009878,0.000510,0.010388,0.980952,9.994899e-01
0.99,56,1,0.010327,0.000509,0.010836,0.979004,9.994914e-01
0.99,56,2,0.010439,0.000508,0.010947,0.977539,9.994924e-01
0.99,56,3,0.009739,0.000513,0.010252,0.983631,9.994871e-01
0.99,57,1,0.010082,0.000509,0.010591,0.981445,9.994911e-01
0.99,57,2,0.010466,0.000513,0.010979,0.977783,9.994872e-01
0.99,57,3,0.009999,0.000506,0.010505,0.980060,9.994938e-01
0.99,58,1,0.010567,0.000511,0.011078,0.980225,9.994888e-01
0.99,58,2,0.010284,0.000509,0.010793,0.978271,9.994915e-01
0.99,58,3,0.009621,0.000509,0.010130,0.981250,9.994914e-01
0.99,59,1,0.010124,0.000511,0.010635,0.980713,9.994888e-01
0.99,59,2,0.010726,0.000506,0.011232,0.977051,9.994940e-01
0.99,59,3,0.009615,0.000512,0.010127,0.982143,9.994884e-01
0.99,60,1,0.010250,0.000511,0.010761,0.979736,9.994886e-01
0.99,60,2,0.010387,0.000508,0.010895,0.980469,9.994920e-01
0.99,60,3,0.009868,0.000509,0.010377,0.979167,9.994911e-01
0.99,61,1,0.010344,0.000509,0.010853,0.979980,9.994911e-01
0.99,61,2,0.009894,0.000510,0.010404,0.981689,9.994902e-01
0.99,61,3,0.010348,0.000510,0.010857,0.977381,9.994904e-01
0.99,62,1,0.009740,0.000509,0.010249,0.981201,9.994915e-01
0.99,62,2,0.010170,0.000509,0.010679,0.979492,9.994908e-01
0.99,62,3,0.010740,0.000511,0.011251,0.978571,9.994893e-01
0.99,63,1,0.010102,0.000509,0.010611,0.979736,9.994909e-01
0.99,63,2,0.010492,0.000510,0.011002,0.979004,9.994899e-01
0.99,63,3,0.009899,0.000509,0.010408,0.980952,9.994912e-01
0.99,64,1,0.010474,0.000510,0.010984,0.975830,9.994899e-01
0.99,64,2,0.010562,0.000512,0.011074,0.980713,9.994885e-01
0.99,64,3,0.009352,0.000506,0.009858,0.983631,9.994942e-01
0.99,65,1,0.009949,0.000509,0.010458,0.981445,9.994912e-01
0.99,65,2,0.010652,0.000509,0.011161,0.976074,9.994907e-01
0.99,65,3,0.009874,0.000510,0.010385,0.982440,9.994900e-01
0.99,66,1,0.010323,0.000511,0.010834,0.979736,9.994893e-01
0.99,66,2,0.010766,0.000509,0.011275,0.977783,9.994911e-01
0.99,66,3,0.009272,0.000508,0.009780,0.982440,9.994921e-01
0.99,67,1,0.010112,0.000508,0.010620,0.980713,9.994922e-01
0.99,67,2,0.009948,0.000510,0.010458,0.980957,9.994899e-01
0.99,67,3,0.010520,0.000510,0.011030,0.977381,9.994902e-01
0.99,68,1,0.010214,0.000506,0.010720,0.978027,9.994942e-01
0.99,68,2,0.010100,0.000511,0.010611,0.982666,9.994890e-01
0.99,68,3,0.010203,0.000511,0.010715,0.978274,9.994890e-01
0.99,69,1,0.010216,0.000508,0.010724,0.978516,9.994917e-01
0.99,69,2,0.010221,0.000509,0.010729,0.980469,9.994915e-01
0.99,69,3,0.010047,0.000511,0.010558,0.980655,9.994891e-01
0.99,70,1,0.009869,0.000511,0.010380,0.982422,9.994892e-01
0.99,70,2,0.010168,0.000507,0.010675,0.977783,9.994929e-01
0.99,70,3,0.010527,0.000510,0.011037,0.979464,9.994905e-01
0.99,71,1,0.009928,0.000509,0.010437,0.980713,9.994912e-01
0.99,71,2,0.009893,0.000508,0.010402,0.980713,9.994918e-01
0.99,71,3,0.010782,0.000510,0.011292,0.977679,9.994897e-01
0.99,72,1,0.010345,0.000509,0.010854,0.980469,9.994909e-01
0.99,72,2,0.010185,0.000510,0.010695,0.979248,9.994901e-01
0.99,72,3,0.009912,0.000508,0.010420,0.979762,9.994922e-01
0.99,73,1,0.009982,0.000509,0.010492,0.979980,9.994907e-01
0.99,73,2,0.009675,0.000509,0.010184,0.981689,9.994907e-01
0.99,73,3,0.010968,0.000508,0.011477,0.977381,9.994919e-01
0.99,74,1,0.010239,0.000508,0.010747,0.980469,9.994926e-01
0.99,74,2,0.009927,0.000509,0.010436,0.980225,9.994916e-01
0.99,74,3,0.010341,0.000512,0.010852,0.978571,9.994886e-01
0.99,75,1,0.010640,0.000509,0.011148,0.977295,9.994914e-01
0.99,75,2,0.010222,0.000511,0.010733,0.978760,9.994888e-01
0.99,75,3,0.009486,0.000507,0.009992,0.984226,9.994935e-01
0.99,76,1,0.010024,0.000508,0.010532,0.979004,9.994924e-01
0.99,76,2,0.010429,0.000510,0.010940,0.977295,9.994897e-01
0.99,76,3,0.009976,0.000509,0.010485,0.983929,9.994913e-01
0.99,77,1,0.009963,0.000506,0.010469,0.980225,9.994942e-01
0.99,77,2,0.010419,0.000511,0.010930,0.979004,9.994891e-01
0.99,77,3,0.010056,0.000510,0.010567,0.980357,9.994900e-01
0.99,78,1,0.010697,0.000510,0.011207,0.975830,9.994899e-01
0.99,78,2,0.009040,0.000508,0.009548,0.984131,9.994922e-01
0.99,78,3,0.010836,0.000509,0.011344,0.979464,9.994916e-01
0.99,79,1,0.010661,0.000509,0.011169,0.978516,9.994914e-01
0.99,79,2,0.009809,0.000508,0.010318,0.979980,9.994917e-01
0.99,79,3,0.009935,0.000510,0.010444,0.981250,9.994904e-01
0.99,80,1,0.009805,0.000508,0.010313,0.981201,9.994923e-01
0.99,80,2,0.010199,0.000511,0.010710,0.979492,9.994889e-01
0.99,80,3,0.010498,0.000507,0.011005,0.978571,9.994929e-01
0.99,81,1,0.009962,0.000509,0.010471,0.979492,9.994911e-01
0.99,81,2,0.010182,0.000507,0.010690,0.981934,9.994930e-01
0.99,81,3,0.010317,0.000511,0.010828,0.977679,9.994894e-01
0.99,82,1,0.009688,0.000506,0.010195,0.982178,9.994938e-01
0.99,82,2,0.009672,0.000508,0.010180,0.981934,9.994921e-01
0.99,82,3,0.011267,0.000513,0.011780,0.974107,9.994873e-01
0.99,83,1,0.009928,0.000509,0.010437,0.980469,9.994912e-01
0.99,83,2,0.010654,0.000510,0.011164,0.978760,9.994902e-01
0.99,83,3,0.009770,0.000507,0.010277,0.980060,9.994930e-01
0.99,84,1,0.010734,0.000511,0.011245,0.976807,9.994890e-01
0.99,84,2,0.009652,0.000509,0.010161,0.982422,9.994907e-01
0.99,84,3,0.010002,0.000505,0.010507,0.980060,9.994951e-01
0.99,85,1,0.010077,0.000509,0.010587,0.980957,9.994907e-01
0.99,85,2,0.010366,0.000511,0.010877,0.978027,9.994893e-01
0.99,85,3,0.009925,0.000505,0.010430,0.980357,9.994948e-01
0.99,86,1,0.009833,0.000506,0.010340,0.979736,9.994938e-01
0.99,86,2,0.010129,0.000509,0.010638,0.979736,9.994907e-01
0.99,86,3,0.010505,0.000511,0.011015,0.979762,9.994894e-01
0.99,87,1,0.009819,0.000510,0.010329,0.981201,9.994904e-01
0.99,87,2,0.010495,0.000508,0.011003,0.978027,9.994925e-01
0.99,87,3,0.010068,0.000509,0.010577,0.980060,9.994915e-01
0.99,88,1,0.009714,0.000506,0.010220,0.980957,9.994940e-01
0.99,88,2,0.010458,0.000509,0.010967,0.978271,9.994912e-01
0.99,88,3,0.010236,0.000511,0.010747,0.980060,9.994888e-01
0.99,89,1,0.009613,0.000505,0.010119,0.981689,9.994947e-01
0.99,89,2,0.010347,0.000510,0.010857,0.979980,9.994901e-01
0.99,89,3,0.010487,0.000511,0.010997,0.976786,9.994893e-01
0.99,90,1,0.010181,0.000507,0.010688,0.978516,9.994931e-01
0.99,90,2,0.009944,0.000510,0.010454,0.980469,9.994905e-01
0.99,90,3,0.010279,0.000509,0.010788,0.980060,9.994909e-01
0.99,91,1,0.010172,0.000507,0.010678,0.979248,9.994934e-01
0.99,91,2,0.009602,0.000510,0.010112,0.981689,9.994900e-01
0.99,91,3,0.010701,0.000509,0.011210,0.977976,9.994913e-01
0.99,92,1,0.010920,0.000513,0.011433,0.977295,9.994872e-01
0.99,92,2,0.009527,0.000503,0.010030,0.980713,9.994970e-01
0.99,92,3,0.009873,0.000510,0.010383,0.981548,9.994904e-01
0.99,93,1,0.010532,0.000505,0.011037,0.976318,9.994951e-01
0.99,93,2,0.009859,0.000511,0.010370,0.982178,9.994890e-01
0.99,93,3,0.009935,0.000509,0.010444,0.980952,9.994906e-01
0.99,94,1,0.010348,0.000509,0.010857,0.979736,9.994912e-01
0.99,94,2,0.009888,0.000510,0.010397,0.981445,9.994906e-01
0.99,94,3,0.010117,0.000507,0.010623,0.977976,9.994935e-01
0.99,95,1,0.010468,0.000509,0.010977,0.977051,9.994915e-01
0.99,95,2,0.009746,0.000509,0.010255,0.981689,9.994910e-01
0.99,95,3,0.010137,0.000507,0.010644,0.980952,9.994927e-01
0.99,96,1,0.010447,0.000510,0.010957,0.978760,9.994901e-01
0.99,96,2,0.009889,0.000505,0.010394,0.979248,9.994951e-01
0.99,96,3,0.009981,0.000511,0.010491,0.981548,9.994895e-01
0.99,97,1,0.010010,0.000511,0.010520,0.979736,9.994896e-01
0.99,97,2,0.009728,0.000507,0.010235,0.981934,9.994926e-01
0.99,97,3,0.010704,0.000507,0.011211,0.977083,9.994933e-01
0.99,98,1,0.009642,0.000509,0.010151,0.982910,9.994911e-01
0.99,98,2,0.010567,0.000507,0.011074,0.977051,9.994929e-01
0.99,98,3,0.010122,0.000509,0.010631,0.979167,9.994914e-01
0.99,99,1,0.009624,0.000509,0.010133,0.980713,9.994915e-01
0.99,99,2,0.010691,0.000505,0.011196,0.978027,9.994946e-01
0.99,99,3,0.009987,0.000511,0.010498,0.980952,9.994889e-01
0.99,100,1,0.010425,0.000507,0.010932,0.978271,9.994936e-01
0.99,100,2,0.009828,0.000511,0.010339,0.980957,9.994894e-01
0.99,100,3,0.010055,0.000507,0.010563,0.980357,9.994928e-01
1.0,1,1,0.011203,0.000000,0.011203,0.977539,1.000000e+00
1.0,1,2,0.009845,0.000000,0.009845,0.981201,1.000000e+00
1.0,1,3,0.010792,0.000000,0.010792,0.977381,1.000000e+00
1.0,2,1,0.010668,0.000000,0.010668,0.977539,1.000000e+00
1.0,2,2,0.010383,0.000000,0.010383,0.980713,1.000000e+00
1.0,2,3,0.010693,0.000000,0.010693,0.980060,1.000000e+00
1.0,3,1,0.010729,0.000000,0.010729,0.978516,1.000000e+00
1.0,3,2,0.010425,0.000000,0.010425,0.979980,1.000000e+00
1.0,3,3,0.010553,0.000000,0.010553,0.979464,1.000000e+00
1.0,4,1,0.010146,0.000000,0.010146,0.978760,1.000000e+00
1.0,4,2,0.010968,0.000000,0.010968,0.978516,1.000000e+00
1.0,4,3,0.010599,0.000000,0.010599,0.981845,1.000000e+00
1.0,5,1,0.010504,0.000000,0.010504,0.979492,1.000000e+00
1.0,5,2,0.010896,0.000000,0.010896,0.978760,1.000000e+00
1.0,5,3,0.010234,0.000000,0.010234,0.980655,1.000000e+00
1.0,6,1,0.009761,0.000000,0.009761,0.982178,1.000000e+00
1.0,6,2,0.010659,0.000000,0.010659,0.979004,1.000000e+00
1.0,6,3,0.011402,0.000000,0.011402,0.976786,1.000000e+00
1.0,7,1,0.010818,0.000000,0.010818,0.979492,1.000000e+00
1.0,7,2,0.010263,0.000000,0.010263,0.979248,1.000000e+00
1.0,7,3,0.010580,0.000000,0.010580,0.979464,1.000000e+00
1.0,8,1,0.009748,0.000000,0.009748,0.982910,1.000000e+00
1.0,8,2,0.011063,0.000000,0.011063,0.979004,1.000000e+00
1.0,8,3,0.010886,0.000000,0.010886,0.975893,1.000000e+00
1.0,9,1,0.010334,0.000000,0.010334,0.979248,1.000000e+00
1.0,9,2,0.010437,0.000000,0.010437,0.982666,1.000000e+00
1.0,9,3,0.010928,0.000000,0.010928,0.975893,1.000000e+00
1.0,10,1,0.010588,0.000000,0.010588,0.979004,1.000000e+00
1.0,10,2,0.010619,0.000000,0.010619,0.979492,1.000000e+00
1.0,10,3,0.010390,0.000000,0.010390,0.980060,1.000000e+00
1.0,11,1,0.010671,0.000000,0.010671,0.981201,1.000000e+00
1.0,11,2,0.010071,0.000000,0.010071,0.980225,1.000000e+00
1.0,11,3,0.010950,0.000000,0.010950,0.976488,1.000000e+00
1.0,12,1,0.010826,0.000000,0.010826,0.978027,1.000000e+00
1.0,12,2,0.010395,0.000000,0.010395,0.979492,1.000000e+00
1.0,12,3,0.010359,0.000000,0.010359,0.981250,1.000000e+00
1.0,13,1,0.010081,0.000000,0.010081,0.979980,1.000000e+00
1.0,13,2,0.010880,0.000000,0.010880,0.979492,1.000000e+00
1.0,13,3,0.010664,0.000000,0.010664,0.979464,1.000000e+00
1.0,14,1,0.010581,0.000000,0.010581,0.979736,1.000000e+00
1.0,14,2,0.010496,0.000000,0.010496,0.980469,1.000000e+00
1.0,14,3,0.010510,0.000000,0.010510,0.978869,1.000000e+00
1.0,15,1,0.010996,0.000000,0.010996,0.978760,1.000000e+00
1.0,15,2,0.010516,0.000000,0.010516,0.978271,1.000000e+00
1.0,15,3,0.009972,0.000000,0.009972,0.982440,1.000000e+00
1.0,16,1,0.010317,0.000000,0.010317,0.979248,1.000000e+00
1.0,16,2,0.010359,0.000000,0.010359,0.980225,1.000000e+00
1.0,16,3,0.010975,0.000000,0.010975,0.979464,1.000000e+00
1.0,17,1,0.010404,0.000000,0.010404,0.979004,1.000000e+00
1.0,17,2,0.010380,0.000000,0.010380,0.980469,1.000000e+00
1.0,17,3,0.010832,0.000000,0.010832,0.979167,1.000000e+00
1.0,18,1,0.010913,0.000000,0.010913,0.979004,1.000000e+00
1.0,18,2,0.010318,0.000000,0.010318,0.979980,1.000000e+00
1.0,18,3,0.010280,0.000000,0.010280,0.979464,1.000000e+00
1.0,19,1,0.010893,0.000000,0.010893,0.978760,1.000000e+00
1.0,19,2,0.010635,0.000000,0.010635,0.979980,1.000000e+00
1.0,19,3,0.009911,0.000000,0.009911,0.979167,1.000000e+00
1.0,20,1,0.010171,0.000000,0.010171,0.981689,1.000000e+00
1.0,20,2,0.010550,0.000000,0.010550,0.979248,1.000000e+00
1.0,20,3,0.010889,0.000000,0.010889,0.976488,1.000000e+00
1.0,21,1,0.010716,0.000000,0.010716,0.977295,1.000000e+00
1.0,21,2,0.010119,0.000000,0.010119,0.980225,1.000000e+00
1.0,21,3,0.010742,0.000000,0.010742,0.980655,1.000000e+00
1.0,22,1,0.010372,0.000000,0.010372,0.981445,1.000000e+00
1.0,22,2,0.010479,0.000000,0.010479,0.979492,1.000000e+00
1.0,22,3,0.010715,0.000000,0.010715,0.976190,1.000000e+00
1.0,23,1,0.010273,0.000000,0.010273,0.981934,1.000000e+00
1.0,23,2,0.010474,0.000000,0.010474,0.979248,1.000000e+00
1.0,23,3,0.010832,0.000000,0.010832,0.976190,1.000000e+00
1.0,24,1,0.010375,0.000000,0.010375,0.977295,1.000000e+00
1.0,24,2,0.010857,0.000000,0.010857,0.980957,1.000000e+00
1.0,24,3,0.010233,0.000000,0.010233,0.979762,1.000000e+00
1.0,25,1,0.010403,0.000000,0.010403,0.980713,1.000000e+00
1.0,25,2,0.010623,0.000000,0.010623,0.979492,1.000000e+00
1.0,25,3,0.010473,0.000000,0.010473,0.977679,1.000000e+00
1.0,26,1,0.010498,0.000000,0.010498,0.979004,1.000000e+00
1.0,26,2,0.010564,0.000000,0.010564,0.979492,1.000000e+00
1.0,26,3,0.010419,0.000000,0.010419,0.979762,1.000000e+00
1.0,27,1,0.010202,0.000000,0.010202,0.981934,1.000000e+00
1.0,27,2,0.010828,0.000000,0.010828,0.977295,1.000000e+00
1.0,27,3,0.010448,0.000000,0.010448,0.979167,1.000000e+00
1.0,28,1,0.010534,0.000000,0.010534,0.978271,1.000000e+00
1.0,28,2,0.010767,0.000000,0.010767,0.978516,1.000000e+00
1.0,28,3,0.010108,0.000000,0.010108,0.982738,1.000000e+00
1.0,29,1,0.010303,0.000000,0.010303,0.980957,1.000000e+00
1.0,29,2,0.009765,0.000000,0.009765,0.982178,1.000000e+00
1.0,29,3,0.011604,0.000000,0.011604,0.975000,1.000000e+00
1.0,30,1,0.011034,0.000000,0.011034,0.975830,1.000000e+00
1.0,30,2,0.010243,0.000000,0.010243,0.980469,1.000000e+00
1.0,30,3,0.010120,0.000000,0.010120,0.983036,1.000000e+00
1.0,31,1,0.010517,0.000000,0.010517,0.979004,1.000000e+00
1.0,31,2,0.010871,0.000000,0.010871,0.977783,1.000000e+00
1.0,31,3,0.009981,0.000000,0.009981,0.982440,1.000000e+00
1.0,32,1,0.011030,0.000000,0.011030,0.977051,1.000000e+00
1.0,32,2,0.010526,0.000000,0.010526,0.979492,1.000000e+00
1.0,32,3,0.009768,0.000000,0.009768,0.982143,1.000000e+00
1.0,33,1,0.010791,-0.000000,0.010791,0.978027,1.000000e+00
1.0,33,2,0.010207,-0.000000,0.010207,0.980225,1.000000e+00
1.0,33,3,0.010439,-0.000000,0.010439,0.980060,1.000000e+00
1.0,34,1,0.010148,-0.000000,0.010148,0.979248,1.000000e+00
1.0,34,2,0.010648,-0.000000,0.010648,0.979736,1.000000e+00
1.0,34,3,0.010677,-0.000000,0.010677,0.979464,1.000000e+00
1.0,35,1,0.010247,-0.000000,0.010247,0.981689,1.000000e+00
1.0,35,2,0.011113,-0.000000,0.011113,0.975830,1.000000e+00
1.0,35,3,0.009982,-0.000000,0.009982,0.981548,1.000000e+00
1.0,36,1,0.010741,-0.000000,0.010741,0.980713,1.000000e+00
1.0,36,2,0.010167,-0.000000,0.010167,0.980713,1.000000e+00
1.0,36,3,0.010525,-0.000000,0.010525,0.976786,1.000000e+00
1.0,37,1,0.010819,-0.000000,0.010819,0.977051,1.000000e+00
1.0,37,2,0.010396,-0.000000,0.010396,0.980957,1.000000e+00
1.0,37,3,0.010141,-0.000000,0.010141,0.980655,1.000000e+00
1.0,38,1,0.010190,-0.000000,0.010190,0.980469,1.000000e+00
1.0,38,2,0.010686,-0.000000,0.010686,0.978760,1.000000e+00
1.0,38,3,0.010546,-0.000000,0.010546,0.979167,1.000000e+00
1.0,39,1,0.010787,-0.000000,0.010787,0.979980,1.000000e+00
1.0,39,2,0.010484,-0.000000,0.010484,0.978760,1.000000e+00
1.0,39,3,0.010059,-0.000000,0.010059,0.980060,1.000000e+00
1.0,40,1,0.010430,-0.000000,0.010430,0.979004,1.000000e+00
1.0,40,2,0.010915,-0.000000,0.010915,0.978760,1.000000e+00
1.0,40,3,0.009958,-0.000000,0.009958,0.981548,1.000000e+00
1.0,41,1,0.010456,-0.000000,0.010456,0.981934,1.000000e+00
1.0,41,2,0.010605,-0.000000,0.010605,0.977783,1.000000e+00
1.0,41,3,0.010297,-0.000000,0.010297,0.978869,1.000000e+00
1.0,42,1,0.010673,-0.000000,0.010673,0.978760,1.000000e+00
1.0,42,2,0.010739,-0.000000,0.010739,0.977783,1.000000e+00
1.0,42,3,0.009860,-0.000000,0.009860,0.982440,1.000000e+00
1.0,43,1,0.010425,-0.000000,0.010425,0.979980,1.000000e+00
1.0,43,2,0.010321,-0.000000,0.010321,0.980225,1.000000e+00
1.0,43,3,0.010665,-0.000000,0.010665,0.977976,1.000000e+00
1.0,44,1,0.010546,-0.000000,0.010546,0.979004,1.000000e+00
1.0,44,2,0.009979,-0.000000,0.009979,0.983154,1.000000e+00
1.0,44,3,0.010927,-0.000000,0.010927,0.975893,1.000000e+00
1.0,45,1,0.010508,-0.000000,0.010508,0.978516,1.000000e+00
1.0,45,2,0.010417,-0.000000,0.010417,0.980713,1.000000e+00
1.0,45,3,0.010432,-0.000000,0.010432,0.979464,1.000000e+00
1.0,46,1,0.010323,-0.000000,0.010323,0.980713,1.000000e+00
1.0,46,2,0.010460,-0.000000,0.010460,0.978027,1.000000e+00
1.0,46,3,0.010598,-0.000000,0.010598,0.979762,1.000000e+00
1.0,47,1,0.010851,-0.000000,0.010851,0.979492,1.000000e+00
1.0,47,2,0.010206,-0.000000,0.010206,0.978271,1.000000e+00
1.0,47,3,0.010256,-0.000000,0.010256,0.980952,1.000000e+00
1.0,48,1,0.010030,-0.000000,0.010030,0.982178,1.000000e+00
1.0,48,2,0.010074,-0.000000,0.010074,0.982178,1.000000e+00
1.0,48,3,0.011411,-0.000000,0.011411,0.972917,1.000000e+00
1.0,49,1,0.010235,-0.000000,0.010235,0.981201,1.000000e+00
1.0,49,2,0.010607,-0.000000,0.010607,0.980469,1.000000e+00
1.0,49,3,0.010502,-0.000000,0.010502,0.976488,1.000000e+00
1.0,50,1,0.010788,-0.000000,0.010788,0.977783,1.000000e+00
1.0,50,2,0.010467,-0.000000,0.010467,0.980469,1.000000e+00
1.0,50,3,0.009991,-0.000000,0.009991,0.980655,1.000000e+00
1.0,51,1,0.010100,-0.000000,0.010100,0.979980,1.000000e+00
1.0,51,2,0.010873,-0.000000,0.010873,0.979004,1.000000e+00
1.0,51,3,0.010328,-0.000000,0.010328,0.979762,1.000000e+00
1.0,52,1,0.010606,-0.000000,0.010606,0.979736,1.000000e+00
1.0,52,2,0.010884,-0.000000,0.010884,0.978271,1.000000e+00
1.0,52,3,0.009690,-0.000000,0.009690,0.980655,1.000000e+00
1.0,53,1,0.009837,-0.000000,0.009837,0.980713,1.000000e+00
1.0,53,2,0.010124,-0.000000,0.010124,0.981689,1.000000e+00
1.0,53,3,0.011546,-0.000000,0.011546,0.975298,1.000000e+00
1.0,54,1,0.010916,-0.000000,0.010916,0.975830,1.000000e+00
1.0,54,2,0.010035,-0.000000,0.010035,0.982178,1.000000e+00
1.0,54,3,0.010331,-0.000000,0.010331,0.980952,1.000000e+00
1.0,55,1,0.010456,-0.000000,0.010456,0.978271,1.000000e+00
1.0,55,2,0.009990,-0.000000,0.009990,0.982178,1.000000e+00
1.0,55,3,0.010939,-0.000000,0.010939,0.978571,1.000000e+00
1.0,56,1,0.010308,-0.000000,0.010308,0.979248,1.000000e+00
1.0,56,2,0.010928,-0.000000,0.010928,0.977783,1.000000e+00
1.0,56,3,0.009967,-0.000000,0.009967,0.982440,1.000000e+00
1.0,57,1,0.010442,-0.000000,0.010442,0.980225,1.000000e+00
1.0,57,2,0.010070,-0.000000,0.010070,0.982666,1.000000e+00
1.0,57,3,0.010844,-0.000000,0.010844,0.975298,1.000000e+00
1.0,58,1,0.010163,-0.000000,0.010163,0.980225,1.000000e+00
1.0,58,2,0.010592,-0.000000,0.010592,0.978760,1.000000e+00
1.0,58,3,0.010541,-0.000000,0.010541,0.980060,1.000000e+00
1.0,59,1,0.009625,-0.000000,0.009625,0.983643,1.000000e+00
1.0,59,2,0.010593,-0.000000,0.010593,0.979492,1.000000e+00
1.0,59,3,0.011187,-0.000000,0.011187,0.975000,1.000000e+00
1.0,60,1,0.010784,-0.000000,0.010784,0.978271,1.000000e+00
1.0,60,2,0.010743,-0.000000,0.010743,0.977051,1.000000e+00
1.0,60,3,0.009584,-0.000000,0.009584,0.984524,1.000000e+00
1.0,61,1,0.009974,-0.000000,0.009974,0.981689,1.000000e+00
1.0,61,2,0.010595,-0.000000,0.010595,0.979004,1.000000e+00
1.0,61,3,0.010745,-0.000000,0.010745,0.977976,1.000000e+00
1.0,62,1,0.010232,-0.000000,0.010232,0.979492,1.000000e+00
1.0,62,2,0.010827,-0.000000,0.010827,0.978760,1.000000e+00
1.0,62,3,0.010140,-0.000000,0.010140,0.980952,1.000000e+00
1.0,63,1,0.010686,-0.000000,0.010686,0.979736,1.000000e+00
1.0,63,2,0.010676,-0.000000,0.010676,0.976562,1.000000e+00
1.0,63,3,0.009763,-0.000000,0.009763,0.983333,1.000000e+00
1.0,64,1,0.009689,-0.000000,0.009689,0.982178,1.000000e+00
1.0,64,2,0.010820,-0.000000,0.010820,0.978027,1.000000e+00
1.0,64,3,0.010795,-0.000000,0.010795,0.978274,1.000000e+00
1.0,65,1,0.010399,-0.000000,0.010399,0.981201,1.000000e+00
1.0,65,2,0.010519,-0.000000,0.010519,0.978760,1.000000e+00
1.0,65,3,0.010290,-0.000000,0.010290,0.979167,1.000000e+00
1.0,66,1,0.009836,-0.000000,0.009836,0.982666,1.000000e+00
1.0,66,2,0.010534,-0.000000,0.010534,0.978027,1.000000e+00
1.0,66,3,0.010950,-0.000000,0.010950,0.978274,1.000000e+00
1.0,67,1,0.010381,-0.000000,0.010381,0.980957,1.000000e+00
1.0,67,2,0.010093,-0.000000,0.010093,0.979248,1.000000e+00
1.0,67,3,0.010818,-0.000000,0.010818,0.979167,1.000000e+00
1.0,68,1,0.010462,-0.000000,0.010462,0.979492,1.000000e+00
1.0,68,2,0.010211,-0.000000,0.010211,0.979980,1.000000e+00
1.0,68,3,0.010566,-0.000000,0.010566,0.979167,1.000000e+00
1.0,69,1,0.010009,-0.000000,0.010009,0.981445,1.000000e+00
1.0,69,2,0.010751,-0.000000,0.010751,0.977783,1.000000e+00
1.0,69,3,0.010453,-0.000000,0.010453,0.979464,1.000000e+00
1.0,70,1,0.011255,-0.000000,0.011255,0.975586,1.000000e+00
1.0,70,2,0.009437,-0.000000,0.009437,0.982666,1.000000e+00
1.0,70,3,0.010529,-0.000000,0.010529,0.980357,1.000000e+00
1.0,71,1,0.010333,-0.000000,0.010333,0.979004,1.000000e+00
1.0,71,2,0.010664,-0.000000,0.010664,0.979248,1.000000e+00
1.0,71,3,0.010149,-0.000000,0.010149,0.980060,1.000000e+00
1.0,72,1,0.010524,-0.000000,0.010524,0.976562,1.000000e+00
1.0,72,2,0.010365,-0.000000,0.010365,0.980469,1.000000e+00
1.0,72,3,0.010273,-0.000000,0.010273,0.981548,1.000000e+00
1.0,73,1,0.010237,-0.000000,0.010237,0.980713,1.000000e+00
1.0,73,2,0.010649,-0.000000,0.010649,0.978516,1.000000e+00
1.0,73,3,0.010270,-0.000000,0.010270,0.978869,1.000000e+00
1.0,74,1,0.010072,-0.000000,0.010072,0.981201,1.000000e+00
1.0,74,2,0.010696,-0.000000,0.010696,0.979736,1.000000e+00
1.0,74,3,0.010407,-0.000000,0.010407,0.977083,1.000000e+00
1.0,75,1,0.010247,-0.000000,0.010247,0.980469,1.000000e+00
1.0,75,2,0.010767,-0.000000,0.010767,0.975830,1.000000e+00
1.0,75,3,0.010099,-0.000000,0.010099,0.982738,1.000000e+00
1.0,76,1,0.010187,-0.000000,0.010187,0.980957,1.000000e+00
1.0,76,2,0.010742,-0.000000,0.010742,0.977539,1.000000e+00
1.0,76,3,0.010197,-0.000000,0.010197,0.980060,1.000000e+00
1.0,77,1,0.009780,-0.000000,0.009780,0.983887,1.000000e+00
1.0,77,2,0.010575,-0.000000,0.010575,0.978271,1.000000e+00
1.0,77,3,0.010889,-0.000000,0.010889,0.975893,1.000000e+00
1.0,78,1,0.010313,-0.000000,0.010313,0.979248,1.000000e+00
1.0,78,2,0.010351,-0.000000,0.010351,0.978271,1.000000e+00
1.0,78,3,0.010505,-0.000000,0.010505,0.981548,1.000000e+00
1.0,79,1,0.010683,-0.000000,0.010683,0.978760,1.000000e+00
1.0,79,2,0.010446,-0.000000,0.010446,0.979492,1.000000e+00
1.0,79,3,0.009932,-0.000000,0.009932,0.980952,1.000000e+00
1.0,80,1,0.010107,-0.000000,0.010107,0.980225,1.000000e+00
1.0,80,2,0.010151,-0.000000,0.010151,0.980713,1.000000e+00
1.0,80,3,0.010985,-0.000000,0.010985,0.977976,1.000000e+00
1.0,81,1,0.010642,-0.000000,0.010642,0.977539,1.000000e+00
1.0,81,2,0.009644,-0.000000,0.009644,0.983887,1.000000e+00
1.0,81,3,0.010944,-0.000000,0.010944,0.977381,1.000000e+00
1.0,82,1,0.009801,-0.000000,0.009801,0.980957,1.000000e+00
1.0,82,2,0.010772,-0.000000,0.010772,0.979736,1.000000e+00
1.0,82,3,0.010587,-0.000000,0.010587,0.978274,1.000000e+00
1.0,83,1,0.010700,-0.000000,0.010700,0.978271,1.000000e+00
1.0,83,2,0.009986,-0.000000,0.009986,0.980957,1.000000e+00
1.0,83,3,0.010441,-0.000000,0.010441,0.980060,1.000000e+00
1.0,84,1,0.011120,-0.000000,0.011120,0.977783,1.000000e+00
1.0,84,2,0.009916,-0.000000,0.009916,0.980957,1.000000e+00
1.0,84,3,0.010009,-0.000000,0.010009,0.980655,1.000000e+00
1.0,85,1,0.011036,-0.000000,0.011036,0.978760,1.000000e+00
1.0,85,2,0.010122,-0.000000,0.010122,0.977783,1.000000e+00
1.0,85,3,0.009854,-0.000000,0.009854,0.983333,1.000000e+00
1.0,86,1,0.010524,-0.000000,0.010524,0.979492,1.000000e+00
1.0,86,2,0.010336,-0.000000,0.010336,0.978516,1.000000e+00
1.0,86,3,0.010209,-0.000000,0.010209,0.981548,1.000000e+00
1.0,87,1,0.010869,-0.000000,0.010869,0.976807,1.000000e+00
1.0,87,2,0.010235,-0.000000,0.010235,0.980957,1.000000e+00
1.0,87,3,0.009905,-0.000000,0.009905,0.982143,1.000000e+00
1.0,88,1,0.010034,-0.000000,0.010034,0.981445,1.000000e+00
1.0,88,2,0.011408,-0.000000,0.011408,0.975342,1.000000e+00
1.0,88,3,0.009487,-0.000000,0.009487,0.983333,1.000000e+00
1.0,89,1,0.010156,-0.000000,0.010156,0.981445,1.000000e+00
1.0,89,2,0.010554,-0.000000,0.010554,0.978271,1.000000e+00
1.0,89,3,0.010372,-0.000000,0.010372,0.979762,1.000000e+00
1.0,90,1,0.010263,-0.000000,0.010263,0.980469,1.000000e+00
1.0,90,2,0.010801,-0.000000,0.010801,0.978760,1.000000e+00
1.0,90,3,0.009933,-0.000000,0.009933,0.980357,1.000000e+00
1.0,91,1,0.010975,-0.000000,0.010975,0.977051,1.000000e+00
1.0,91,2,0.010484,-0.000000,0.010484,0.979492,1.000000e+00
1.0,91,3,0.009445,-0.000000,0.009445,0.983631,1.000000e+00
1.0,92,1,0.010499,-0.000000,0.010499,0.979004,1.000000e+00
1.0,92,2,0.010065,-0.000000,0.010065,0.980713,1.000000e+00
1.0,92,3,0.010528,-0.000000,0.010528,0.979762,1.000000e+00
1.0,93,1,0.009907,-0.000000,0.009907,0.982666,1.000000e+00
1.0,93,2,0.010770,-0.000000,0.010770,0.979004,1.000000e+00
1.0,93,3,0.010385,-0.000000,0.010385,0.977381,1.000000e+00
1.0,94,1,0.009906,-0.000000,0.009906,0.980713,1.000000e+00
1.0,94,2,0.010094,-0.000000,0.010094,0.981201,1.000000e+00
1.0,94,3,0.011203,-0.000000,0.011203,0.976786,1.000000e+00
1.0,95,1,0.010170,-0.000000,0.010170,0.981201,1.000000e+00
1.0,95,2,0.010725,-0.000000,0.010725,0.977539,1.000000e+00
1.0,95,3,0.010105,-0.000000,0.010105,0.980655,1.000000e+00
1.0,96,1,0.010160,-0.000000,0.010160,0.980225,1.000000e+00
1.0,96,2,0.010814,-0.000000,0.010814,0.978271,1.000000e+00
1.0,96,3,0.010002,-0.000000,0.010002,0.981250,1.000000e+00
1.0,97,1,0.010233,-0.000000,0.010233,0.982178,1.000000e+00
1.0,97,2,0.010385,-0.000000,0.010385,0.979248,1.000000e+00
1.0,97,3,0.010428,-0.000000,0.010428,0.977679,1.000000e+00
1.0,98,1,0.009951,-0.000000,0.009951,0.981445,1.000000e+00
1.0,98,2,0.010375,-0.000000,0.010375,0.978516,1.000000e+00
1.0,98,3,0.010778,-0.000000,0.010778,0.979464,1.000000e+00
1.0,99,1,0.009755,-0.000000,0.009755,0.982910,1.000000e+00
1.0,99,2,0.011076,-0.000000,0.011076,0.977295,1.000000e+00
1.0,99,3,0.010156,-0.000000,0.010156,0.979167,1.000000e+00
1.0,100,1,0.010639,-0.000000,0.010639,0.980225,1.000000e+00
1.0,100,2,0.010528,-0.000000,0.010528,0.977539,1.000000e+00
1.0,100,3,0.009740,-0.000000,0.009740,0.982143,1.000000e+00
